Base path: 'C:/Program Files/Unity/Hub/Editor/6000.5.8f1/Editor/Data', plugins path 'C:/Program Files/Unity/Hub/Editor/6000.5.8f1/Editor/Data/PlaybackEngines', jobs: n
Cmd: initializeCompiler

Cmd: compileSnippet
  insize=8594 file=Packages/com.unity.render-pipelines.universal/Shaders/PostProcessing/FinalPost.shader name=Hidden/Universal Render Pipeline/FinalPost pass=FinalPostXR ppOnly=0 stripLineD=0 buildPlatform=19 rsLen=0 pKW=UNITY_ENABLE_REFLECTION_BUFFERS UNITY_USE_DITHER_MASK_FOR_ALPHABLENDED_SHADOWS UNITY_PBS_USE_BRDF1 UNITY_SPECCUBE_BOX_PROJECTION UNITY_SPECCUBE_BLENDING UNITY_ENABLE_DETAIL_NORMALMAP SHADER_API_DESKTOP UNITY_LIGHT_PROBE_PROXY_VOLUME UNITY_LIGHTMAP_FULL_HDR UNITY_PLATFORM_SUPPORTS_DEPTH_FETCH uKW= dKW=UNITY_NO_DXT5nm UNITY_FRAMEBUFFER_FETCH_AVAILABLE UNITY_METAL_SHADOWS_USE_POINT_FILTERING UNITY_NO_SCREENSPACE_SHADOWS UNITY_PBS_USE_BRDF2 UNITY_PBS_USE_BRDF3 UNITY_HARDWARE_TIER1 UNITY_HARDWARE_TIER2 UNITY_HARDWARE_TIER3 UNITY_COLORSPACE_GAMMA UNITY_LIGHTMAP_DLDR_ENCODING UNITY_LIGHTMAP_RGBM_ENCODING UNITY_VIRTUAL_TEXTURING UNITY_PRETRANSFORM_TO_DISPLAY_ORIENTATION UNITY_ASTC_NORMALMAP_ENCODING SHADER_API_GLES30 SHADER_API_GLES31 SHADER_API_GLES32 UNITY_UNIFIED_SHADER_PRECISION_MODEL flags=0 lang=3 type=Vertex platform=d3d11 reqs=33 mask=6 start=217
RunExternalCompiler: begin name=FXC
RunExternalCompiler: end
compileSnippet complete
 ok=1 outsize=642

Cmd: compileSnippet
  insize=3416 file=Packages/com.unity.render-pipelines.universal/Shaders/Utils/ClusterDeferred.shader name=Hidden/Universal Render Pipeline/ClusterDeferred pass=Deferred Clustered Lights (SimpleLit) ppOnly=0 stripLineD=0 buildPlatform=19 rsLen=0 pKW=UNITY_ENABLE_REFLECTION_BUFFERS UNITY_USE_DITHER_MASK_FOR_ALPHABLENDED_SHADOWS UNITY_PBS_USE_BRDF1 UNITY_SPECCUBE_BOX_PROJECTION UNITY_SPECCUBE_BLENDING UNITY_ENABLE_DETAIL_NORMALMAP SHADER_API_DESKTOP UNITY_LIGHT_PROBE_PROXY_VOLUME UNITY_LIGHTMAP_FULL_HDR UNITY_PLATFORM_SUPPORTS_DEPTH_FETCH uKW= dKW=_LIGHT_LAYERS UNITY_NO_DXT5nm UNITY_FRAMEBUFFER_FETCH_AVAILABLE UNITY_METAL_SHADOWS_USE_POINT_FILTERING UNITY_NO_SCREENSPACE_SHADOWS UNITY_PBS_USE_BRDF2 UNITY_PBS_USE_BRDF3 UNITY_HARDWARE_TIER1 UNITY_HARDWARE_TIER2 UNITY_HARDWARE_TIER3 UNITY_COLORSPACE_GAMMA UNITY_LIGHTMAP_DLDR_ENCODING UNITY_LIGHTMAP_RGBM_ENCODING UNITY_VIRTUAL_TEXTURING UNITY_PRETRANSFORM_TO_DISPLAY_ORIENTATION UNITY_ASTC_NORMALMAP_ENCODING SHADER_API_GLES30 SHADER_API_GLES31 SHADER_API_GLES32 UNITY_UNIFIED_SHADER_PRECISION_MODEL flags=0 lang=3 type=Vertex platform=d3d11 reqs=1101803 mask=6 start=104
RunExternalCompiler: begin name=FXC
RunExternalCompiler: end
compileSnippet complete
 ok=1 outsize=510

Cmd: compileSnippet
  insize=1487 file=Packages/com.unity.render-pipelines.universal/Shaders/Utils/ScreenSpaceAmbientOcclusion.shader name=Hidden/Universal Render Pipeline/ScreenSpaceAmbientOcclusion pass=SSAO_Gaussian_VerticalBlur_AfterOpaque ppOnly=0 stripLineD=0 buildPlatform=19 rsLen=0 pKW=UNITY_ENABLE_REFLECTION_BUFFERS UNITY_USE_DITHER_MASK_FOR_ALPHABLENDED_SHADOWS UNITY_PBS_USE_BRDF1 UNITY_SPECCUBE_BOX_PROJECTION UNITY_SPECCUBE_BLENDING UNITY_ENABLE_DETAIL_NORMALMAP SHADER_API_DESKTOP UNITY_LIGHT_PROBE_PROXY_VOLUME UNITY_LIGHTMAP_FULL_HDR UNITY_PLATFORM_SUPPORTS_DEPTH_FETCH uKW= dKW=UNITY_NO_DXT5nm UNITY_FRAMEBUFFER_FETCH_AVAILABLE UNITY_METAL_SHADOWS_USE_POINT_FILTERING UNITY_NO_SCREENSPACE_SHADOWS UNITY_PBS_USE_BRDF2 UNITY_PBS_USE_BRDF3 UNITY_HARDWARE_TIER1 UNITY_HARDWARE_TIER2 UNITY_HARDWARE_TIER3 UNITY_COLORSPACE_GAMMA UNITY_LIGHTMAP_DLDR_ENCODING UNITY_LIGHTMAP_RGBM_ENCODING UNITY_VIRTUAL_TEXTURING UNITY_PRETRANSFORM_TO_DISPLAY_ORIENTATION UNITY_ASTC_NORMALMAP_ENCODING SHADER_API_GLES30 SHADER_API_GLES31 SHADER_API_GLES32 UNITY_UNIFIED_SHADER_PRECISION_MODEL flags=0 lang=3 type=Vertex platform=d3d11 reqs=33 mask=6 start=158
RunExternalCompiler: begin name=FXC
RunExternalCompiler: end
compileSnippet complete
 ok=1 outsize=582

Cmd: compileSnippet
  insize=10958 file=Packages/com.unity.render-pipelines.universal/Runtime/RendererFeatures/OnTileUberPost.shader name=OnTileUberPost pass=OnTileUberPostMSSoftwareVisMesh ppOnly=0 stripLineD=0 buildPlatform=19 rsLen=0 pKW=UNITY_ENABLE_REFLECTION_BUFFERS UNITY_USE_DITHER_MASK_FOR_ALPHABLENDED_SHADOWS UNITY_PBS_USE_BRDF1 UNITY_SPECCUBE_BOX_PROJECTION UNITY_SPECCUBE_BLENDING UNITY_ENABLE_DETAIL_NORMALMAP SHADER_API_DESKTOP UNITY_LIGHT_PROBE_PROXY_VOLUME UNITY_LIGHTMAP_FULL_HDR UNITY_PLATFORM_SUPPORTS_DEPTH_FETCH uKW= dKW=_MSAA_2 _MSAA_4 UNITY_NO_DXT5nm UNITY_FRAMEBUFFER_FETCH_AVAILABLE UNITY_METAL_SHADOWS_USE_POINT_FILTERING UNITY_NO_SCREENSPACE_SHADOWS UNITY_PBS_USE_BRDF2 UNITY_PBS_USE_BRDF3 UNITY_HARDWARE_TIER1 UNITY_HARDWARE_TIER2 UNITY_HARDWARE_TIER3 UNITY_COLORSPACE_GAMMA UNITY_LIGHTMAP_DLDR_ENCODING UNITY_LIGHTMAP_RGBM_ENCODING UNITY_VIRTUAL_TEXTURING UNITY_PRETRANSFORM_TO_DISPLAY_ORIENTATION UNITY_ASTC_NORMALMAP_ENCODING SHADER_API_GLES30 SHADER_API_GLES31 SHADER_API_GLES32 UNITY_UNIFIED_SHADER_PRECISION_MODEL flags=0 lang=3 type=Vertex platform=d3d11 reqs=1101803 mask=6 start=300
RunExternalCompiler: begin name=FXC
RunExternalCompiler: end
compileSnippet complete
 ok=1 outsize=646

Cmd: compileSnippet
  insize=3199 file=Assets/TextMesh Pro/Shaders/TMP_Bitmap-Mobile.shader name=TextMeshPro/Mobile/Bitmap pass=<Unnamed Pass 0> ppOnly=0 stripLineD=0 buildPlatform=19 rsLen=0 pKW=UNITY_ENABLE_REFLECTION_BUFFERS UNITY_USE_DITHER_MASK_FOR_ALPHABLENDED_SHADOWS UNITY_PBS_USE_BRDF1 UNITY_SPECCUBE_BOX_PROJECTION UNITY_SPECCUBE_BLENDING UNITY_ENABLE_DETAIL_NORMALMAP SHADER_API_DESKTOP UNITY_LIGHT_PROBE_PROXY_VOLUME UNITY_LIGHTMAP_FULL_HDR UNITY_PLATFORM_SUPPORTS_DEPTH_FETCH uKW= dKW=UNITY_UI_CLIP_RECT UNITY_UI_ALPHACLIP UNITY_NO_DXT5nm UNITY_FRAMEBUFFER_FETCH_AVAILABLE UNITY_METAL_SHADOWS_USE_POINT_FILTERING UNITY_NO_SCREENSPACE_SHADOWS UNITY_PBS_USE_BRDF2 UNITY_PBS_USE_BRDF3 UNITY_HARDWARE_TIER1 UNITY_HARDWARE_TIER2 UNITY_HARDWARE_TIER3 UNITY_COLORSPACE_GAMMA UNITY_LIGHTMAP_DLDR_ENCODING UNITY_LIGHTMAP_RGBM_ENCODING UNITY_VIRTUAL_TEXTURING UNITY_PRETRANSFORM_TO_DISPLAY_ORIENTATION UNITY_ASTC_NORMALMAP_ENCODING SHADER_API_GLES30 SHADER_API_GLES31 SHADER_API_GLES32 UNITY_UNIFIED_SHADER_PRECISION_MODEL flags=0 lang=0 type=Fragment platform=d3d11 reqs=33 mask=6 start=48
RunExternalCompiler: begin name=FXC
RunExternalCompiler: end
compileSnippet complete
 ok=1 outsize=450

Cmd: compileSnippet
  insize=8407 file=Packages/com.unity.render-pipelines.universal/Shaders/PostProcessing/GaussianDepthOfField.shader name=Hidden/Universal Render Pipeline/GaussianDepthOfField pass=Gaussian Depth Of Field CoC ppOnly=0 stripLineD=0 buildPlatform=19 rsLen=0 pKW=UNITY_ENABLE_REFLECTION_BUFFERS UNITY_USE_DITHER_MASK_FOR_ALPHABLENDED_SHADOWS UNITY_PBS_USE_BRDF1 UNITY_SPECCUBE_BOX_PROJECTION UNITY_SPECCUBE_BLENDING UNITY_ENABLE_DETAIL_NORMALMAP SHADER_API_DESKTOP UNITY_LIGHT_PROBE_PROXY_VOLUME UNITY_LIGHTMAP_FULL_HDR UNITY_PLATFORM_SUPPORTS_DEPTH_FETCH uKW= dKW=UNITY_NO_DXT5nm UNITY_FRAMEBUFFER_FETCH_AVAILABLE UNITY_METAL_SHADOWS_USE_POINT_FILTERING UNITY_NO_SCREENSPACE_SHADOWS UNITY_PBS_USE_BRDF2 UNITY_PBS_USE_BRDF3 UNITY_HARDWARE_TIER1 UNITY_HARDWARE_TIER2 UNITY_HARDWARE_TIER3 UNITY_COLORSPACE_GAMMA UNITY_LIGHTMAP_DLDR_ENCODING UNITY_LIGHTMAP_RGBM_ENCODING UNITY_VIRTUAL_TEXTURING UNITY_PRETRANSFORM_TO_DISPLAY_ORIENTATION UNITY_ASTC_NORMALMAP_ENCODING SHADER_API_GLES30 SHADER_API_GLES31 SHADER_API_GLES32 UNITY_UNIFIED_SHADER_PRECISION_MODEL flags=0 lang=3 type=Vertex platform=d3d11 reqs=4075 mask=6 start=237
RunExternalCompiler: begin name=FXC
RunExternalCompiler: end
compileSnippet complete
 ok=1 outsize=582

Cmd: compileSnippet
  insize=8715 file=Packages/com.unity.render-pipelines.universal/Shaders/PostProcessing/GaussianDepthOfField.shader name=Hidden/Universal Render Pipeline/GaussianDepthOfField pass=Gaussian Depth Of Field Composite ppOnly=0 stripLineD=0 buildPlatform=19 rsLen=0 pKW=UNITY_ENABLE_REFLECTION_BUFFERS UNITY_USE_DITHER_MASK_FOR_ALPHABLENDED_SHADOWS UNITY_PBS_USE_BRDF1 UNITY_SPECCUBE_BOX_PROJECTION UNITY_SPECCUBE_BLENDING UNITY_ENABLE_DETAIL_NORMALMAP SHADER_API_DESKTOP UNITY_LIGHT_PROBE_PROXY_VOLUME UNITY_LIGHTMAP_FULL_HDR UNITY_PLATFORM_SUPPORTS_DEPTH_FETCH uKW= dKW=_ENABLE_ALPHA_OUTPUT _HIGH_QUALITY_SAMPLING UNITY_NO_DXT5nm UNITY_FRAMEBUFFER_FETCH_AVAILABLE UNITY_METAL_SHADOWS_USE_POINT_FILTERING UNITY_NO_SCREENSPACE_SHADOWS UNITY_PBS_USE_BRDF2 UNITY_PBS_USE_BRDF3 UNITY_HARDWARE_TIER1 UNITY_HARDWARE_TIER2 UNITY_HARDWARE_TIER3 UNITY_COLORSPACE_GAMMA UNITY_LIGHTMAP_DLDR_ENCODING UNITY_LIGHTMAP_RGBM_ENCODING UNITY_VIRTUAL_TEXTURING UNITY_PRETRANSFORM_TO_DISPLAY_ORIENTATION UNITY_ASTC_NORMALMAP_ENCODING SHADER_API_GLES30 SHADER_API_GLES31 SHADER_API_GLES32 UNITY_UNIFIED_SHADER_PRECISION_MODEL flags=0 lang=3 type=Fragment platform=d3d11 reqs=4075 mask=6 start=283
RunExternalCompiler: begin name=FXC
RunExternalCompiler: end
compileSnippet complete
 ok=1 outsize=838

Cmd: compileSnippet
  insize=2872 file=Packages/com.unity.xr.arfoundation/Assets/Shaders/SimulationLegacySynthetic.shader name=Hidden/Simulation/Legacy/Synthetic pass=DEFERRED ppOnly=0 stripLineD=0 buildPlatform=19 rsLen=0 pKW=UNITY_ENABLE_REFLECTION_BUFFERS UNITY_USE_DITHER_MASK_FOR_ALPHABLENDED_SHADOWS UNITY_PBS_USE_BRDF1 UNITY_SPECCUBE_BOX_PROJECTION UNITY_SPECCUBE_BLENDING UNITY_ENABLE_DETAIL_NORMALMAP SHADER_API_DESKTOP UNITY_LIGHT_PROBE_PROXY_VOLUME UNITY_LIGHTMAP_FULL_HDR UNITY_PLATFORM_SUPPORTS_DEPTH_FETCH UNITY_PASS_DEFERRED uKW= dKW=_NORMALMAP _ALPHATEST_ON _ALPHABLEND_ON _ALPHAPREMULTIPLY_ON _EMISSION _METALLICGLOSSMAP _SMOOTHNESS_TEXTURE_ALBEDO_CHANNEL_A _SPECULARHIGHLIGHTS_OFF _DETAIL_MULX2 _PARALLAXMAP INSTANCING_ON LIGHTPROBE_SH DYNAMICLIGHTMAP_ON SHADOWS_SHADOWMASK LIGHTMAP_ON DIRLIGHTMAP_COMBINED UNITY_HDR_ON UNITY_NO_DXT5nm UNITY_FRAMEBUFFER_FETCH_AVAILABLE UNITY_METAL_SHADOWS_USE_POINT_FILTERING UNITY_NO_SCREENSPACE_SHADOWS UNITY_PBS_USE_BRDF2 UNITY_PBS_USE_BRDF3 UNITY_HARDWARE_TIER1 UNITY_HARDWARE_TIER2 UNITY_HARDWARE_TIER3 UNITY_COLORSPACE_GAMMA UNITY_LIGHTMAP_DLDR_ENCODING UNITY_LIGHTMAP_RGBM_ENCODING UNITY_VIRTUAL_TEXTURING UNITY_PRETRANSFORM_TO_DISPLAY_ORIENTATION UNITY_ASTC_NORMALMAP_ENCODING SHADER_API_GLES30 SHADER_API_GLES31 SHADER_API_GLES32 UNITY_UNIFIED_SHADER_PRECISION_MODEL flags=0 lang=0 type=Vertex platform=d3d11 reqs=227 mask=6 start=182
RunExternalCompiler: begin name=FXC
RunExternalCompiler: end
compileSnippet complete
 ok=1 outsize=1582

Cmd: compileSnippet
  insize=1668 file=Packages/com.unity.xr.arfoundation/Assets/Shaders/SimulationLegacySynthetic.shader name=Hidden/Simulation/Legacy/Synthetic pass=META ppOnly=0 stripLineD=0 buildPlatform=19 rsLen=0 pKW=UNITY_ENABLE_REFLECTION_BUFFERS UNITY_USE_DITHER_MASK_FOR_ALPHABLENDED_SHADOWS UNITY_PBS_USE_BRDF1 UNITY_SPECCUBE_BOX_PROJECTION UNITY_SPECCUBE_BLENDING UNITY_ENABLE_DETAIL_NORMALMAP SHADER_API_DESKTOP UNITY_LIGHT_PROBE_PROXY_VOLUME UNITY_LIGHTMAP_FULL_HDR UNITY_PLATFORM_SUPPORTS_DEPTH_FETCH UNITY_PASS_META uKW= dKW=_EMISSION _METALLICGLOSSMAP _SMOOTHNESS_TEXTURE_ALBEDO_CHANNEL_A _DETAIL_MULX2 EDITOR_VISUALIZATION UNITY_NO_DXT5nm UNITY_FRAMEBUFFER_FETCH_AVAILABLE UNITY_METAL_SHADOWS_USE_POINT_FILTERING UNITY_NO_SCREENSPACE_SHADOWS UNITY_PBS_USE_BRDF2 UNITY_PBS_USE_BRDF3 UNITY_HARDWARE_TIER1 UNITY_HARDWARE_TIER2 UNITY_HARDWARE_TIER3 UNITY_COLORSPACE_GAMMA UNITY_LIGHTMAP_DLDR_ENCODING UNITY_LIGHTMAP_RGBM_ENCODING UNITY_VIRTUAL_TEXTURING UNITY_PRETRANSFORM_TO_DISPLAY_ORIENTATION UNITY_ASTC_NORMALMAP_ENCODING SHADER_API_GLES30 SHADER_API_GLES31 SHADER_API_GLES32 UNITY_UNIFIED_SHADER_PRECISION_MODEL flags=0 lang=0 type=Fragment platform=d3d11 reqs=33 mask=6 start=220
RunExternalCompiler: begin name=FXC
RunExternalCompiler: end
compileSnippet complete
 ok=1 outsize=966

Cmd: compileSnippet
  insize=1431 file=Packages/com.unity.render-pipelines.universal/Shaders/2D/RenderAs2D-Flattening.shader name=2D/RenderAs2D-Flattening pass=<Unnamed Pass 2> ppOnly=0 stripLineD=0 buildPlatform=19 rsLen=0 pKW=UNITY_ENABLE_REFLECTION_BUFFERS UNITY_USE_DITHER_MASK_FOR_ALPHABLENDED_SHADOWS UNITY_PBS_USE_BRDF1 UNITY_SPECCUBE_BOX_PROJECTION UNITY_SPECCUBE_BLENDING UNITY_ENABLE_DETAIL_NORMALMAP SHADER_API_DESKTOP UNITY_LIGHT_PROBE_PROXY_VOLUME UNITY_LIGHTMAP_FULL_HDR UNITY_PLATFORM_SUPPORTS_DEPTH_FETCH uKW= dKW=UNITY_NO_DXT5nm UNITY_FRAMEBUFFER_FETCH_AVAILABLE UNITY_METAL_SHADOWS_USE_POINT_FILTERING UNITY_NO_SCREENSPACE_SHADOWS UNITY_PBS_USE_BRDF2 UNITY_PBS_USE_BRDF3 UNITY_HARDWARE_TIER1 UNITY_HARDWARE_TIER2 UNITY_HARDWARE_TIER3 UNITY_COLORSPACE_GAMMA UNITY_LIGHTMAP_DLDR_ENCODING UNITY_LIGHTMAP_RGBM_ENCODING UNITY_VIRTUAL_TEXTURING UNITY_PRETRANSFORM_TO_DISPLAY_ORIENTATION UNITY_ASTC_NORMALMAP_ENCODING SHADER_API_GLES30 SHADER_API_GLES31 SHADER_API_GLES32 UNITY_UNIFIED_SHADER_PRECISION_MODEL flags=0 lang=3 type=Fragment platform=d3d11 reqs=33 mask=6 start=146
RunExternalCompiler: begin name=FXC
RunExternalCompiler: end
compileSnippet complete
 ok=1 outsize=250

Cmd: compileSnippet
  insize=5864 file=Packages/com.unity.render-pipelines.universal/Shaders/PostProcessing/CameraMotionBlur.shader name=Hidden/Universal Render Pipeline/CameraMotionBlur pass=Camera And Object Motion Blur - Medium Quality ppOnly=0 stripLineD=0 buildPlatform=19 rsLen=0 pKW=UNITY_ENABLE_REFLECTION_BUFFERS UNITY_USE_DITHER_MASK_FOR_ALPHABLENDED_SHADOWS UNITY_PBS_USE_BRDF1 UNITY_SPECCUBE_BOX_PROJECTION UNITY_SPECCUBE_BLENDING UNITY_ENABLE_DETAIL_NORMALMAP SHADER_API_DESKTOP UNITY_LIGHT_PROBE_PROXY_VOLUME UNITY_LIGHTMAP_FULL_HDR UNITY_PLATFORM_SUPPORTS_DEPTH_FETCH uKW= dKW=UNITY_NO_DXT5nm UNITY_FRAMEBUFFER_FETCH_AVAILABLE UNITY_METAL_SHADOWS_USE_POINT_FILTERING UNITY_NO_SCREENSPACE_SHADOWS UNITY_PBS_USE_BRDF2 UNITY_PBS_USE_BRDF3 UNITY_HARDWARE_TIER1 UNITY_HARDWARE_TIER2 UNITY_HARDWARE_TIER3 UNITY_COLORSPACE_GAMMA UNITY_LIGHTMAP_DLDR_ENCODING UNITY_LIGHTMAP_RGBM_ENCODING UNITY_VIRTUAL_TEXTURING UNITY_PRETRANSFORM_TO_DISPLAY_ORIENTATION UNITY_ASTC_NORMALMAP_ENCODING SHADER_API_GLES30 SHADER_API_GLES31 SHADER_API_GLES32 UNITY_UNIFIED_SHADER_PRECISION_MODEL flags=0 lang=3 type=Vertex platform=d3d11 reqs=33 mask=6 start=204
RunExternalCompiler: begin name=FXC
RunExternalCompiler: end
compileSnippet complete
 ok=1 outsize=662

Cmd: compileSnippet
  insize=3187 file=Packages/com.unity.render-pipelines.universal/Shaders/XR/XRMotionVector.shader name=Hidden/Universal Render Pipeline/XR/XRMotionVector pass=XR Camera MotionVectors ppOnly=0 stripLineD=0 buildPlatform=19 rsLen=0 pKW=UNITY_ENABLE_REFLECTION_BUFFERS UNITY_USE_DITHER_MASK_FOR_ALPHABLENDED_SHADOWS UNITY_PBS_USE_BRDF1 UNITY_SPECCUBE_BOX_PROJECTION UNITY_SPECCUBE_BLENDING UNITY_ENABLE_DETAIL_NORMALMAP SHADER_API_DESKTOP UNITY_LIGHT_PROBE_PROXY_VOLUME UNITY_LIGHTMAP_FULL_HDR UNITY_PLATFORM_SUPPORTS_DEPTH_FETCH uKW= dKW=UNITY_NO_DXT5nm UNITY_FRAMEBUFFER_FETCH_AVAILABLE UNITY_METAL_SHADOWS_USE_POINT_FILTERING UNITY_NO_SCREENSPACE_SHADOWS UNITY_PBS_USE_BRDF2 UNITY_PBS_USE_BRDF3 UNITY_HARDWARE_TIER1 UNITY_HARDWARE_TIER2 UNITY_HARDWARE_TIER3 UNITY_COLORSPACE_GAMMA UNITY_LIGHTMAP_DLDR_ENCODING UNITY_LIGHTMAP_RGBM_ENCODING UNITY_VIRTUAL_TEXTURING UNITY_PRETRANSFORM_TO_DISPLAY_ORIENTATION UNITY_ASTC_NORMALMAP_ENCODING SHADER_API_GLES30 SHADER_API_GLES31 SHADER_API_GLES32 UNITY_UNIFIED_SHADER_PRECISION_MODEL flags=0 lang=3 type=Vertex platform=d3d11 reqs=4075 mask=6 start=27
RunExternalCompiler: begin name=FXC
RunExternalCompiler: end
compileSnippet complete
 ok=1 outsize=982

Cmd: compileSnippet
  insize=1841 file=Packages/com.unity.render-pipelines.universal/Shaders/Utils/CoreBlit.shader name=Hidden/Universal/CoreBlit pass=Bilinear ppOnly=0 stripLineD=0 buildPlatform=19 rsLen=0 pKW=UNITY_ENABLE_REFLECTION_BUFFERS UNITY_USE_DITHER_MASK_FOR_ALPHABLENDED_SHADOWS UNITY_PBS_USE_BRDF1 UNITY_SPECCUBE_BOX_PROJECTION UNITY_SPECCUBE_BLENDING UNITY_ENABLE_DETAIL_NORMALMAP SHADER_API_DESKTOP UNITY_LIGHT_PROBE_PROXY_VOLUME UNITY_LIGHTMAP_FULL_HDR UNITY_PLATFORM_SUPPORTS_DEPTH_FETCH uKW= dKW=UNITY_NO_DXT5nm UNITY_FRAMEBUFFER_FETCH_AVAILABLE UNITY_METAL_SHADOWS_USE_POINT_FILTERING UNITY_NO_SCREENSPACE_SHADOWS UNITY_PBS_USE_BRDF2 UNITY_PBS_USE_BRDF3 UNITY_HARDWARE_TIER1 UNITY_HARDWARE_TIER2 UNITY_HARDWARE_TIER3 UNITY_COLORSPACE_GAMMA UNITY_LIGHTMAP_DLDR_ENCODING UNITY_LIGHTMAP_RGBM_ENCODING UNITY_VIRTUAL_TEXTURING UNITY_PRETRANSFORM_TO_DISPLAY_ORIENTATION UNITY_ASTC_NORMALMAP_ENCODING SHADER_API_GLES30 SHADER_API_GLES31 SHADER_API_GLES32 UNITY_UNIFIED_SHADER_PRECISION_MODEL flags=0 lang=3 type=Vertex platform=d3d11 reqs=1 mask=6 start=61
RunExternalCompiler: begin name=FXC
RunExternalCompiler: end
compileSnippet complete
 ok=1 outsize=582

Cmd: compileSnippet
  insize=1870 file=Packages/com.unity.render-pipelines.universal/Shaders/Utils/CoreBlit.shader name=Hidden/Universal/CoreBlit pass=BilinearQuadPaddingOctahedral ppOnly=0 stripLineD=0 buildPlatform=19 rsLen=0 pKW=UNITY_ENABLE_REFLECTION_BUFFERS UNITY_USE_DITHER_MASK_FOR_ALPHABLENDED_SHADOWS UNITY_PBS_USE_BRDF1 UNITY_SPECCUBE_BOX_PROJECTION UNITY_SPECCUBE_BLENDING UNITY_ENABLE_DETAIL_NORMALMAP SHADER_API_DESKTOP UNITY_LIGHT_PROBE_PROXY_VOLUME UNITY_LIGHTMAP_FULL_HDR UNITY_PLATFORM_SUPPORTS_DEPTH_FETCH uKW= dKW=UNITY_NO_DXT5nm UNITY_FRAMEBUFFER_FETCH_AVAILABLE UNITY_METAL_SHADOWS_USE_POINT_FILTERING UNITY_NO_SCREENSPACE_SHADOWS UNITY_PBS_USE_BRDF2 UNITY_PBS_USE_BRDF3 UNITY_HARDWARE_TIER1 UNITY_HARDWARE_TIER2 UNITY_HARDWARE_TIER3 UNITY_COLORSPACE_GAMMA UNITY_LIGHTMAP_DLDR_ENCODING UNITY_LIGHTMAP_RGBM_ENCODING UNITY_VIRTUAL_TEXTURING UNITY_PRETRANSFORM_TO_DISPLAY_ORIENTATION UNITY_ASTC_NORMALMAP_ENCODING SHADER_API_GLES30 SHADER_API_GLES31 SHADER_API_GLES32 UNITY_UNIFIED_SHADER_PRECISION_MODEL flags=0 lang=3 type=Vertex platform=d3d11 reqs=1 mask=6 start=145
RunExternalCompiler: begin name=FXC
RunExternalCompiler: end
compileSnippet complete
 ok=1 outsize=970

Cmd: compileSnippet
  insize=1911 file=Packages/com.unity.render-pipelines.universal/Shaders/Utils/CoreBlit.shader name=Hidden/Universal/CoreBlit pass=BilinearQuadPaddingAlphaBlendOctahedral ppOnly=0 stripLineD=0 buildPlatform=19 rsLen=0 pKW=UNITY_ENABLE_REFLECTION_BUFFERS UNITY_USE_DITHER_MASK_FOR_ALPHABLENDED_SHADOWS UNITY_PBS_USE_BRDF1 UNITY_SPECCUBE_BOX_PROJECTION UNITY_SPECCUBE_BLENDING UNITY_ENABLE_DETAIL_NORMALMAP SHADER_API_DESKTOP UNITY_LIGHT_PROBE_PROXY_VOLUME UNITY_LIGHTMAP_FULL_HDR UNITY_PLATFORM_SUPPORTS_DEPTH_FETCH uKW= dKW=UNITY_NO_DXT5nm UNITY_FRAMEBUFFER_FETCH_AVAILABLE UNITY_METAL_SHADOWS_USE_POINT_FILTERING UNITY_NO_SCREENSPACE_SHADOWS UNITY_PBS_USE_BRDF2 UNITY_PBS_USE_BRDF3 UNITY_HARDWARE_TIER1 UNITY_HARDWARE_TIER2 UNITY_HARDWARE_TIER3 UNITY_COLORSPACE_GAMMA UNITY_LIGHTMAP_DLDR_ENCODING UNITY_LIGHTMAP_RGBM_ENCODING UNITY_VIRTUAL_TEXTURING UNITY_PRETRANSFORM_TO_DISPLAY_ORIENTATION UNITY_ASTC_NORMALMAP_ENCODING SHADER_API_GLES30 SHADER_API_GLES31 SHADER_API_GLES32 UNITY_UNIFIED_SHADER_PRECISION_MODEL flags=0 lang=3 type=Vertex platform=d3d11 reqs=1 mask=6 start=210
RunExternalCompiler: begin name=FXC
RunExternalCompiler: end
compileSnippet complete
 ok=1 outsize=970

Cmd: compileSnippet
  insize=1865 file=Packages/com.unity.render-pipelines.universal/Shaders/Utils/CoreBlit.shader name=Hidden/Universal/CoreBlit pass=CubeToOctahedralRed ppOnly=0 stripLineD=0 buildPlatform=19 rsLen=0 pKW=UNITY_ENABLE_REFLECTION_BUFFERS UNITY_USE_DITHER_MASK_FOR_ALPHABLENDED_SHADOWS UNITY_PBS_USE_BRDF1 UNITY_SPECCUBE_BOX_PROJECTION UNITY_SPECCUBE_BLENDING UNITY_ENABLE_DETAIL_NORMALMAP SHADER_API_DESKTOP UNITY_LIGHT_PROBE_PROXY_VOLUME UNITY_LIGHTMAP_FULL_HDR UNITY_PLATFORM_SUPPORTS_DEPTH_FETCH uKW= dKW=UNITY_NO_DXT5nm UNITY_FRAMEBUFFER_FETCH_AVAILABLE UNITY_METAL_SHADOWS_USE_POINT_FILTERING UNITY_NO_SCREENSPACE_SHADOWS UNITY_PBS_USE_BRDF2 UNITY_PBS_USE_BRDF3 UNITY_HARDWARE_TIER1 UNITY_HARDWARE_TIER2 UNITY_HARDWARE_TIER3 UNITY_COLORSPACE_GAMMA UNITY_LIGHTMAP_DLDR_ENCODING UNITY_LIGHTMAP_RGBM_ENCODING UNITY_VIRTUAL_TEXTURING UNITY_PRETRANSFORM_TO_DISPLAY_ORIENTATION UNITY_ASTC_NORMALMAP_ENCODING SHADER_API_GLES30 SHADER_API_GLES31 SHADER_API_GLES32 UNITY_UNIFIED_SHADER_PRECISION_MODEL flags=0 lang=3 type=Fragment platform=d3d11 reqs=1 mask=6 start=259
RunExternalCompiler: begin name=FXC
RunExternalCompiler: end
compileSnippet complete
 ok=1 outsize=826

Cmd: compileSnippet
  insize=2121 file=Packages/com.unity.render-pipelines.universal/Shaders/Utils/CoreBlit.shader name=Hidden/Universal/CoreBlit pass=BilinearCubeToOctahedralPadding ppOnly=0 stripLineD=0 buildPlatform=19 rsLen=0 pKW=UNITY_ENABLE_REFLECTION_BUFFERS UNITY_USE_DITHER_MASK_FOR_ALPHABLENDED_SHADOWS UNITY_PBS_USE_BRDF1 UNITY_SPECCUBE_BOX_PROJECTION UNITY_SPECCUBE_BLENDING UNITY_ENABLE_DETAIL_NORMALMAP SHADER_API_DESKTOP UNITY_LIGHT_PROBE_PROXY_VOLUME UNITY_LIGHTMAP_FULL_HDR UNITY_PLATFORM_SUPPORTS_DEPTH_FETCH uKW= dKW=BLIT_DECODE_HDR UNITY_NO_DXT5nm UNITY_FRAMEBUFFER_FETCH_AVAILABLE UNITY_METAL_SHADOWS_USE_POINT_FILTERING UNITY_NO_SCREENSPACE_SHADOWS UNITY_PBS_USE_BRDF2 UNITY_PBS_USE_BRDF3 UNITY_HARDWARE_TIER1 UNITY_HARDWARE_TIER2 UNITY_HARDWARE_TIER3 UNITY_COLORSPACE_GAMMA UNITY_LIGHTMAP_DLDR_ENCODING UNITY_LIGHTMAP_RGBM_ENCODING UNITY_VIRTUAL_TEXTURING UNITY_PRETRANSFORM_TO_DISPLAY_ORIENTATION UNITY_ASTC_NORMALMAP_ENCODING SHADER_API_GLES30 SHADER_API_GLES31 SHADER_API_GLES32 UNITY_UNIFIED_SHADER_PRECISION_MODEL flags=0 lang=3 type=Fragment platform=d3d11 reqs=1 mask=6 start=320
RunExternalCompiler: begin name=FXC
RunExternalCompiler: end
compileSnippet complete
 ok=1 outsize=1418

Cmd: compileSnippet
  insize=44259 file=Assets/TextMesh Pro/Shaders/TMP_SDF-Surface.shader name=TextMeshPro/Distance Field (Surface) pass=FORWARD ppOnly=0 stripLineD=0 buildPlatform=19 rsLen=0 pKW=UNITY_ENABLE_REFLECTION_BUFFERS UNITY_USE_DITHER_MASK_FOR_ALPHABLENDED_SHADOWS UNITY_PBS_USE_BRDF1 UNITY_SPECCUBE_BOX_PROJECTION UNITY_SPECCUBE_BLENDING UNITY_ENABLE_DETAIL_NORMALMAP SHADER_API_DESKTOP UNITY_LIGHT_PROBE_PROXY_VOLUME UNITY_LIGHTMAP_FULL_HDR UNITY_PLATFORM_SUPPORTS_DEPTH_FETCH UNITY_PASS_FORWARDBASE uKW=DIRECTIONAL dKW=GLOW_ON INSTANCING_ON FOG_LINEAR FOG_EXP FOG_EXP2 LIGHTPROBE_SH UNITY_NO_DXT5nm UNITY_FRAMEBUFFER_FETCH_AVAILABLE UNITY_METAL_SHADOWS_USE_POINT_FILTERING UNITY_NO_SCREENSPACE_SHADOWS UNITY_PBS_USE_BRDF2 UNITY_PBS_USE_BRDF3 UNITY_HARDWARE_TIER1 UNITY_HARDWARE_TIER2 UNITY_HARDWARE_TIER3 UNITY_COLORSPACE_GAMMA UNITY_LIGHTMAP_DLDR_ENCODING UNITY_LIGHTMAP_RGBM_ENCODING UNITY_VIRTUAL_TEXTURING UNITY_PRETRANSFORM_TO_DISPLAY_ORIENTATION UNITY_ASTC_NORMALMAP_ENCODING SHADER_API_GLES30 SHADER_API_GLES31 SHADER_API_GLES32 UNITY_UNIFIED_SHADER_PRECISION_MODEL flags=0 lang=0 type=Fragment platform=d3d11 reqs=227 mask=6 start=87
RunExternalCompiler: begin name=FXC
RunExternalCompiler: end
compileSnippet complete
 ok=1 outsize=6666

Cmd: compileSnippet
  insize=6970 file=Packages/com.unity.xr.arfoundation/Assets/Shaders/SoftOcclusionPreprocessing.shader name=Occlusion/Soft/DepthPreprocessing pass=Environment Depth Preprocessing Pass ppOnly=0 stripLineD=0 buildPlatform=19 rsLen=0 pKW=UNITY_ENABLE_REFLECTION_BUFFERS UNITY_USE_DITHER_MASK_FOR_ALPHABLENDED_SHADOWS UNITY_PBS_USE_BRDF1 UNITY_SPECCUBE_BOX_PROJECTION UNITY_SPECCUBE_BLENDING UNITY_ENABLE_DETAIL_NORMALMAP SHADER_API_DESKTOP UNITY_LIGHT_PROBE_PROXY_VOLUME UNITY_LIGHTMAP_FULL_HDR UNITY_PLATFORM_SUPPORTS_DEPTH_FETCH uKW= dKW=XR_LINEAR_DEPTH UNITY_NO_DXT5nm UNITY_FRAMEBUFFER_FETCH_AVAILABLE UNITY_METAL_SHADOWS_USE_POINT_FILTERING UNITY_NO_SCREENSPACE_SHADOWS UNITY_PBS_USE_BRDF2 UNITY_PBS_USE_BRDF3 UNITY_HARDWARE_TIER1 UNITY_HARDWARE_TIER2 UNITY_HARDWARE_TIER3 UNITY_COLORSPACE_GAMMA UNITY_LIGHTMAP_DLDR_ENCODING UNITY_LIGHTMAP_RGBM_ENCODING UNITY_VIRTUAL_TEXTURING UNITY_PRETRANSFORM_TO_DISPLAY_ORIENTATION UNITY_ASTC_NORMALMAP_ENCODING SHADER_API_GLES30 SHADER_API_GLES31 SHADER_API_GLES32 UNITY_UNIFIED_SHADER_PRECISION_MODEL flags=0 lang=0 type=Fragment platform=d3d11 reqs=1101803 mask=6 start=11
RunExternalCompiler: begin name=FXC
RunExternalCompiler: end
compileSnippet complete
 ok=1 outsize=4198

Cmd: compileSnippet
  insize=1031 file=Packages/com.unity.render-pipelines.universal/Shaders/ObjectMotionVectorFallback.shader name=Hidden/Universal Render Pipeline/ObjectMotionVectorFallback pass=MotionVectors ppOnly=0 stripLineD=0 buildPlatform=19 rsLen=0 pKW=UNITY_ENABLE_REFLECTION_BUFFERS UNITY_USE_DITHER_MASK_FOR_ALPHABLENDED_SHADOWS UNITY_PBS_USE_BRDF1 UNITY_SPECCUBE_BOX_PROJECTION UNITY_SPECCUBE_BLENDING UNITY_ENABLE_DETAIL_NORMALMAP SHADER_API_DESKTOP UNITY_LIGHT_PROBE_PROXY_VOLUME UNITY_LIGHTMAP_FULL_HDR UNITY_PLATFORM_SUPPORTS_DEPTH_FETCH UNITY_PASS_MOTIONVECTORS uKW= dKW=DOTS_INSTANCING_ON INSTANCING_ON UNITY_NO_DXT5nm UNITY_FRAMEBUFFER_FETCH_AVAILABLE UNITY_METAL_SHADOWS_USE_POINT_FILTERING UNITY_NO_SCREENSPACE_SHADOWS UNITY_PBS_USE_BRDF2 UNITY_PBS_USE_BRDF3 UNITY_HARDWARE_TIER1 UNITY_HARDWARE_TIER2 UNITY_HARDWARE_TIER3 UNITY_COLORSPACE_GAMMA UNITY_LIGHTMAP_DLDR_ENCODING UNITY_LIGHTMAP_RGBM_ENCODING UNITY_VIRTUAL_TEXTURING UNITY_PRETRANSFORM_TO_DISPLAY_ORIENTATION UNITY_ASTC_NORMALMAP_ENCODING SHADER_API_GLES30 SHADER_API_GLES31 SHADER_API_GLES32 UNITY_UNIFIED_SHADER_PRECISION_MODEL flags=0 lang=3 type=Fragment platform=d3d11 reqs=4075 mask=6 start=12
RunExternalCompiler: begin name=FXC
RunExternalCompiler: end
compileSnippet complete
 ok=1 outsize=646

Cmd: compileSnippet
  insize=1532 file=Packages/com.unity.render-pipelines.universal/Shaders/2D/Shadow2D-Projected.shader name=Hidden/ShadowProjected2D pass=Projected Shadow (R) ppOnly=0 stripLineD=0 buildPlatform=19 rsLen=0 pKW=UNITY_ENABLE_REFLECTION_BUFFERS UNITY_USE_DITHER_MASK_FOR_ALPHABLENDED_SHADOWS UNITY_PBS_USE_BRDF1 UNITY_SPECCUBE_BOX_PROJECTION UNITY_SPECCUBE_BLENDING UNITY_ENABLE_DETAIL_NORMALMAP SHADER_API_DESKTOP UNITY_LIGHT_PROBE_PROXY_VOLUME UNITY_LIGHTMAP_FULL_HDR UNITY_PLATFORM_SUPPORTS_DEPTH_FETCH uKW= dKW=UNITY_NO_DXT5nm UNITY_FRAMEBUFFER_FETCH_AVAILABLE UNITY_METAL_SHADOWS_USE_POINT_FILTERING UNITY_NO_SCREENSPACE_SHADOWS UNITY_PBS_USE_BRDF2 UNITY_PBS_USE_BRDF3 UNITY_HARDWARE_TIER1 UNITY_HARDWARE_TIER2 UNITY_HARDWARE_TIER3 UNITY_COLORSPACE_GAMMA UNITY_LIGHTMAP_DLDR_ENCODING UNITY_LIGHTMAP_RGBM_ENCODING UNITY_VIRTUAL_TEXTURING UNITY_PRETRANSFORM_TO_DISPLAY_ORIENTATION UNITY_ASTC_NORMALMAP_ENCODING SHADER_API_GLES30 SHADER_API_GLES31 SHADER_API_GLES32 UNITY_UNIFIED_SHADER_PRECISION_MODEL flags=0 lang=3 type=Fragment platform=d3d11 reqs=33 mask=6 start=33
RunExternalCompiler: begin name=FXC
RunExternalCompiler: end
compileSnippet complete
 ok=1 outsize=558

Cmd: compileSnippet
  insize=4764 file=Packages/com.unity.render-pipelines.universal/Shaders/Nature/SpeedTree7.shader name=Universal Render Pipeline/Nature/SpeedTree7 pass=GBuffer ppOnly=0 stripLineD=0 buildPlatform=19 rsLen=0 pKW=UNITY_ENABLE_REFLECTION_BUFFERS UNITY_USE_DITHER_MASK_FOR_ALPHABLENDED_SHADOWS UNITY_PBS_USE_BRDF1 UNITY_SPECCUBE_BOX_PROJECTION UNITY_SPECCUBE_BLENDING UNITY_ENABLE_DETAIL_NORMALMAP SHADER_API_DESKTOP UNITY_LIGHT_PROBE_PROXY_VOLUME UNITY_LIGHTMAP_FULL_HDR UNITY_PLATFORM_SUPPORTS_DEPTH_FETCH uKW=LOD_FADE_PERCENTAGE GEOM_TYPE_BRANCH dKW=_MAIN_LIGHT_SHADOWS _MAIN_LIGHT_SHADOWS_CASCADE _MAIN_LIGHT_SHADOWS_SCREEN LOD_FADE_CROSSFADE EVALUATE_SH_MIXED EVALUATE_SH_VERTEX PROBE_VOLUMES_L1 PROBE_VOLUMES_L2 INSTANCING_ON GEOM_TYPE_BRANCH_DETAIL GEOM_TYPE_FROND GEOM_TYPE_LEAF GEOM_TYPE_MESH EFFECT_BUMP EFFECT_HUE_VARIATION UNITY_NO_DXT5nm UNITY_FRAMEBUFFER_FETCH_AVAILABLE UNITY_METAL_SHADOWS_USE_POINT_FILTERING UNITY_NO_SCREENSPACE_SHADOWS UNITY_PBS_USE_BRDF2 UNITY_PBS_USE_BRDF3 UNITY_HARDWARE_TIER1 UNITY_HARDWARE_TIER2 UNITY_HARDWARE_TIER3 UNITY_COLORSPACE_GAMMA UNITY_LIGHTMAP_DLDR_ENCODING UNITY_LIGHTMAP_RGBM_ENCODING UNITY_VIRTUAL_TEXTURING UNITY_PRETRANSFORM_TO_DISPLAY_ORIENTATION UNITY_ASTC_NORMALMAP_ENCODING SHADER_API_GLES30 SHADER_API_GLES31 SHADER_API_GLES32 UNITY_UNIFIED_SHADER_PRECISION_MODEL flags=0 lang=3 type=Vertex platform=d3d11 reqs=1101803 mask=6 start=141
RunExternalCompiler: begin name=FXC
RunExternalCompiler: end
compileSnippet complete
 ok=1 outsize=6710

Cmd: compileSnippet
  insize=1316 file=Packages/com.unity.render-pipelines.universal/Shaders/Nature/SpeedTree7Billboard.shader name=Universal Render Pipeline/Nature/SpeedTree7 Billboard pass=DepthNormals ppOnly=0 stripLineD=0 buildPlatform=19 rsLen=0 pKW=UNITY_ENABLE_REFLECTION_BUFFERS UNITY_USE_DITHER_MASK_FOR_ALPHABLENDED_SHADOWS UNITY_PBS_USE_BRDF1 UNITY_SPECCUBE_BOX_PROJECTION UNITY_SPECCUBE_BLENDING UNITY_ENABLE_DETAIL_NORMALMAP SHADER_API_DESKTOP UNITY_LIGHT_PROBE_PROXY_VOLUME UNITY_LIGHTMAP_FULL_HDR UNITY_PLATFORM_SUPPORTS_DEPTH_FETCH uKW= dKW=BILLBOARD_FACE_CAMERA_POS LOD_FADE_CROSSFADE EFFECT_BUMP UNITY_NO_DXT5nm UNITY_FRAMEBUFFER_FETCH_AVAILABLE UNITY_METAL_SHADOWS_USE_POINT_FILTERING UNITY_NO_SCREENSPACE_SHADOWS UNITY_PBS_USE_BRDF2 UNITY_PBS_USE_BRDF3 UNITY_HARDWARE_TIER1 UNITY_HARDWARE_TIER2 UNITY_HARDWARE_TIER3 UNITY_COLORSPACE_GAMMA UNITY_LIGHTMAP_DLDR_ENCODING UNITY_LIGHTMAP_RGBM_ENCODING UNITY_VIRTUAL_TEXTURING UNITY_PRETRANSFORM_TO_DISPLAY_ORIENTATION UNITY_ASTC_NORMALMAP_ENCODING SHADER_API_GLES30 SHADER_API_GLES31 SHADER_API_GLES32 UNITY_UNIFIED_SHADER_PRECISION_MODEL flags=0 lang=3 type=Vertex platform=d3d11 reqs=33 mask=6 start=156
RunExternalCompiler: begin name=FXC
RunExternalCompiler: end
compileSnippet complete
 ok=1 outsize=3362

Cmd: compileSnippet
  insize=2362 file=Packages/com.unity.render-pipelines.universal/Shaders/2D/Sprite-Unlit-Default.shader name=Universal Render Pipeline/2D/Sprite-Unlit-Default pass=<Unnamed Pass 0> ppOnly=0 stripLineD=0 buildPlatform=19 rsLen=0 pKW=UNITY_ENABLE_REFLECTION_BUFFERS UNITY_USE_DITHER_MASK_FOR_ALPHABLENDED_SHADOWS UNITY_PBS_USE_BRDF1 UNITY_SPECCUBE_BOX_PROJECTION UNITY_SPECCUBE_BLENDING UNITY_ENABLE_DETAIL_NORMALMAP SHADER_API_DESKTOP UNITY_LIGHT_PROBE_PROXY_VOLUME UNITY_LIGHTMAP_FULL_HDR UNITY_PLATFORM_SUPPORTS_DEPTH_FETCH uKW= dKW=DEBUG_DISPLAY SKINNED_SPRITE INSTANCING_ON UNITY_NO_DXT5nm UNITY_FRAMEBUFFER_FETCH_AVAILABLE UNITY_METAL_SHADOWS_USE_POINT_FILTERING UNITY_NO_SCREENSPACE_SHADOWS UNITY_PBS_USE_BRDF2 UNITY_PBS_USE_BRDF3 UNITY_HARDWARE_TIER1 UNITY_HARDWARE_TIER2 UNITY_HARDWARE_TIER3 UNITY_COLORSPACE_GAMMA UNITY_LIGHTMAP_DLDR_ENCODING UNITY_LIGHTMAP_RGBM_ENCODING UNITY_VIRTUAL_TEXTURING UNITY_PRETRANSFORM_TO_DISPLAY_ORIENTATION UNITY_ASTC_NORMALMAP_ENCODING SHADER_API_GLES30 SHADER_API_GLES31 SHADER_API_GLES32 UNITY_UNIFIED_SHADER_PRECISION_MODEL flags=0 lang=3 type=Fragment platform=d3d11 reqs=33 mask=6 start=26
RunExternalCompiler: begin name=FXC
RunExternalCompiler: end
compileSnippet complete
 ok=1 outsize=434

Cmd: compileSnippet
  insize=780 file=Packages/com.unity.render-pipelines.universal/Shaders/2D/Sprite-Mask.shader name=Universal Render Pipeline/2D/Sprite-Mask pass=<Unnamed Pass 2> ppOnly=0 stripLineD=0 buildPlatform=19 rsLen=0 pKW=UNITY_ENABLE_REFLECTION_BUFFERS UNITY_USE_DITHER_MASK_FOR_ALPHABLENDED_SHADOWS UNITY_PBS_USE_BRDF1 UNITY_SPECCUBE_BOX_PROJECTION UNITY_SPECCUBE_BLENDING UNITY_ENABLE_DETAIL_NORMALMAP SHADER_API_DESKTOP UNITY_LIGHT_PROBE_PROXY_VOLUME UNITY_LIGHTMAP_FULL_HDR UNITY_PLATFORM_SUPPORTS_DEPTH_FETCH uKW= dKW=UNITY_NO_DXT5nm UNITY_FRAMEBUFFER_FETCH_AVAILABLE UNITY_METAL_SHADOWS_USE_POINT_FILTERING UNITY_NO_SCREENSPACE_SHADOWS UNITY_PBS_USE_BRDF2 UNITY_PBS_USE_BRDF3 UNITY_HARDWARE_TIER1 UNITY_HARDWARE_TIER2 UNITY_HARDWARE_TIER3 UNITY_COLORSPACE_GAMMA UNITY_LIGHTMAP_DLDR_ENCODING UNITY_LIGHTMAP_RGBM_ENCODING UNITY_VIRTUAL_TEXTURING UNITY_PRETRANSFORM_TO_DISPLAY_ORIENTATION UNITY_ASTC_NORMALMAP_ENCODING SHADER_API_GLES30 SHADER_API_GLES31 SHADER_API_GLES32 UNITY_UNIFIED_SHADER_PRECISION_MODEL flags=0 lang=3 type=Vertex platform=d3d11 reqs=33 mask=6 start=54
RunExternalCompiler: begin name=FXC
RunExternalCompiler: end
compileSnippet complete
 ok=1 outsize=682

Cmd: compileSnippet
  insize=7902 file=Packages/com.unity.render-pipelines.universal/Shaders/ComplexLit.shader name=Universal Render Pipeline/Complex Lit pass=GBuffer ppOnly=0 stripLineD=0 buildPlatform=19 rsLen=0 pKW=UNITY_ENABLE_REFLECTION_BUFFERS UNITY_USE_DITHER_MASK_FOR_ALPHABLENDED_SHADOWS UNITY_PBS_USE_BRDF1 UNITY_SPECCUBE_BOX_PROJECTION UNITY_SPECCUBE_BLENDING UNITY_ENABLE_DETAIL_NORMALMAP SHADER_API_DESKTOP UNITY_LIGHT_PROBE_PROXY_VOLUME UNITY_LIGHTMAP_FULL_HDR UNITY_PLATFORM_SUPPORTS_DEPTH_FETCH uKW= dKW=_REFLECTION_PROBE_BLENDING _REFLECTION_PROBE_BOX_PROJECTION _SHADOWS_SOFT _DBUFFER_MRT1 _DBUFFER_MRT2 _DBUFFER_MRT3 _RENDER_PASS_ENABLED _SCREEN_SPACE_IRRADIANCE _WRITE_RENDERING_LAYERS LIGHTMAP_BICUBIC_SAMPLING REFLECTION_PROBE_ROTATION _GBUFFER_NORMALS_OCT _MAIN_LIGHT_SHADOWS _MAIN_LIGHT_SHADOWS_CASCADE _MAIN_LIGHT_SHADOWS_SCREEN _CLUSTER_LIGHT_LOOP EVALUATE_SH_MIXED EVALUATE_SH_VERTEX LIGHTMAP_SHADOW_MIXING SHADOWS_SHADOWMASK DIRLIGHTMAP_COMBINED LIGHTMAP_ON DYNAMICLIGHTMAP_ON USE_LEGACY_LIGHTMAPS LOD_FADE_CROSSFADE PROBE_VOLUMES_L1 PROBE_VOLUMES_L2 DOTS_INSTANCING_ON INSTANCING_ON _ALPHATEST_ON _EMISSION _METALLICSPECGLOSSMAP _SMOOTHNESS_TEXTURE_ALBEDO_CHANNEL_A _OCCLUSIONMAP _SPECULARHIGHLIGHTS_OFF _ENVIRONMENTREFLECTIONS_OFF _SPECULAR_SETUP _NORMALMAP _PARALLAXMAP _DETAIL_MULX2 _DETAIL_SCALED _RECEIVE_SHADOWS_OFF UNITY_NO_DXT5nm UNITY_FRAMEBUFFER_FETCH_AVAILABLE UNITY_METAL_SHADOWS_USE_POINT_FILTERING UNITY_NO_SCREENSPACE_SHADOWS UNITY_PBS_USE_BRDF2 UNITY_PBS_USE_BRDF3 UNITY_HARDWARE_TIER1 UNITY_HARDWARE_TIER2 UNITY_HARDWARE_TIER3 UNITY_COLORSPACE_GAMMA UNITY_LIGHTMAP_DLDR_ENCODING UNITY_LIGHTMAP_RGBM_ENCODING UNITY_VIRTUAL_TEXTURING UNITY_PRETRANSFORM_TO_DISPLAY_ORIENTATION UNITY_ASTC_NORMALMAP_ENCODING SHADER_API_GLES30 SHADER_API_GLES31 SHADER_API_GLES32 UNITY_UNIFIED_SHADER_PRECISION_MODEL flags=0 lang=3 type=Fragment platform=d3d11 reqs=1101803 mask=6 start=258
RunExternalCompiler: begin name=FXC
RunExternalCompiler: end
compileSnippet complete
 ok=1 outsize=2730

Cmd: compileSnippet
  insize=3269 file=Packages/com.unity.render-pipelines.universal/Shaders/Utils/StencilDeferred.shader name=Hidden/Universal Render Pipeline/StencilDeferred pass=Deferred Punctual Light (SimpleLit) ppOnly=0 stripLineD=0 buildPlatform=19 rsLen=0 pKW=UNITY_ENABLE_REFLECTION_BUFFERS UNITY_USE_DITHER_MASK_FOR_ALPHABLENDED_SHADOWS UNITY_PBS_USE_BRDF1 UNITY_SPECCUBE_BOX_PROJECTION UNITY_SPECCUBE_BLENDING UNITY_ENABLE_DETAIL_NORMALMAP SHADER_API_DESKTOP UNITY_LIGHT_PROBE_PROXY_VOLUME UNITY_LIGHTMAP_FULL_HDR UNITY_PLATFORM_SUPPORTS_DEPTH_FETCH uKW=_POINT dKW=_ADDITIONAL_LIGHT_SHADOWS _SHADOWS_SOFT _SHADOWS_SOFT_LOW _SHADOWS_SOFT_MEDIUM _SHADOWS_SOFT_HIGH LIGHTMAP_SHADOW_MIXING SHADOWS_SHADOWMASK _GBUFFER_NORMALS_OCT _DEFERRED_MIXED_LIGHTING _SCREEN_SPACE_OCCLUSION _RENDER_PASS_ENABLED _LIGHT_COOKIES _SPOT _LIGHT_LAYERS UNITY_NO_DXT5nm UNITY_FRAMEBUFFER_FETCH_AVAILABLE UNITY_METAL_SHADOWS_USE_POINT_FILTERING UNITY_NO_SCREENSPACE_SHADOWS UNITY_PBS_USE_BRDF2 UNITY_PBS_USE_BRDF3 UNITY_HARDWARE_TIER1 UNITY_HARDWARE_TIER2 UNITY_HARDWARE_TIER3 UNITY_COLORSPACE_GAMMA UNITY_LIGHTMAP_DLDR_ENCODING UNITY_LIGHTMAP_RGBM_ENCODING UNITY_VIRTUAL_TEXTURING UNITY_PRETRANSFORM_TO_DISPLAY_ORIENTATION UNITY_ASTC_NORMALMAP_ENCODING SHADER_API_GLES30 SHADER_API_GLES31 SHADER_API_GLES32 UNITY_UNIFIED_SHADER_PRECISION_MODEL flags=0 lang=3 type=Fragment platform=d3d11 reqs=1101803 mask=6 start=174
RunExternalCompiler: begin name=FXC
RunExternalCompiler: end
compileSnippet complete
 ok=1 outsize=2018

Cmd: compileSnippet
  insize=1589 file=Packages/com.unity.render-pipelines.universal/Shaders/Utils/Sampling.shader name=Hidden/Universal Render Pipeline/Sampling pass=BoxDownsample ppOnly=0 stripLineD=0 buildPlatform=19 rsLen=0 pKW=UNITY_ENABLE_REFLECTION_BUFFERS UNITY_USE_DITHER_MASK_FOR_ALPHABLENDED_SHADOWS UNITY_PBS_USE_BRDF1 UNITY_SPECCUBE_BOX_PROJECTION UNITY_SPECCUBE_BLENDING UNITY_ENABLE_DETAIL_NORMALMAP SHADER_API_DESKTOP UNITY_LIGHT_PROBE_PROXY_VOLUME UNITY_LIGHTMAP_FULL_HDR UNITY_PLATFORM_SUPPORTS_DEPTH_FETCH uKW= dKW=UNITY_NO_DXT5nm UNITY_FRAMEBUFFER_FETCH_AVAILABLE UNITY_METAL_SHADOWS_USE_POINT_FILTERING UNITY_NO_SCREENSPACE_SHADOWS UNITY_PBS_USE_BRDF2 UNITY_PBS_USE_BRDF3 UNITY_HARDWARE_TIER1 UNITY_HARDWARE_TIER2 UNITY_HARDWARE_TIER3 UNITY_COLORSPACE_GAMMA UNITY_LIGHTMAP_DLDR_ENCODING UNITY_LIGHTMAP_RGBM_ENCODING UNITY_VIRTUAL_TEXTURING UNITY_PRETRANSFORM_TO_DISPLAY_ORIENTATION UNITY_ASTC_NORMALMAP_ENCODING SHADER_API_GLES30 SHADER_API_GLES31 SHADER_API_GLES32 UNITY_UNIFIED_SHADER_PRECISION_MODEL flags=0 lang=3 type=Fragment platform=d3d11 reqs=33 mask=6 start=16
RunExternalCompiler: begin name=FXC
RunExternalCompiler: end
compileSnippet complete
 ok=1 outsize=758

Cmd: compileSnippet
  insize=3887 file=Packages/com.unity.render-pipelines.universal/Shaders/Terrain/TerrainLitBasemapGen.shader name=Hidden/Universal Render Pipeline/Terrain/Lit (Basemap Gen) pass=<Unnamed Pass 1> ppOnly=0 stripLineD=0 buildPlatform=19 rsLen=0 pKW=UNITY_ENABLE_REFLECTION_BUFFERS UNITY_USE_DITHER_MASK_FOR_ALPHABLENDED_SHADOWS UNITY_PBS_USE_BRDF1 UNITY_SPECCUBE_BOX_PROJECTION UNITY_SPECCUBE_BLENDING UNITY_ENABLE_DETAIL_NORMALMAP SHADER_API_DESKTOP UNITY_LIGHT_PROBE_PROXY_VOLUME UNITY_LIGHTMAP_FULL_HDR UNITY_PLATFORM_SUPPORTS_DEPTH_FETCH uKW= dKW=_TERRAIN_BLEND_HEIGHT _MASKMAP UNITY_NO_DXT5nm UNITY_FRAMEBUFFER_FETCH_AVAILABLE UNITY_METAL_SHADOWS_USE_POINT_FILTERING UNITY_NO_SCREENSPACE_SHADOWS UNITY_PBS_USE_BRDF2 UNITY_PBS_USE_BRDF3 UNITY_HARDWARE_TIER1 UNITY_HARDWARE_TIER2 UNITY_HARDWARE_TIER3 UNITY_COLORSPACE_GAMMA UNITY_LIGHTMAP_DLDR_ENCODING UNITY_LIGHTMAP_RGBM_ENCODING UNITY_VIRTUAL_TEXTURING UNITY_PRETRANSFORM_TO_DISPLAY_ORIENTATION UNITY_ASTC_NORMALMAP_ENCODING SHADER_API_GLES30 SHADER_API_GLES31 SHADER_API_GLES32 UNITY_UNIFIED_SHADER_PRECISION_MODEL flags=0 lang=3 type=Fragment platform=d3d11 reqs=227 mask=6 start=140
RunExternalCompiler: begin name=FXC
RunExternalCompiler: end
compileSnippet complete
 ok=1 outsize=1674

Cmd: compileSnippet
  insize=13983 file=Assets/Samples/XR Interaction Toolkit/3.4.1/Starter Assets/Shaders/BiRP_Fresnel.shader name=XRIT/BiRP_Fresnel pass=Meta ppOnly=0 stripLineD=0 buildPlatform=19 rsLen=0 pKW=UNITY_ENABLE_REFLECTION_BUFFERS UNITY_USE_DITHER_MASK_FOR_ALPHABLENDED_SHADOWS UNITY_PBS_USE_BRDF1 UNITY_SPECCUBE_BOX_PROJECTION UNITY_SPECCUBE_BLENDING UNITY_ENABLE_DETAIL_NORMALMAP SHADER_API_DESKTOP UNITY_LIGHT_PROBE_PROXY_VOLUME UNITY_LIGHTMAP_FULL_HDR UNITY_PLATFORM_SUPPORTS_DEPTH_FETCH UNITY_PASS_META uKW= dKW=EDITOR_VISUALIZATION INSTANCING_ON UNITY_NO_DXT5nm UNITY_FRAMEBUFFER_FETCH_AVAILABLE UNITY_METAL_SHADOWS_USE_POINT_FILTERING UNITY_NO_SCREENSPACE_SHADOWS UNITY_PBS_USE_BRDF2 UNITY_PBS_USE_BRDF3 UNITY_HARDWARE_TIER1 UNITY_HARDWARE_TIER2 UNITY_HARDWARE_TIER3 UNITY_COLORSPACE_GAMMA UNITY_LIGHTMAP_DLDR_ENCODING UNITY_LIGHTMAP_RGBM_ENCODING UNITY_VIRTUAL_TEXTURING UNITY_PRETRANSFORM_TO_DISPLAY_ORIENTATION UNITY_ASTC_NORMALMAP_ENCODING SHADER_API_GLES30 SHADER_API_GLES31 SHADER_API_GLES32 UNITY_UNIFIED_SHADER_PRECISION_MODEL flags=0 lang=0 type=Vertex platform=d3d11 reqs=227 mask=6 start=259
RunExternalCompiler: begin name=FXC
RunExternalCompiler: end
compileSnippet complete
 ok=1 outsize=1478

Cmd: compileSnippet
  insize=1724 file=/ name=Unlit/DepthOnly pass=<Unnamed Pass 0> ppOnly=0 stripLineD=0 buildPlatform=19 rsLen=0 pKW=UNITY_ENABLE_REFLECTION_BUFFERS UNITY_USE_DITHER_MASK_FOR_ALPHABLENDED_SHADOWS UNITY_PBS_USE_BRDF1 UNITY_SPECCUBE_BOX_PROJECTION UNITY_SPECCUBE_BLENDING UNITY_ENABLE_DETAIL_NORMALMAP SHADER_API_DESKTOP UNITY_LIGHT_PROBE_PROXY_VOLUME UNITY_LIGHTMAP_FULL_HDR UNITY_PLATFORM_SUPPORTS_DEPTH_FETCH uKW= dKW=FOG_LINEAR FOG_EXP FOG_EXP2 UNITY_NO_DXT5nm UNITY_FRAMEBUFFER_FETCH_AVAILABLE UNITY_METAL_SHADOWS_USE_POINT_FILTERING UNITY_NO_SCREENSPACE_SHADOWS UNITY_PBS_USE_BRDF2 UNITY_PBS_USE_BRDF3 UNITY_HARDWARE_TIER1 UNITY_HARDWARE_TIER2 UNITY_HARDWARE_TIER3 UNITY_COLORSPACE_GAMMA UNITY_LIGHTMAP_DLDR_ENCODING UNITY_LIGHTMAP_RGBM_ENCODING UNITY_VIRTUAL_TEXTURING UNITY_PRETRANSFORM_TO_DISPLAY_ORIENTATION UNITY_ASTC_NORMALMAP_ENCODING SHADER_API_GLES30 SHADER_API_GLES31 SHADER_API_GLES32 UNITY_UNIFIED_SHADER_PRECISION_MODEL flags=0 lang=0 type=Fragment platform=d3d11 reqs=1 mask=6 start=1
RunExternalCompiler: begin name=FXC
RunExternalCompiler: end
compileSnippet complete
 ok=1 outsize=282

Cmd: compileSnippet
  insize=2378 file=Packages/com.unity.render-pipelines.universal/Shaders/Nature/SpeedTree8.shader name=Universal Render Pipeline/Nature/SpeedTree8 pass=ShadowCaster ppOnly=0 stripLineD=0 buildPlatform=19 rsLen=0 pKW=UNITY_ENABLE_REFLECTION_BUFFERS UNITY_USE_DITHER_MASK_FOR_ALPHABLENDED_SHADOWS UNITY_PBS_USE_BRDF1 UNITY_SPECCUBE_BOX_PROJECTION UNITY_SPECCUBE_BLENDING UNITY_ENABLE_DETAIL_NORMALMAP SHADER_API_DESKTOP UNITY_LIGHT_PROBE_PROXY_VOLUME UNITY_LIGHTMAP_FULL_HDR UNITY_PLATFORM_SUPPORTS_DEPTH_FETCH UNITY_PASS_SHADOWCASTER uKW=LOD_FADE_PERCENTAGE _WINDQUALITY_NONE dKW=_CASTING_PUNCTUAL_LIGHT_SHADOW LOD_FADE_CROSSFADE INSTANCING_ON _WINDQUALITY_FAST _WINDQUALITY_BETTER _WINDQUALITY_BEST _WINDQUALITY_PALM EFFECT_BILLBOARD UNITY_NO_DXT5nm UNITY_FRAMEBUFFER_FETCH_AVAILABLE UNITY_METAL_SHADOWS_USE_POINT_FILTERING UNITY_NO_SCREENSPACE_SHADOWS UNITY_PBS_USE_BRDF2 UNITY_PBS_USE_BRDF3 UNITY_HARDWARE_TIER1 UNITY_HARDWARE_TIER2 UNITY_HARDWARE_TIER3 UNITY_COLORSPACE_GAMMA UNITY_LIGHTMAP_DLDR_ENCODING UNITY_LIGHTMAP_RGBM_ENCODING UNITY_VIRTUAL_TEXTURING UNITY_PRETRANSFORM_TO_DISPLAY_ORIENTATION UNITY_ASTC_NORMALMAP_ENCODING SHADER_API_GLES30 SHADER_API_GLES31 SHADER_API_GLES32 UNITY_UNIFIED_SHADER_PRECISION_MODEL flags=0 lang=3 type=Vertex platform=d3d11 reqs=33 mask=6 start=184
RunExternalCompiler: begin name=FXC
RunExternalCompiler: end
compileSnippet complete
 ok=1 outsize=3078

Cmd: compileSnippet
  insize=1380 file=Packages/com.unity.render-pipelines.universal/Shaders/Terrain/WavingGrass.shader name=Hidden/TerrainEngine/Details/UniversalPipeline/WavingDoublePass pass=DepthOnly ppOnly=0 stripLineD=0 buildPlatform=19 rsLen=0 pKW=UNITY_ENABLE_REFLECTION_BUFFERS UNITY_USE_DITHER_MASK_FOR_ALPHABLENDED_SHADOWS UNITY_PBS_USE_BRDF1 UNITY_SPECCUBE_BOX_PROJECTION UNITY_SPECCUBE_BLENDING UNITY_ENABLE_DETAIL_NORMALMAP SHADER_API_DESKTOP UNITY_LIGHT_PROBE_PROXY_VOLUME UNITY_LIGHTMAP_FULL_HDR UNITY_PLATFORM_SUPPORTS_DEPTH_FETCH uKW= dKW=INSTANCING_ON UNITY_NO_DXT5nm UNITY_FRAMEBUFFER_FETCH_AVAILABLE UNITY_METAL_SHADOWS_USE_POINT_FILTERING UNITY_NO_SCREENSPACE_SHADOWS UNITY_PBS_USE_BRDF2 UNITY_PBS_USE_BRDF3 UNITY_HARDWARE_TIER1 UNITY_HARDWARE_TIER2 UNITY_HARDWARE_TIER3 UNITY_COLORSPACE_GAMMA UNITY_LIGHTMAP_DLDR_ENCODING UNITY_LIGHTMAP_RGBM_ENCODING UNITY_VIRTUAL_TEXTURING UNITY_PRETRANSFORM_TO_DISPLAY_ORIENTATION UNITY_ASTC_NORMALMAP_ENCODING SHADER_API_GLES30 SHADER_API_GLES31 SHADER_API_GLES32 UNITY_UNIFIED_SHADER_PRECISION_MODEL flags=0 lang=3 type=Vertex platform=d3d11 reqs=1 mask=6 start=141
RunExternalCompiler: begin name=FXC
RunExternalCompiler: end
compileSnippet complete
 ok=1 outsize=1974

Cmd: compileSnippet
  insize=20655 file=Packages/com.unity.render-pipelines.universal/Tests/Editor/PostProcessDataTests/2.shader name=Custom/Test Shader pass=FORWARD ppOnly=0 stripLineD=0 buildPlatform=19 rsLen=0 pKW=UNITY_ENABLE_REFLECTION_BUFFERS UNITY_USE_DITHER_MASK_FOR_ALPHABLENDED_SHADOWS UNITY_PBS_USE_BRDF1 UNITY_SPECCUBE_BOX_PROJECTION UNITY_SPECCUBE_BLENDING UNITY_ENABLE_DETAIL_NORMALMAP SHADER_API_DESKTOP UNITY_LIGHT_PROBE_PROXY_VOLUME UNITY_LIGHTMAP_FULL_HDR UNITY_PLATFORM_SUPPORTS_DEPTH_FETCH UNITY_PASS_FORWARDBASE uKW=DIRECTIONAL dKW=INSTANCING_ON FOG_LINEAR FOG_EXP FOG_EXP2 LIGHTPROBE_SH SHADOWS_SHADOWMASK DYNAMICLIGHTMAP_ON LIGHTMAP_ON LIGHTMAP_SHADOW_MIXING DIRLIGHTMAP_COMBINED SHADOWS_SCREEN UNITY_NO_DXT5nm UNITY_FRAMEBUFFER_FETCH_AVAILABLE UNITY_METAL_SHADOWS_USE_POINT_FILTERING UNITY_NO_SCREENSPACE_SHADOWS UNITY_PBS_USE_BRDF2 UNITY_PBS_USE_BRDF3 UNITY_HARDWARE_TIER1 UNITY_HARDWARE_TIER2 UNITY_HARDWARE_TIER3 UNITY_COLORSPACE_GAMMA UNITY_LIGHTMAP_DLDR_ENCODING UNITY_LIGHTMAP_RGBM_ENCODING UNITY_VIRTUAL_TEXTURING UNITY_PRETRANSFORM_TO_DISPLAY_ORIENTATION UNITY_ASTC_NORMALMAP_ENCODING SHADER_API_GLES30 SHADER_API_GLES31 SHADER_API_GLES32 UNITY_UNIFIED_SHADER_PRECISION_MODEL flags=0 lang=0 type=Fragment platform=d3d11 reqs=227 mask=6 start=25
RunExternalCompiler: begin name=FXC
RunExternalCompiler: end
compileSnippet complete
 ok=1 outsize=5358

Cmd: compileSnippet
  insize=20655 file=Packages/com.unity.render-pipelines.universal/Tests/Editor/PostProcessDataTests/1.shader name=Custom/Test Shader pass=FORWARD ppOnly=0 stripLineD=0 buildPlatform=19 rsLen=0 pKW=UNITY_ENABLE_REFLECTION_BUFFERS UNITY_USE_DITHER_MASK_FOR_ALPHABLENDED_SHADOWS UNITY_PBS_USE_BRDF1 UNITY_SPECCUBE_BOX_PROJECTION UNITY_SPECCUBE_BLENDING UNITY_ENABLE_DETAIL_NORMALMAP SHADER_API_DESKTOP UNITY_LIGHT_PROBE_PROXY_VOLUME UNITY_LIGHTMAP_FULL_HDR UNITY_PLATFORM_SUPPORTS_DEPTH_FETCH UNITY_PASS_FORWARDBASE uKW=DIRECTIONAL dKW=INSTANCING_ON FOG_LINEAR FOG_EXP FOG_EXP2 LIGHTPROBE_SH SHADOWS_SHADOWMASK DYNAMICLIGHTMAP_ON LIGHTMAP_ON LIGHTMAP_SHADOW_MIXING DIRLIGHTMAP_COMBINED SHADOWS_SCREEN UNITY_NO_DXT5nm UNITY_FRAMEBUFFER_FETCH_AVAILABLE UNITY_METAL_SHADOWS_USE_POINT_FILTERING UNITY_NO_SCREENSPACE_SHADOWS UNITY_PBS_USE_BRDF2 UNITY_PBS_USE_BRDF3 UNITY_HARDWARE_TIER1 UNITY_HARDWARE_TIER2 UNITY_HARDWARE_TIER3 UNITY_COLORSPACE_GAMMA UNITY_LIGHTMAP_DLDR_ENCODING UNITY_LIGHTMAP_RGBM_ENCODING UNITY_VIRTUAL_TEXTURING UNITY_PRETRANSFORM_TO_DISPLAY_ORIENTATION UNITY_ASTC_NORMALMAP_ENCODING SHADER_API_GLES30 SHADER_API_GLES31 SHADER_API_GLES32 UNITY_UNIFIED_SHADER_PRECISION_MODEL flags=0 lang=0 type=Fragment platform=d3d11 reqs=227 mask=6 start=25
RunExternalCompiler: begin name=FXC
RunExternalCompiler: end
compileSnippet complete
 ok=1 outsize=5358

Cmd: compileSnippet
  insize=10820 file=Packages/com.unity.render-pipelines.universal/Shaders/PostProcessing/BokehDepthOfField.shader name=Hidden/Universal Render Pipeline/BokehDepthOfField pass=Bokeh Depth Of Field Prefilter ppOnly=0 stripLineD=0 buildPlatform=19 rsLen=0 pKW=UNITY_ENABLE_REFLECTION_BUFFERS UNITY_USE_DITHER_MASK_FOR_ALPHABLENDED_SHADOWS UNITY_PBS_USE_BRDF1 UNITY_SPECCUBE_BOX_PROJECTION UNITY_SPECCUBE_BLENDING UNITY_ENABLE_DETAIL_NORMALMAP SHADER_API_DESKTOP UNITY_LIGHT_PROBE_PROXY_VOLUME UNITY_LIGHTMAP_FULL_HDR UNITY_PLATFORM_SUPPORTS_DEPTH_FETCH uKW= dKW=UNITY_NO_DXT5nm UNITY_FRAMEBUFFER_FETCH_AVAILABLE UNITY_METAL_SHADOWS_USE_POINT_FILTERING UNITY_NO_SCREENSPACE_SHADOWS UNITY_PBS_USE_BRDF2 UNITY_PBS_USE_BRDF3 UNITY_HARDWARE_TIER1 UNITY_HARDWARE_TIER2 UNITY_HARDWARE_TIER3 UNITY_COLORSPACE_GAMMA UNITY_LIGHTMAP_DLDR_ENCODING UNITY_LIGHTMAP_RGBM_ENCODING UNITY_VIRTUAL_TEXTURING UNITY_PRETRANSFORM_TO_DISPLAY_ORIENTATION UNITY_ASTC_NORMALMAP_ENCODING SHADER_API_GLES30 SHADER_API_GLES31 SHADER_API_GLES32 UNITY_UNIFIED_SHADER_PRECISION_MODEL flags=0 lang=3 type=Vertex platform=d3d11 reqs=4075 mask=6 start=319
RunExternalCompiler: begin name=FXC
RunExternalCompiler: end
compileSnippet complete
 ok=1 outsize=582

Cmd: compileSnippet
  insize=1958 file=Packages/com.unity.render-pipelines.universal/Shaders/BakedLit.shader name=Universal Render Pipeline/Baked Lit pass=<Unnamed Pass 2> ppOnly=0 stripLineD=0 buildPlatform=19 rsLen=0 pKW=UNITY_ENABLE_REFLECTION_BUFFERS UNITY_USE_DITHER_MASK_FOR_ALPHABLENDED_SHADOWS UNITY_PBS_USE_BRDF1 UNITY_SPECCUBE_BOX_PROJECTION UNITY_SPECCUBE_BLENDING UNITY_ENABLE_DETAIL_NORMALMAP SHADER_API_DESKTOP UNITY_LIGHT_PROBE_PROXY_VOLUME UNITY_LIGHTMAP_FULL_HDR UNITY_PLATFORM_SUPPORTS_DEPTH_FETCH uKW= dKW=LOD_FADE_CROSSFADE DOTS_INSTANCING_ON INSTANCING_ON _ALPHATEST_ON UNITY_NO_DXT5nm UNITY_FRAMEBUFFER_FETCH_AVAILABLE UNITY_METAL_SHADOWS_USE_POINT_FILTERING UNITY_NO_SCREENSPACE_SHADOWS UNITY_PBS_USE_BRDF2 UNITY_PBS_USE_BRDF3 UNITY_HARDWARE_TIER1 UNITY_HARDWARE_TIER2 UNITY_HARDWARE_TIER3 UNITY_COLORSPACE_GAMMA UNITY_LIGHTMAP_DLDR_ENCODING UNITY_LIGHTMAP_RGBM_ENCODING UNITY_VIRTUAL_TEXTURING UNITY_PRETRANSFORM_TO_DISPLAY_ORIENTATION UNITY_ASTC_NORMALMAP_ENCODING SHADER_API_GLES30 SHADER_API_GLES31 SHADER_API_GLES32 UNITY_UNIFIED_SHADER_PRECISION_MODEL flags=0 lang=3 type=Vertex platform=d3d11 reqs=1 mask=6 start=175
RunExternalCompiler: begin name=FXC
RunExternalCompiler: end
compileSnippet complete
 ok=1 outsize=602

Cmd: compileSnippet
  insize=1305 file=Packages/com.unity.render-pipelines.universal/Shaders/BakedLit.shader name=Universal Render Pipeline/Baked Lit pass=Meta ppOnly=0 stripLineD=0 buildPlatform=19 rsLen=0 pKW=UNITY_ENABLE_REFLECTION_BUFFERS UNITY_USE_DITHER_MASK_FOR_ALPHABLENDED_SHADOWS UNITY_PBS_USE_BRDF1 UNITY_SPECCUBE_BOX_PROJECTION UNITY_SPECCUBE_BLENDING UNITY_ENABLE_DETAIL_NORMALMAP SHADER_API_DESKTOP UNITY_LIGHT_PROBE_PROXY_VOLUME UNITY_LIGHTMAP_FULL_HDR UNITY_PLATFORM_SUPPORTS_DEPTH_FETCH UNITY_PASS_META uKW= dKW=EDITOR_VISUALIZATION UNITY_NO_DXT5nm UNITY_FRAMEBUFFER_FETCH_AVAILABLE UNITY_METAL_SHADOWS_USE_POINT_FILTERING UNITY_NO_SCREENSPACE_SHADOWS UNITY_PBS_USE_BRDF2 UNITY_PBS_USE_BRDF3 UNITY_HARDWARE_TIER1 UNITY_HARDWARE_TIER2 UNITY_HARDWARE_TIER3 UNITY_COLORSPACE_GAMMA UNITY_LIGHTMAP_DLDR_ENCODING UNITY_LIGHTMAP_RGBM_ENCODING UNITY_VIRTUAL_TEXTURING UNITY_PRETRANSFORM_TO_DISPLAY_ORIENTATION UNITY_ASTC_NORMALMAP_ENCODING SHADER_API_GLES30 SHADER_API_GLES31 SHADER_API_GLES32 UNITY_UNIFIED_SHADER_PRECISION_MODEL flags=0 lang=3 type=Fragment platform=d3d11 reqs=1 mask=6 start=310
RunExternalCompiler: begin name=FXC
RunExternalCompiler: end
compileSnippet complete
 ok=1 outsize=682

Cmd: compileSnippet
  insize=1543 file=Packages/com.unity.render-pipelines.universal/Shaders/Lit.shader name=Universal Render Pipeline/Lit pass=Universal2D ppOnly=0 stripLineD=0 buildPlatform=19 rsLen=0 pKW=UNITY_ENABLE_REFLECTION_BUFFERS UNITY_USE_DITHER_MASK_FOR_ALPHABLENDED_SHADOWS UNITY_PBS_USE_BRDF1 UNITY_SPECCUBE_BOX_PROJECTION UNITY_SPECCUBE_BLENDING UNITY_ENABLE_DETAIL_NORMALMAP SHADER_API_DESKTOP UNITY_LIGHT_PROBE_PROXY_VOLUME UNITY_LIGHTMAP_FULL_HDR UNITY_PLATFORM_SUPPORTS_DEPTH_FETCH uKW= dKW=DOTS_INSTANCING_ON UNITY_NO_DXT5nm UNITY_FRAMEBUFFER_FETCH_AVAILABLE UNITY_METAL_SHADOWS_USE_POINT_FILTERING UNITY_NO_SCREENSPACE_SHADOWS UNITY_PBS_USE_BRDF2 UNITY_PBS_USE_BRDF3 UNITY_HARDWARE_TIER1 UNITY_HARDWARE_TIER2 UNITY_HARDWARE_TIER3 UNITY_COLORSPACE_GAMMA UNITY_LIGHTMAP_DLDR_ENCODING UNITY_LIGHTMAP_RGBM_ENCODING UNITY_VIRTUAL_TEXTURING UNITY_PRETRANSFORM_TO_DISPLAY_ORIENTATION UNITY_ASTC_NORMALMAP_ENCODING SHADER_API_GLES30 SHADER_API_GLES31 SHADER_API_GLES32 UNITY_UNIFIED_SHADER_PRECISION_MODEL flags=0 lang=3 type=Vertex platform=d3d11 reqs=1 mask=6 start=475
RunExternalCompiler: begin name=FXC
RunExternalCompiler: end
compileSnippet complete
 ok=1 outsize=714

Cmd: compileSnippet
  insize=1853 file=Packages/com.unity.render-pipelines.universal/Shaders/Lit.shader name=Universal Render Pipeline/Lit pass=XRMotionVectors ppOnly=0 stripLineD=0 buildPlatform=19 rsLen=0 pKW=UNITY_ENABLE_REFLECTION_BUFFERS UNITY_USE_DITHER_MASK_FOR_ALPHABLENDED_SHADOWS UNITY_PBS_USE_BRDF1 UNITY_SPECCUBE_BOX_PROJECTION UNITY_SPECCUBE_BLENDING UNITY_ENABLE_DETAIL_NORMALMAP SHADER_API_DESKTOP UNITY_LIGHT_PROBE_PROXY_VOLUME UNITY_LIGHTMAP_FULL_HDR UNITY_PLATFORM_SUPPORTS_DEPTH_FETCH uKW= dKW=LOD_FADE_CROSSFADE APPLICATION_SPACE_WARP_MOTION_TRANSPARENT DOTS_INSTANCING_ON INSTANCING_ON _ADD_PRECOMPUTED_VELOCITY _ALPHATEST_ON UNITY_NO_DXT5nm UNITY_FRAMEBUFFER_FETCH_AVAILABLE UNITY_METAL_SHADOWS_USE_POINT_FILTERING UNITY_NO_SCREENSPACE_SHADOWS UNITY_PBS_USE_BRDF2 UNITY_PBS_USE_BRDF3 UNITY_HARDWARE_TIER1 UNITY_HARDWARE_TIER2 UNITY_HARDWARE_TIER3 UNITY_COLORSPACE_GAMMA UNITY_LIGHTMAP_DLDR_ENCODING UNITY_LIGHTMAP_RGBM_ENCODING UNITY_VIRTUAL_TEXTURING UNITY_PRETRANSFORM_TO_DISPLAY_ORIENTATION UNITY_ASTC_NORMALMAP_ENCODING SHADER_API_GLES30 SHADER_API_GLES31 SHADER_API_GLES32 UNITY_UNIFIED_SHADER_PRECISION_MODEL flags=0 lang=3 type=Vertex platform=d3d11 reqs=4075 mask=6 start=528
RunExternalCompiler: begin name=FXC
RunExternalCompiler: end
compileSnippet complete
 ok=1 outsize=1198

Cmd: compileSnippet
  insize=1668 file=Packages/com.unity.xr.arfoundation/Assets/Shaders/SimulationLegacyStandard.shader name=Simulation/Legacy/Standard pass=META ppOnly=0 stripLineD=0 buildPlatform=19 rsLen=0 pKW=UNITY_ENABLE_REFLECTION_BUFFERS UNITY_USE_DITHER_MASK_FOR_ALPHABLENDED_SHADOWS UNITY_PBS_USE_BRDF1 UNITY_SPECCUBE_BOX_PROJECTION UNITY_SPECCUBE_BLENDING UNITY_ENABLE_DETAIL_NORMALMAP SHADER_API_DESKTOP UNITY_LIGHT_PROBE_PROXY_VOLUME UNITY_LIGHTMAP_FULL_HDR UNITY_PLATFORM_SUPPORTS_DEPTH_FETCH UNITY_PASS_META uKW= dKW=_EMISSION _METALLICGLOSSMAP _SMOOTHNESS_TEXTURE_ALBEDO_CHANNEL_A _DETAIL_MULX2 EDITOR_VISUALIZATION UNITY_NO_DXT5nm UNITY_FRAMEBUFFER_FETCH_AVAILABLE UNITY_METAL_SHADOWS_USE_POINT_FILTERING UNITY_NO_SCREENSPACE_SHADOWS UNITY_PBS_USE_BRDF2 UNITY_PBS_USE_BRDF3 UNITY_HARDWARE_TIER1 UNITY_HARDWARE_TIER2 UNITY_HARDWARE_TIER3 UNITY_COLORSPACE_GAMMA UNITY_LIGHTMAP_DLDR_ENCODING UNITY_LIGHTMAP_RGBM_ENCODING UNITY_VIRTUAL_TEXTURING UNITY_PRETRANSFORM_TO_DISPLAY_ORIENTATION UNITY_ASTC_NORMALMAP_ENCODING SHADER_API_GLES30 SHADER_API_GLES31 SHADER_API_GLES32 UNITY_UNIFIED_SHADER_PRECISION_MODEL flags=0 lang=0 type=Vertex platform=d3d11 reqs=33 mask=6 start=224
RunExternalCompiler: begin name=FXC
RunExternalCompiler: end
compileSnippet complete
 ok=1 outsize=1082

Cmd: compileSnippet
  insize=1958 file=Packages/com.unity.render-pipelines.universal/Shaders/SpatialMappingOcclusion.shader name=Universal Render Pipeline/VR/SpatialMapping/Occlusion pass=Spatial Mapping Occlusion ppOnly=0 stripLineD=0 buildPlatform=19 rsLen=0 pKW=UNITY_ENABLE_REFLECTION_BUFFERS UNITY_USE_DITHER_MASK_FOR_ALPHABLENDED_SHADOWS UNITY_PBS_USE_BRDF1 UNITY_SPECCUBE_BOX_PROJECTION UNITY_SPECCUBE_BLENDING UNITY_ENABLE_DETAIL_NORMALMAP SHADER_API_DESKTOP UNITY_LIGHT_PROBE_PROXY_VOLUME UNITY_LIGHTMAP_FULL_HDR UNITY_PLATFORM_SUPPORTS_DEPTH_FETCH uKW= dKW=INSTANCING_ON UNITY_NO_DXT5nm UNITY_FRAMEBUFFER_FETCH_AVAILABLE UNITY_METAL_SHADOWS_USE_POINT_FILTERING UNITY_NO_SCREENSPACE_SHADOWS UNITY_PBS_USE_BRDF2 UNITY_PBS_USE_BRDF3 UNITY_HARDWARE_TIER1 UNITY_HARDWARE_TIER2 UNITY_HARDWARE_TIER3 UNITY_COLORSPACE_GAMMA UNITY_LIGHTMAP_DLDR_ENCODING UNITY_LIGHTMAP_RGBM_ENCODING UNITY_VIRTUAL_TEXTURING UNITY_PRETRANSFORM_TO_DISPLAY_ORIENTATION UNITY_ASTC_NORMALMAP_ENCODING SHADER_API_GLES30 SHADER_API_GLES31 SHADER_API_GLES32 UNITY_UNIFIED_SHADER_PRECISION_MODEL flags=0 lang=3 type=Vertex platform=d3d11 reqs=33 mask=6 start=17
RunExternalCompiler: begin name=FXC
RunExternalCompiler: end
compileSnippet complete
 ok=1 outsize=562

Cmd: compileSnippet
  insize=931 file=Packages/com.unity.render-pipelines.universal/Shaders/Terrain/TerrainDetailLit.shader name=Hidden/TerrainEngine/Details/UniversalPipeline/Vertexlit pass=Meta ppOnly=0 stripLineD=0 buildPlatform=19 rsLen=0 pKW=UNITY_ENABLE_REFLECTION_BUFFERS UNITY_USE_DITHER_MASK_FOR_ALPHABLENDED_SHADOWS UNITY_PBS_USE_BRDF1 UNITY_SPECCUBE_BOX_PROJECTION UNITY_SPECCUBE_BLENDING UNITY_ENABLE_DETAIL_NORMALMAP SHADER_API_DESKTOP UNITY_LIGHT_PROBE_PROXY_VOLUME UNITY_LIGHTMAP_FULL_HDR UNITY_PLATFORM_SUPPORTS_DEPTH_FETCH UNITY_PASS_META uKW= dKW=UNITY_NO_DXT5nm UNITY_FRAMEBUFFER_FETCH_AVAILABLE UNITY_METAL_SHADOWS_USE_POINT_FILTERING UNITY_NO_SCREENSPACE_SHADOWS UNITY_PBS_USE_BRDF2 UNITY_PBS_USE_BRDF3 UNITY_HARDWARE_TIER1 UNITY_HARDWARE_TIER2 UNITY_HARDWARE_TIER3 UNITY_COLORSPACE_GAMMA UNITY_LIGHTMAP_DLDR_ENCODING UNITY_LIGHTMAP_RGBM_ENCODING UNITY_VIRTUAL_TEXTURING UNITY_PRETRANSFORM_TO_DISPLAY_ORIENTATION UNITY_ASTC_NORMALMAP_ENCODING SHADER_API_GLES30 SHADER_API_GLES31 SHADER_API_GLES32 UNITY_UNIFIED_SHADER_PRECISION_MODEL flags=0 lang=3 type=Vertex platform=d3d11 reqs=33 mask=6 start=249
RunExternalCompiler: begin name=FXC
RunExternalCompiler: end
compileSnippet complete
 ok=1 outsize=970

Cmd: compileSnippet
  insize=1008 file=Packages/com.unity.render-pipelines.core/Editor/PostProcessing/LensFlareResource/LensFlareDataDriven.shader name=Hidden/Core/LensFlareDataDrivenPreview2 pass=LensFlareLerp ppOnly=0 stripLineD=0 buildPlatform=19 rsLen=0 pKW=UNITY_ENABLE_REFLECTION_BUFFERS UNITY_USE_DITHER_MASK_FOR_ALPHABLENDED_SHADOWS UNITY_PBS_USE_BRDF1 UNITY_SPECCUBE_BOX_PROJECTION UNITY_SPECCUBE_BLENDING UNITY_ENABLE_DETAIL_NORMALMAP SHADER_API_DESKTOP UNITY_LIGHT_PROBE_PROXY_VOLUME UNITY_LIGHTMAP_FULL_HDR UNITY_PLATFORM_SUPPORTS_DEPTH_FETCH uKW= dKW=UNITY_NO_DXT5nm UNITY_FRAMEBUFFER_FETCH_AVAILABLE UNITY_METAL_SHADOWS_USE_POINT_FILTERING UNITY_NO_SCREENSPACE_SHADOWS UNITY_PBS_USE_BRDF2 UNITY_PBS_USE_BRDF3 UNITY_HARDWARE_TIER1 UNITY_HARDWARE_TIER2 UNITY_HARDWARE_TIER3 UNITY_COLORSPACE_GAMMA UNITY_LIGHTMAP_DLDR_ENCODING UNITY_LIGHTMAP_RGBM_ENCODING UNITY_VIRTUAL_TEXTURING UNITY_PRETRANSFORM_TO_DISPLAY_ORIENTATION UNITY_ASTC_NORMALMAP_ENCODING SHADER_API_GLES30 SHADER_API_GLES31 SHADER_API_GLES32 UNITY_UNIFIED_SHADER_PRECISION_MODEL flags=0 lang=3 type=Vertex platform=d3d11 reqs=227 mask=6 start=101
RunExternalCompiler: begin name=FXC
RunExternalCompiler: end
compileSnippet complete
 ok=1 outsize=1062

Cmd: compileSnippet
  insize=2252 file=Packages/com.unity.render-pipelines.core/Runtime/PathTracing/Shaders/Lightmapping/ChartRasterizerSoftware.shader name=Hidden/ChartRasterizerSoftware pass=<Unnamed Pass 0> ppOnly=0 stripLineD=0 buildPlatform=19 rsLen=0 pKW=UNITY_ENABLE_REFLECTION_BUFFERS UNITY_USE_DITHER_MASK_FOR_ALPHABLENDED_SHADOWS UNITY_PBS_USE_BRDF1 UNITY_SPECCUBE_BOX_PROJECTION UNITY_SPECCUBE_BLENDING UNITY_ENABLE_DETAIL_NORMALMAP SHADER_API_DESKTOP UNITY_LIGHT_PROBE_PROXY_VOLUME UNITY_LIGHTMAP_FULL_HDR UNITY_PLATFORM_SUPPORTS_DEPTH_FETCH uKW= dKW=UNITY_NO_DXT5nm UNITY_FRAMEBUFFER_FETCH_AVAILABLE UNITY_METAL_SHADOWS_USE_POINT_FILTERING UNITY_NO_SCREENSPACE_SHADOWS UNITY_PBS_USE_BRDF2 UNITY_PBS_USE_BRDF3 UNITY_HARDWARE_TIER1 UNITY_HARDWARE_TIER2 UNITY_HARDWARE_TIER3 UNITY_COLORSPACE_GAMMA UNITY_LIGHTMAP_DLDR_ENCODING UNITY_LIGHTMAP_RGBM_ENCODING UNITY_VIRTUAL_TEXTURING UNITY_PRETRANSFORM_TO_DISPLAY_ORIENTATION UNITY_ASTC_NORMALMAP_ENCODING SHADER_API_GLES30 SHADER_API_GLES31 SHADER_API_GLES32 UNITY_UNIFIED_SHADER_PRECISION_MODEL flags=0 lang=0 type=Vertex platform=d3d11 reqs=33 mask=6 start=9
RunExternalCompiler: begin name=FXC
RunExternalCompiler: end
compileSnippet complete
 ok=1 outsize=4062

Cmd: compileSnippet
  insize=2418 file=Packages/com.unity.render-pipelines.universal/Shaders/SimpleLit.shader name=Universal Render Pipeline/Simple Lit pass=ShadowCaster ppOnly=0 stripLineD=0 buildPlatform=19 rsLen=0 pKW=UNITY_ENABLE_REFLECTION_BUFFERS UNITY_USE_DITHER_MASK_FOR_ALPHABLENDED_SHADOWS UNITY_PBS_USE_BRDF1 UNITY_SPECCUBE_BOX_PROJECTION UNITY_SPECCUBE_BLENDING UNITY_ENABLE_DETAIL_NORMALMAP SHADER_API_DESKTOP UNITY_LIGHT_PROBE_PROXY_VOLUME UNITY_LIGHTMAP_FULL_HDR UNITY_PLATFORM_SUPPORTS_DEPTH_FETCH UNITY_PASS_SHADOWCASTER uKW= dKW=_CASTING_PUNCTUAL_LIGHT_SHADOW LOD_FADE_CROSSFADE DOTS_INSTANCING_ON INSTANCING_ON _ALPHATEST_ON UNITY_NO_DXT5nm UNITY_FRAMEBUFFER_FETCH_AVAILABLE UNITY_METAL_SHADOWS_USE_POINT_FILTERING UNITY_NO_SCREENSPACE_SHADOWS UNITY_PBS_USE_BRDF2 UNITY_PBS_USE_BRDF3 UNITY_HARDWARE_TIER1 UNITY_HARDWARE_TIER2 UNITY_HARDWARE_TIER3 UNITY_COLORSPACE_GAMMA UNITY_LIGHTMAP_DLDR_ENCODING UNITY_LIGHTMAP_RGBM_ENCODING UNITY_VIRTUAL_TEXTURING UNITY_PRETRANSFORM_TO_DISPLAY_ORIENTATION UNITY_ASTC_NORMALMAP_ENCODING SHADER_API_GLES30 SHADER_API_GLES31 SHADER_API_GLES32 UNITY_UNIFIED_SHADER_PRECISION_MODEL flags=0 lang=3 type=Vertex platform=d3d11 reqs=1 mask=6 start=172
RunExternalCompiler: begin name=FXC
RunExternalCompiler: end
compileSnippet complete
 ok=1 outsize=1210

Cmd: compileSnippet
  insize=1577 file=Packages/com.unity.render-pipelines.universal/Shaders/SimpleLit.shader name=Universal Render Pipeline/Simple Lit pass=MotionVectors ppOnly=0 stripLineD=0 buildPlatform=19 rsLen=0 pKW=UNITY_ENABLE_REFLECTION_BUFFERS UNITY_USE_DITHER_MASK_FOR_ALPHABLENDED_SHADOWS UNITY_PBS_USE_BRDF1 UNITY_SPECCUBE_BOX_PROJECTION UNITY_SPECCUBE_BLENDING UNITY_ENABLE_DETAIL_NORMALMAP SHADER_API_DESKTOP UNITY_LIGHT_PROBE_PROXY_VOLUME UNITY_LIGHTMAP_FULL_HDR UNITY_PLATFORM_SUPPORTS_DEPTH_FETCH UNITY_PASS_MOTIONVECTORS uKW= dKW=LOD_FADE_CROSSFADE DOTS_INSTANCING_ON INSTANCING_ON _ALPHATEST_ON UNITY_NO_DXT5nm UNITY_FRAMEBUFFER_FETCH_AVAILABLE UNITY_METAL_SHADOWS_USE_POINT_FILTERING UNITY_NO_SCREENSPACE_SHADOWS UNITY_PBS_USE_BRDF2 UNITY_PBS_USE_BRDF3 UNITY_HARDWARE_TIER1 UNITY_HARDWARE_TIER2 UNITY_HARDWARE_TIER3 UNITY_COLORSPACE_GAMMA UNITY_LIGHTMAP_DLDR_ENCODING UNITY_LIGHTMAP_RGBM_ENCODING UNITY_VIRTUAL_TEXTURING UNITY_PRETRANSFORM_TO_DISPLAY_ORIENTATION UNITY_ASTC_NORMALMAP_ENCODING SHADER_API_GLES30 SHADER_API_GLES31 SHADER_API_GLES32 UNITY_UNIFIED_SHADER_PRECISION_MODEL flags=0 lang=3 type=Fragment platform=d3d11 reqs=4075 mask=6 start=446
RunExternalCompiler: begin name=FXC
RunExternalCompiler: end
compileSnippet complete
 ok=1 outsize=646

Cmd: compileSnippet
  insize=1141 file=Packages/com.unity.render-pipelines.universal/Shaders/2D/Shadow2D-Shadow-Geometry.shader name=Hidden/Shadow2DShadowGeometry pass=Draw Geometry Shadow (R) ppOnly=0 stripLineD=0 buildPlatform=19 rsLen=0 pKW=UNITY_ENABLE_REFLECTION_BUFFERS UNITY_USE_DITHER_MASK_FOR_ALPHABLENDED_SHADOWS UNITY_PBS_USE_BRDF1 UNITY_SPECCUBE_BOX_PROJECTION UNITY_SPECCUBE_BLENDING UNITY_ENABLE_DETAIL_NORMALMAP SHADER_API_DESKTOP UNITY_LIGHT_PROBE_PROXY_VOLUME UNITY_LIGHTMAP_FULL_HDR UNITY_PLATFORM_SUPPORTS_DEPTH_FETCH uKW= dKW=UNITY_NO_DXT5nm UNITY_FRAMEBUFFER_FETCH_AVAILABLE UNITY_METAL_SHADOWS_USE_POINT_FILTERING UNITY_NO_SCREENSPACE_SHADOWS UNITY_PBS_USE_BRDF2 UNITY_PBS_USE_BRDF3 UNITY_HARDWARE_TIER1 UNITY_HARDWARE_TIER2 UNITY_HARDWARE_TIER3 UNITY_COLORSPACE_GAMMA UNITY_LIGHTMAP_DLDR_ENCODING UNITY_LIGHTMAP_RGBM_ENCODING UNITY_VIRTUAL_TEXTURING UNITY_PRETRANSFORM_TO_DISPLAY_ORIENTATION UNITY_ASTC_NORMALMAP_ENCODING SHADER_API_GLES30 SHADER_API_GLES31 SHADER_API_GLES32 UNITY_UNIFIED_SHADER_PRECISION_MODEL flags=0 lang=3 type=Vertex platform=d3d11 reqs=33 mask=6 start=24
RunExternalCompiler: begin name=FXC
RunExternalCompiler: end
compileSnippet complete
 ok=1 outsize=570

Cmd: compileSnippet
  insize=1298 file=Packages/com.unity.render-pipelines.universal/Shaders/Unlit.shader name=Universal Render Pipeline/Unlit pass=Meta ppOnly=0 stripLineD=0 buildPlatform=19 rsLen=0 pKW=UNITY_ENABLE_REFLECTION_BUFFERS UNITY_USE_DITHER_MASK_FOR_ALPHABLENDED_SHADOWS UNITY_PBS_USE_BRDF1 UNITY_SPECCUBE_BOX_PROJECTION UNITY_SPECCUBE_BLENDING UNITY_ENABLE_DETAIL_NORMALMAP SHADER_API_DESKTOP UNITY_LIGHT_PROBE_PROXY_VOLUME UNITY_LIGHTMAP_FULL_HDR UNITY_PLATFORM_SUPPORTS_DEPTH_FETCH UNITY_PASS_META uKW= dKW=EDITOR_VISUALIZATION UNITY_NO_DXT5nm UNITY_FRAMEBUFFER_FETCH_AVAILABLE UNITY_METAL_SHADOWS_USE_POINT_FILTERING UNITY_NO_SCREENSPACE_SHADOWS UNITY_PBS_USE_BRDF2 UNITY_PBS_USE_BRDF3 UNITY_HARDWARE_TIER1 UNITY_HARDWARE_TIER2 UNITY_HARDWARE_TIER3 UNITY_COLORSPACE_GAMMA UNITY_LIGHTMAP_DLDR_ENCODING UNITY_LIGHTMAP_RGBM_ENCODING UNITY_VIRTUAL_TEXTURING UNITY_PRETRANSFORM_TO_DISPLAY_ORIENTATION UNITY_ASTC_NORMALMAP_ENCODING SHADER_API_GLES30 SHADER_API_GLES31 SHADER_API_GLES32 UNITY_UNIFIED_SHADER_PRECISION_MODEL flags=0 lang=3 type=Fragment platform=d3d11 reqs=1 mask=6 start=242
RunExternalCompiler: begin name=FXC
RunExternalCompiler: end
compileSnippet complete
 ok=1 outsize=682

Cmd: compileSnippet
  insize=1504 file=Packages/com.unity.render-pipelines.universal/Shaders/2D/Mesh2D-Lit-Default.shader name=Universal Render Pipeline/2D/Mesh2D-Lit-Default pass=<Unnamed Pass 2> ppOnly=0 stripLineD=0 buildPlatform=19 rsLen=0 pKW=UNITY_ENABLE_REFLECTION_BUFFERS UNITY_USE_DITHER_MASK_FOR_ALPHABLENDED_SHADOWS UNITY_PBS_USE_BRDF1 UNITY_SPECCUBE_BOX_PROJECTION UNITY_SPECCUBE_BLENDING UNITY_ENABLE_DETAIL_NORMALMAP SHADER_API_DESKTOP UNITY_LIGHT_PROBE_PROXY_VOLUME UNITY_LIGHTMAP_FULL_HDR UNITY_PLATFORM_SUPPORTS_DEPTH_FETCH uKW= dKW=INSTANCING_ON UNITY_NO_DXT5nm UNITY_FRAMEBUFFER_FETCH_AVAILABLE UNITY_METAL_SHADOWS_USE_POINT_FILTERING UNITY_NO_SCREENSPACE_SHADOWS UNITY_PBS_USE_BRDF2 UNITY_PBS_USE_BRDF3 UNITY_HARDWARE_TIER1 UNITY_HARDWARE_TIER2 UNITY_HARDWARE_TIER3 UNITY_COLORSPACE_GAMMA UNITY_LIGHTMAP_DLDR_ENCODING UNITY_LIGHTMAP_RGBM_ENCODING UNITY_VIRTUAL_TEXTURING UNITY_PRETRANSFORM_TO_DISPLAY_ORIENTATION UNITY_ASTC_NORMALMAP_ENCODING SHADER_API_GLES30 SHADER_API_GLES31 SHADER_API_GLES32 UNITY_UNIFIED_SHADER_PRECISION_MODEL flags=0 lang=3 type=Fragment platform=d3d11 reqs=33 mask=6 start=111
RunExternalCompiler: begin name=FXC
RunExternalCompiler: end
compileSnippet complete
 ok=1 outsize=398

Cmd: compileSnippet
  insize=10913 file=Assets/Samples/XR Interaction Toolkit/3.4.1/Starter Assets/Shaders/Unlit_Fresnel.shadergraph name=Shader Graphs/Unlit_Fresnel pass=ShadowCaster ppOnly=0 stripLineD=0 buildPlatform=19 rsLen=0 pKW=UNITY_ENABLE_REFLECTION_BUFFERS UNITY_USE_DITHER_MASK_FOR_ALPHABLENDED_SHADOWS UNITY_PBS_USE_BRDF1 UNITY_SPECCUBE_BOX_PROJECTION UNITY_SPECCUBE_BLENDING UNITY_ENABLE_DETAIL_NORMALMAP SHADER_API_DESKTOP UNITY_LIGHT_PROBE_PROXY_VOLUME UNITY_LIGHTMAP_FULL_HDR UNITY_PLATFORM_SUPPORTS_DEPTH_FETCH UNITY_PASS_SHADOWCASTER uKW= dKW=_CASTING_PUNCTUAL_LIGHT_SHADOW DOTS_INSTANCING_ON INSTANCING_ON UNITY_NO_DXT5nm UNITY_FRAMEBUFFER_FETCH_AVAILABLE UNITY_METAL_SHADOWS_USE_POINT_FILTERING UNITY_NO_SCREENSPACE_SHADOWS UNITY_PBS_USE_BRDF2 UNITY_PBS_USE_BRDF3 UNITY_HARDWARE_TIER1 UNITY_HARDWARE_TIER2 UNITY_HARDWARE_TIER3 UNITY_COLORSPACE_GAMMA UNITY_LIGHTMAP_DLDR_ENCODING UNITY_LIGHTMAP_RGBM_ENCODING UNITY_VIRTUAL_TEXTURING UNITY_PRETRANSFORM_TO_DISPLAY_ORIENTATION UNITY_ASTC_NORMALMAP_ENCODING SHADER_API_GLES30 SHADER_API_GLES31 SHADER_API_GLES32 UNITY_UNIFIED_SHADER_PRECISION_MODEL flags=0 lang=3 type=Vertex platform=d3d11 reqs=1 mask=6 start=1366
RunExternalCompiler: begin name=FXC
RunExternalCompiler: end
compileSnippet complete
 ok=1 outsize=1270

Cmd: compileSnippet
  insize=9560 file=Packages/com.unity.render-pipelines.universal/Shaders/Lit.shader name=Universal Render Pipeline/Lit pass=ForwardLit ppOnly=0 stripLineD=0 buildPlatform=19 rsLen=0 pKW=UNITY_ENABLE_REFLECTION_BUFFERS UNITY_USE_DITHER_MASK_FOR_ALPHABLENDED_SHADOWS UNITY_PBS_USE_BRDF1 UNITY_SPECCUBE_BOX_PROJECTION UNITY_SPECCUBE_BLENDING UNITY_ENABLE_DETAIL_NORMALMAP SHADER_API_DESKTOP UNITY_LIGHT_PROBE_PROXY_VOLUME UNITY_LIGHTMAP_FULL_HDR UNITY_PLATFORM_SUPPORTS_DEPTH_FETCH uKW=_MAIN_LIGHT_SHADOWS LIGHTMAP_SHADOW_MIXING SHADOWS_SHADOWMASK DIRLIGHTMAP_COMBINED LIGHTMAP_ON FOG_EXP2 _NORMALMAP _PARALLAXMAP dKW=_MAIN_LIGHT_SHADOWS_CASCADE _MAIN_LIGHT_SHADOWS_SCREEN _ADDITIONAL_LIGHTS_VERTEX _ADDITIONAL_LIGHTS EVALUATE_SH_MIXED EVALUATE_SH_VERTEX _LIGHT_LAYERS _CLUSTER_LIGHT_LOOP DYNAMICLIGHTMAP_ON USE_LEGACY_LIGHTMAPS LOD_FADE_CROSSFADE PROBE_VOLUMES_L1 PROBE_VOLUMES_L2 DOTS_INSTANCING_ON FOG_LINEAR FOG_EXP INSTANCING_ON _RECEIVE_SHADOWS_OFF _DETAIL_MULX2 _DETAIL_SCALED UNITY_NO_DXT5nm UNITY_FRAMEBUFFER_FETCH_AVAILABLE UNITY_METAL_SHADOWS_USE_POINT_FILTERING UNITY_NO_SCREENSPACE_SHADOWS UNITY_PBS_USE_BRDF2 UNITY_PBS_USE_BRDF3 UNITY_HARDWARE_TIER1 UNITY_HARDWARE_TIER2 UNITY_HARDWARE_TIER3 UNITY_COLORSPACE_GAMMA UNITY_LIGHTMAP_DLDR_ENCODING UNITY_LIGHTMAP_RGBM_ENCODING UNITY_VIRTUAL_TEXTURING UNITY_PRETRANSFORM_TO_DISPLAY_ORIENTATION UNITY_ASTC_NORMALMAP_ENCODING SHADER_API_GLES30 SHADER_API_GLES31 SHADER_API_GLES32 UNITY_UNIFIED_SHADER_PRECISION_MODEL flags=0 lang=3 type=Vertex platform=d3d11 reqs=227 mask=6 start=111
RunExternalCompiler: begin name=FXC
RunExternalCompiler: end
compileSnippet complete
 ok=1 outsize=2610

Cmd: compileSnippet
  insize=9560 file=Packages/com.unity.render-pipelines.universal/Shaders/Lit.shader name=Universal Render Pipeline/Lit pass=ForwardLit ppOnly=0 stripLineD=0 buildPlatform=19 rsLen=0 pKW=UNITY_ENABLE_REFLECTION_BUFFERS UNITY_USE_DITHER_MASK_FOR_ALPHABLENDED_SHADOWS UNITY_PBS_USE_BRDF1 UNITY_SPECCUBE_BOX_PROJECTION UNITY_SPECCUBE_BLENDING UNITY_ENABLE_DETAIL_NORMALMAP SHADER_API_DESKTOP UNITY_LIGHT_PROBE_PROXY_VOLUME UNITY_LIGHTMAP_FULL_HDR UNITY_PLATFORM_SUPPORTS_DEPTH_FETCH uKW=_MAIN_LIGHT_SHADOWS LIGHTMAP_SHADOW_MIXING SHADOWS_SHADOWMASK FOG_EXP2 _EMISSION dKW=_ADDITIONAL_LIGHT_SHADOWS _REFLECTION_PROBE_BLENDING _REFLECTION_PROBE_BOX_PROJECTION _REFLECTION_PROBE_ATLAS _SHADOWS_SOFT _SHADOWS_SOFT_LOW _SHADOWS_SOFT_MEDIUM _SHADOWS_SOFT_HIGH _SCREEN_SPACE_OCCLUSION _SCREEN_SPACE_IRRADIANCE _DBUFFER_MRT1 _DBUFFER_MRT2 _DBUFFER_MRT3 _LIGHT_COOKIES _WRITE_RENDERING_LAYERS LIGHTMAP_BICUBIC_SAMPLING REFLECTION_PROBE_ROTATION DEBUG_DISPLAY _MAIN_LIGHT_SHADOWS_CASCADE _MAIN_LIGHT_SHADOWS_SCREEN _ADDITIONAL_LIGHTS_VERTEX _ADDITIONAL_LIGHTS EVALUATE_SH_MIXED EVALUATE_SH_VERTEX _LIGHT_LAYERS _CLUSTER_LIGHT_LOOP DIRLIGHTMAP_COMBINED LIGHTMAP_ON DYNAMICLIGHTMAP_ON USE_LEGACY_LIGHTMAPS LOD_FADE_CROSSFADE PROBE_VOLUMES_L1 PROBE_VOLUMES_L2 DOTS_INSTANCING_ON FOG_LINEAR FOG_EXP INSTANCING_ON _SURFACE_TYPE_TRANSPARENT _ALPHATEST_ON _ALPHAPREMULTIPLY_ON _ALPHAMODULATE_ON _METALLICSPECGLOSSMAP _SMOOTHNESS_TEXTURE_ALBEDO_CHANNEL_A _OCCLUSIONMAP _SPECULARHIGHLIGHTS_OFF _ENVIRONMENTREFLECTIONS_OFF _SPECULAR_SETUP _NORMALMAP _PARALLAXMAP _RECEIVE_SHADOWS_OFF _DETAIL_MULX2 _DETAIL_SCALED UNITY_NO_DXT5nm UNITY_FRAMEBUFFER_FETCH_AVAILABLE UNITY_METAL_SHADOWS_USE_POINT_FILTERING UNITY_NO_SCREENSPACE_SHADOWS UNITY_PBS_USE_BRDF2 UNITY_PBS_USE_BRDF3 UNITY_HARDWARE_TIER1 UNITY_HARDWARE_TIER2 UNITY_HARDWARE_TIER3 UNITY_COLORSPACE_GAMMA UNITY_LIGHTMAP_DLDR_ENCODING UNITY_LIGHTMAP_RGBM_ENCODING UNITY_VIRTUAL_TEXTURING UNITY_PRETRANSFORM_TO_DISPLAY_ORIENTATION UNITY_ASTC_NORMALMAP_ENCODING SHADER_API_GLES30 SHADER_API_GLES31 SHADER_API_GLES32 UNITY_UNIFIED_SHADER_PRECISION_MODEL flags=0 lang=3 type=Fragment platform=d3d11 reqs=1 mask=6 start=111
RunExternalCompiler: begin name=FXC
RunExternalCompiler: end
compileSnippet complete
 ok=1 outsize=4294

Cmd: compileSnippet
  insize=9560 file=Packages/com.unity.render-pipelines.universal/Shaders/Lit.shader name=Universal Render Pipeline/Lit pass=ForwardLit ppOnly=0 stripLineD=0 buildPlatform=19 rsLen=0 pKW=UNITY_ENABLE_REFLECTION_BUFFERS UNITY_USE_DITHER_MASK_FOR_ALPHABLENDED_SHADOWS UNITY_PBS_USE_BRDF1 UNITY_SPECCUBE_BOX_PROJECTION UNITY_SPECCUBE_BLENDING UNITY_ENABLE_DETAIL_NORMALMAP SHADER_API_DESKTOP UNITY_LIGHT_PROBE_PROXY_VOLUME UNITY_LIGHTMAP_FULL_HDR UNITY_PLATFORM_SUPPORTS_DEPTH_FETCH uKW=_MAIN_LIGHT_SHADOWS LIGHTMAP_SHADOW_MIXING SHADOWS_SHADOWMASK FOG_EXP2 _SURFACE_TYPE_TRANSPARENT dKW=_ADDITIONAL_LIGHT_SHADOWS _REFLECTION_PROBE_BLENDING _REFLECTION_PROBE_BOX_PROJECTION _REFLECTION_PROBE_ATLAS _SHADOWS_SOFT _SHADOWS_SOFT_LOW _SHADOWS_SOFT_MEDIUM _SHADOWS_SOFT_HIGH _SCREEN_SPACE_OCCLUSION _SCREEN_SPACE_IRRADIANCE _DBUFFER_MRT1 _DBUFFER_MRT2 _DBUFFER_MRT3 _LIGHT_COOKIES _WRITE_RENDERING_LAYERS LIGHTMAP_BICUBIC_SAMPLING REFLECTION_PROBE_ROTATION DEBUG_DISPLAY _MAIN_LIGHT_SHADOWS_CASCADE _MAIN_LIGHT_SHADOWS_SCREEN _ADDITIONAL_LIGHTS_VERTEX _ADDITIONAL_LIGHTS EVALUATE_SH_MIXED EVALUATE_SH_VERTEX _LIGHT_LAYERS _CLUSTER_LIGHT_LOOP DIRLIGHTMAP_COMBINED LIGHTMAP_ON DYNAMICLIGHTMAP_ON USE_LEGACY_LIGHTMAPS LOD_FADE_CROSSFADE PROBE_VOLUMES_L1 PROBE_VOLUMES_L2 DOTS_INSTANCING_ON FOG_LINEAR FOG_EXP INSTANCING_ON _ALPHATEST_ON _ALPHAPREMULTIPLY_ON _ALPHAMODULATE_ON _EMISSION _METALLICSPECGLOSSMAP _SMOOTHNESS_TEXTURE_ALBEDO_CHANNEL_A _OCCLUSIONMAP _SPECULARHIGHLIGHTS_OFF _ENVIRONMENTREFLECTIONS_OFF _SPECULAR_SETUP _NORMALMAP _PARALLAXMAP _RECEIVE_SHADOWS_OFF _DETAIL_MULX2 _DETAIL_SCALED UNITY_NO_DXT5nm UNITY_FRAMEBUFFER_FETCH_AVAILABLE UNITY_METAL_SHADOWS_USE_POINT_FILTERING UNITY_NO_SCREENSPACE_SHADOWS UNITY_PBS_USE_BRDF2 UNITY_PBS_USE_BRDF3 UNITY_HARDWARE_TIER1 UNITY_HARDWARE_TIER2 UNITY_HARDWARE_TIER3 UNITY_COLORSPACE_GAMMA UNITY_LIGHTMAP_DLDR_ENCODING UNITY_LIGHTMAP_RGBM_ENCODING UNITY_VIRTUAL_TEXTURING UNITY_PRETRANSFORM_TO_DISPLAY_ORIENTATION UNITY_ASTC_NORMALMAP_ENCODING SHADER_API_GLES30 SHADER_API_GLES31 SHADER_API_GLES32 UNITY_UNIFIED_SHADER_PRECISION_MODEL flags=0 lang=3 type=Fragment platform=d3d11 reqs=1 mask=6 start=111
RunExternalCompiler: begin name=FXC
RunExternalCompiler: end
compileSnippet complete
 ok=1 outsize=4190

Cmd: compileSnippet
  insize=2459 file=Packages/com.unity.render-pipelines.universal/Shaders/Nature/SpeedTree7.shader name=Universal Render Pipeline/Nature/SpeedTree7 pass=ShadowCaster ppOnly=0 stripLineD=0 buildPlatform=13 rsLen=0 pKW=UNITY_NO_DXT5nm UNITY_NO_RGBM UNITY_ENABLE_REFLECTION_BUFFERS UNITY_NO_CUBEMAP_ARRAY UNITY_NO_SCREENSPACE_SHADOWS UNITY_PBS_USE_BRDF2 SHADER_API_MOBILE UNITY_HARDWARE_TIER3 UNITY_LIGHTMAP_RGBM_ENCODING UNITY_PLATFORM_SUPPORTS_DEPTH_FETCH UNITY_PASS_SHADOWCASTER uKW=LOD_FADE_PERCENTAGE GEOM_TYPE_BRANCH dKW=_CASTING_PUNCTUAL_LIGHT_SHADOW LOD_FADE_CROSSFADE INSTANCING_ON GEOM_TYPE_BRANCH_DETAIL GEOM_TYPE_FROND GEOM_TYPE_LEAF GEOM_TYPE_MESH UNITY_FRAMEBUFFER_FETCH_AVAILABLE UNITY_METAL_SHADOWS_USE_POINT_FILTERING UNITY_USE_DITHER_MASK_FOR_ALPHABLENDED_SHADOWS UNITY_PBS_USE_BRDF1 UNITY_PBS_USE_BRDF3 UNITY_SPECCUBE_BOX_PROJECTION UNITY_SPECCUBE_BLENDING UNITY_ENABLE_DETAIL_NORMALMAP UNITY_HARDWARE_TIER1 UNITY_HARDWARE_TIER2 UNITY_COLORSPACE_GAMMA UNITY_LIGHT_PROBE_PROXY_VOLUME UNITY_LIGHTMAP_DLDR_ENCODING UNITY_LIGHTMAP_FULL_HDR UNITY_VIRTUAL_TEXTURING UNITY_PRETRANSFORM_TO_DISPLAY_ORIENTATION UNITY_ASTC_NORMALMAP_ENCODING SHADER_API_GLES30 SHADER_API_GLES31 SHADER_API_GLES32 UNITY_UNIFIED_SHADER_PRECISION_MODEL flags=268435456 lang=3 type=Vertex platform=d3d11 reqs=33 mask=6 start=108
RunExternalCompiler: begin name=FXC
RunExternalCompiler: end
compileSnippet complete
 ok=1 outsize=6690

Cmd: compileSnippet
  insize=1259 file=Packages/com.unity.render-pipelines.universal/Shaders/Utils/ScreenSpaceAmbientOcclusion.shader name=Hidden/Universal Render Pipeline/ScreenSpaceAmbientOcclusion pass=SSAO_Gaussian_HorizontalBlur ppOnly=0 stripLineD=0 buildPlatform=13 rsLen=0 pKW=UNITY_NO_DXT5nm UNITY_NO_RGBM UNITY_ENABLE_REFLECTION_BUFFERS UNITY_NO_CUBEMAP_ARRAY UNITY_NO_SCREENSPACE_SHADOWS UNITY_PBS_USE_BRDF2 SHADER_API_MOBILE UNITY_HARDWARE_TIER3 UNITY_LIGHTMAP_RGBM_ENCODING UNITY_PLATFORM_SUPPORTS_DEPTH_FETCH uKW= dKW=UNITY_FRAMEBUFFER_FETCH_AVAILABLE UNITY_METAL_SHADOWS_USE_POINT_FILTERING UNITY_USE_DITHER_MASK_FOR_ALPHABLENDED_SHADOWS UNITY_PBS_USE_BRDF1 UNITY_PBS_USE_BRDF3 UNITY_SPECCUBE_BOX_PROJECTION UNITY_SPECCUBE_BLENDING UNITY_ENABLE_DETAIL_NORMALMAP UNITY_HARDWARE_TIER1 UNITY_HARDWARE_TIER2 UNITY_COLORSPACE_GAMMA UNITY_LIGHT_PROBE_PROXY_VOLUME UNITY_LIGHTMAP_DLDR_ENCODING UNITY_LIGHTMAP_FULL_HDR UNITY_VIRTUAL_TEXTURING UNITY_PRETRANSFORM_TO_DISPLAY_ORIENTATION UNITY_ASTC_NORMALMAP_ENCODING SHADER_API_GLES30 SHADER_API_GLES31 SHADER_API_GLES32 UNITY_UNIFIED_SHADER_PRECISION_MODEL flags=268435456 lang=3 type=Fragment platform=d3d11 reqs=33 mask=6 start=126
RunExternalCompiler: begin name=FXC
RunExternalCompiler: end
compileSnippet complete
 ok=1 outsize=1002

Cmd: compileSnippet
  insize=10958 file=Packages/com.unity.render-pipelines.universal/Runtime/RendererFeatures/OnTileUberPost.shader name=OnTileUberPost pass=OnTileUberPostMSSoftwareVisMesh ppOnly=0 stripLineD=0 buildPlatform=13 rsLen=0 pKW=UNITY_NO_DXT5nm UNITY_NO_RGBM UNITY_ENABLE_REFLECTION_BUFFERS UNITY_NO_CUBEMAP_ARRAY UNITY_NO_SCREENSPACE_SHADOWS UNITY_PBS_USE_BRDF2 SHADER_API_MOBILE UNITY_HARDWARE_TIER3 UNITY_LIGHTMAP_RGBM_ENCODING UNITY_PLATFORM_SUPPORTS_DEPTH_FETCH uKW= dKW=_MSAA_2 _MSAA_4 UNITY_FRAMEBUFFER_FETCH_AVAILABLE UNITY_METAL_SHADOWS_USE_POINT_FILTERING UNITY_USE_DITHER_MASK_FOR_ALPHABLENDED_SHADOWS UNITY_PBS_USE_BRDF1 UNITY_PBS_USE_BRDF3 UNITY_SPECCUBE_BOX_PROJECTION UNITY_SPECCUBE_BLENDING UNITY_ENABLE_DETAIL_NORMALMAP UNITY_HARDWARE_TIER1 UNITY_HARDWARE_TIER2 UNITY_COLORSPACE_GAMMA UNITY_LIGHT_PROBE_PROXY_VOLUME UNITY_LIGHTMAP_DLDR_ENCODING UNITY_LIGHTMAP_FULL_HDR UNITY_VIRTUAL_TEXTURING UNITY_PRETRANSFORM_TO_DISPLAY_ORIENTATION UNITY_ASTC_NORMALMAP_ENCODING SHADER_API_GLES30 SHADER_API_GLES31 SHADER_API_GLES32 UNITY_UNIFIED_SHADER_PRECISION_MODEL flags=268435456 lang=3 type=Vertex platform=d3d11 reqs=1101803 mask=6 start=300
RunExternalCompiler: begin name=FXC
RunExternalCompiler: end
compileSnippet complete
 ok=1 outsize=646

Cmd: compileSnippet
  insize=1380 file=Packages/com.unity.render-pipelines.universal/Shaders/Terrain/WavingGrass.shader name=Hidden/TerrainEngine/Details/UniversalPipeline/WavingDoublePass pass=DepthOnly ppOnly=0 stripLineD=0 buildPlatform=13 rsLen=0 pKW=UNITY_NO_DXT5nm UNITY_NO_RGBM UNITY_ENABLE_REFLECTION_BUFFERS UNITY_NO_CUBEMAP_ARRAY UNITY_NO_SCREENSPACE_SHADOWS UNITY_PBS_USE_BRDF2 SHADER_API_MOBILE UNITY_HARDWARE_TIER3 UNITY_LIGHTMAP_RGBM_ENCODING UNITY_PLATFORM_SUPPORTS_DEPTH_FETCH uKW= dKW=INSTANCING_ON _GLOSSINESS_FROM_BASE_ALPHA UNITY_FRAMEBUFFER_FETCH_AVAILABLE UNITY_METAL_SHADOWS_USE_POINT_FILTERING UNITY_USE_DITHER_MASK_FOR_ALPHABLENDED_SHADOWS UNITY_PBS_USE_BRDF1 UNITY_PBS_USE_BRDF3 UNITY_SPECCUBE_BOX_PROJECTION UNITY_SPECCUBE_BLENDING UNITY_ENABLE_DETAIL_NORMALMAP UNITY_HARDWARE_TIER1 UNITY_HARDWARE_TIER2 UNITY_COLORSPACE_GAMMA UNITY_LIGHT_PROBE_PROXY_VOLUME UNITY_LIGHTMAP_DLDR_ENCODING UNITY_LIGHTMAP_FULL_HDR UNITY_VIRTUAL_TEXTURING UNITY_PRETRANSFORM_TO_DISPLAY_ORIENTATION UNITY_ASTC_NORMALMAP_ENCODING SHADER_API_GLES30 SHADER_API_GLES31 SHADER_API_GLES32 UNITY_UNIFIED_SHADER_PRECISION_MODEL flags=268435456 lang=3 type=Fragment platform=d3d11 reqs=1 mask=6 start=141
RunExternalCompiler: begin name=FXC
RunExternalCompiler: end
compileSnippet complete
 ok=1 outsize=1146

Cmd: compileSnippet
  insize=1703 file=Packages/com.unity.render-pipelines.core/Runtime/Debug/ProbeVolumeOffsetDebug.shader name=Hidden/Core/ProbeVolumeOffsetDebug pass=ForwardOnly ppOnly=0 stripLineD=0 buildPlatform=13 rsLen=0 pKW=UNITY_NO_DXT5nm UNITY_NO_RGBM UNITY_ENABLE_REFLECTION_BUFFERS UNITY_NO_CUBEMAP_ARRAY UNITY_NO_SCREENSPACE_SHADOWS UNITY_PBS_USE_BRDF2 SHADER_API_MOBILE UNITY_HARDWARE_TIER3 UNITY_LIGHTMAP_RGBM_ENCODING UNITY_PLATFORM_SUPPORTS_DEPTH_FETCH uKW= dKW=PROBE_VOLUMES_L1 PROBE_VOLUMES_L2 INSTANCING_ON UNITY_FRAMEBUFFER_FETCH_AVAILABLE UNITY_METAL_SHADOWS_USE_POINT_FILTERING UNITY_USE_DITHER_MASK_FOR_ALPHABLENDED_SHADOWS UNITY_PBS_USE_BRDF1 UNITY_PBS_USE_BRDF3 UNITY_SPECCUBE_BOX_PROJECTION UNITY_SPECCUBE_BLENDING UNITY_ENABLE_DETAIL_NORMALMAP UNITY_HARDWARE_TIER1 UNITY_HARDWARE_TIER2 UNITY_COLORSPACE_GAMMA UNITY_LIGHT_PROBE_PROXY_VOLUME UNITY_LIGHTMAP_DLDR_ENCODING UNITY_LIGHTMAP_FULL_HDR UNITY_VIRTUAL_TEXTURING UNITY_PRETRANSFORM_TO_DISPLAY_ORIENTATION UNITY_ASTC_NORMALMAP_ENCODING SHADER_API_GLES30 SHADER_API_GLES31 SHADER_API_GLES32 UNITY_UNIFIED_SHADER_PRECISION_MODEL flags=268435456 lang=3 type=Fragment platform=d3d11 reqs=1101803 mask=6 start=31
RunExternalCompiler: begin name=FXC
RunExternalCompiler: end
compileSnippet complete
 ok=1 outsize=390

Cmd: compileSnippet
  insize=5521 file=Packages/com.unity.render-pipelines.universal/Shaders/Terrain/TerrainLitAdd.shader name=Hidden/Universal Render Pipeline/Terrain/Lit (Add Pass) pass=GBuffer ppOnly=0 stripLineD=0 buildPlatform=13 rsLen=0 pKW=UNITY_NO_DXT5nm UNITY_NO_RGBM UNITY_ENABLE_REFLECTION_BUFFERS UNITY_NO_CUBEMAP_ARRAY UNITY_NO_SCREENSPACE_SHADOWS UNITY_PBS_USE_BRDF2 SHADER_API_MOBILE UNITY_HARDWARE_TIER3 UNITY_LIGHTMAP_RGBM_ENCODING UNITY_PLATFORM_SUPPORTS_DEPTH_FETCH uKW= dKW=_ALPHATEST_ON _REFLECTION_PROBE_BLENDING _SHADOWS_SOFT _SHADOWS_SOFT_LOW _SHADOWS_SOFT_MEDIUM _SHADOWS_SOFT_HIGH _WRITE_RENDERING_LAYERS LIGHTMAP_BICUBIC_SAMPLING REFLECTION_PROBE_ROTATION _GBUFFER_NORMALS_OCT _RENDER_PASS_ENABLED _MAIN_LIGHT_SHADOWS _MAIN_LIGHT_SHADOWS_CASCADE _MAIN_LIGHT_SHADOWS_SCREEN _CLUSTER_LIGHT_LOOP LIGHTMAP_SHADOW_MIXING SHADOWS_SHADOWMASK DIRLIGHTMAP_COMBINED LIGHTMAP_ON PROBE_VOLUMES_L1 PROBE_VOLUMES_L2 INSTANCING_ON _TERRAIN_BLEND_HEIGHT _NORMALMAP _MASKMAP _TERRAIN_INSTANCED_PERPIXEL_NORMAL UNITY_FRAMEBUFFER_FETCH_AVAILABLE UNITY_METAL_SHADOWS_USE_POINT_FILTERING UNITY_USE_DITHER_MASK_FOR_ALPHABLENDED_SHADOWS UNITY_PBS_USE_BRDF1 UNITY_PBS_USE_BRDF3 UNITY_SPECCUBE_BOX_PROJECTION UNITY_SPECCUBE_BLENDING UNITY_ENABLE_DETAIL_NORMALMAP UNITY_HARDWARE_TIER1 UNITY_HARDWARE_TIER2 UNITY_COLORSPACE_GAMMA UNITY_LIGHT_PROBE_PROXY_VOLUME UNITY_LIGHTMAP_DLDR_ENCODING UNITY_LIGHTMAP_FULL_HDR UNITY_VIRTUAL_TEXTURING UNITY_PRETRANSFORM_TO_DISPLAY_ORIENTATION UNITY_ASTC_NORMALMAP_ENCODING SHADER_API_GLES30 SHADER_API_GLES31 SHADER_API_GLES32 UNITY_UNIFIED_SHADER_PRECISION_MODEL flags=268435456 lang=3 type=Fragment platform=d3d11 reqs=1101803 mask=6 start=128
RunExternalCompiler: begin name=FXC
RunExternalCompiler: end
compileSnippet complete
 ok=1 outsize=6982

Cmd: compileSnippet
  insize=1316 file=Packages/com.unity.render-pipelines.universal/Shaders/Nature/SpeedTree7Billboard.shader name=Universal Render Pipeline/Nature/SpeedTree7 Billboard pass=DepthNormals ppOnly=0 stripLineD=0 buildPlatform=13 rsLen=0 pKW=UNITY_NO_DXT5nm UNITY_NO_RGBM UNITY_ENABLE_REFLECTION_BUFFERS UNITY_NO_CUBEMAP_ARRAY UNITY_NO_SCREENSPACE_SHADOWS UNITY_PBS_USE_BRDF2 SHADER_API_MOBILE UNITY_HARDWARE_TIER3 UNITY_LIGHTMAP_RGBM_ENCODING UNITY_PLATFORM_SUPPORTS_DEPTH_FETCH uKW= dKW=BILLBOARD_FACE_CAMERA_POS LOD_FADE_CROSSFADE EFFECT_BUMP UNITY_FRAMEBUFFER_FETCH_AVAILABLE UNITY_METAL_SHADOWS_USE_POINT_FILTERING UNITY_USE_DITHER_MASK_FOR_ALPHABLENDED_SHADOWS UNITY_PBS_USE_BRDF1 UNITY_PBS_USE_BRDF3 UNITY_SPECCUBE_BOX_PROJECTION UNITY_SPECCUBE_BLENDING UNITY_ENABLE_DETAIL_NORMALMAP UNITY_HARDWARE_TIER1 UNITY_HARDWARE_TIER2 UNITY_COLORSPACE_GAMMA UNITY_LIGHT_PROBE_PROXY_VOLUME UNITY_LIGHTMAP_DLDR_ENCODING UNITY_LIGHTMAP_FULL_HDR UNITY_VIRTUAL_TEXTURING UNITY_PRETRANSFORM_TO_DISPLAY_ORIENTATION UNITY_ASTC_NORMALMAP_ENCODING SHADER_API_GLES30 SHADER_API_GLES31 SHADER_API_GLES32 UNITY_UNIFIED_SHADER_PRECISION_MODEL flags=268435456 lang=3 type=Fragment platform=d3d11 reqs=33 mask=6 start=156
RunExternalCompiler: begin name=FXC
RunExternalCompiler: end
compileSnippet complete
 ok=1 outsize=1266

Cmd: compileSnippet
  insize=3628 file=Packages/com.unity.render-pipelines.universal/Shaders/Utils/StencilDeferred.shader name=Hidden/Universal Render Pipeline/StencilDeferred pass=Deferred Directional Light (Lit) ppOnly=0 stripLineD=0 buildPlatform=13 rsLen=0 pKW=UNITY_NO_DXT5nm UNITY_NO_RGBM UNITY_ENABLE_REFLECTION_BUFFERS UNITY_NO_CUBEMAP_ARRAY UNITY_NO_SCREENSPACE_SHADOWS UNITY_PBS_USE_BRDF2 SHADER_API_MOBILE UNITY_HARDWARE_TIER3 UNITY_LIGHTMAP_RGBM_ENCODING UNITY_PLATFORM_SUPPORTS_DEPTH_FETCH uKW= dKW=_MAIN_LIGHT_SHADOWS _MAIN_LIGHT_SHADOWS_CASCADE _MAIN_LIGHT_SHADOWS_SCREEN _DEFERRED_MAIN_LIGHT _DEFERRED_FIRST_LIGHT _ADDITIONAL_LIGHT_SHADOWS _SHADOWS_SOFT _SHADOWS_SOFT_LOW _SHADOWS_SOFT_MEDIUM _SHADOWS_SOFT_HIGH LIGHTMAP_SHADOW_MIXING SHADOWS_SHADOWMASK _GBUFFER_NORMALS_OCT _DEFERRED_MIXED_LIGHTING _SCREEN_SPACE_OCCLUSION _RENDER_PASS_ENABLED _LIGHT_COOKIES _LIGHT_LAYERS UNITY_FRAMEBUFFER_FETCH_AVAILABLE UNITY_METAL_SHADOWS_USE_POINT_FILTERING UNITY_USE_DITHER_MASK_FOR_ALPHABLENDED_SHADOWS UNITY_PBS_USE_BRDF1 UNITY_PBS_USE_BRDF3 UNITY_SPECCUBE_BOX_PROJECTION UNITY_SPECCUBE_BLENDING UNITY_ENABLE_DETAIL_NORMALMAP UNITY_HARDWARE_TIER1 UNITY_HARDWARE_TIER2 UNITY_COLORSPACE_GAMMA UNITY_LIGHT_PROBE_PROXY_VOLUME UNITY_LIGHTMAP_DLDR_ENCODING UNITY_LIGHTMAP_FULL_HDR UNITY_VIRTUAL_TEXTURING UNITY_PRETRANSFORM_TO_DISPLAY_ORIENTATION UNITY_ASTC_NORMALMAP_ENCODING SHADER_API_GLES30 SHADER_API_GLES31 SHADER_API_GLES32 UNITY_UNIFIED_SHADER_PRECISION_MODEL flags=268435456 lang=3 type=Fragment platform=d3d11 reqs=1101803 mask=6 start=237
RunExternalCompiler: begin name=FXC
RunExternalCompiler: end
compileSnippet complete
 ok=1 outsize=2670

Cmd: compileSnippet
  insize=3408 file=Packages/com.unity.render-pipelines.universal/Shaders/Utils/ClusterDeferred.shader name=Hidden/Universal Render Pipeline/ClusterDeferred pass=Deferred Clustered Lights (Lit) ppOnly=0 stripLineD=0 buildPlatform=13 rsLen=0 pKW=UNITY_NO_DXT5nm UNITY_NO_RGBM UNITY_ENABLE_REFLECTION_BUFFERS UNITY_NO_CUBEMAP_ARRAY UNITY_NO_SCREENSPACE_SHADOWS UNITY_PBS_USE_BRDF2 SHADER_API_MOBILE UNITY_HARDWARE_TIER3 UNITY_LIGHTMAP_RGBM_ENCODING UNITY_PLATFORM_SUPPORTS_DEPTH_FETCH uKW= dKW=_LIGHT_LAYERS UNITY_FRAMEBUFFER_FETCH_AVAILABLE UNITY_METAL_SHADOWS_USE_POINT_FILTERING UNITY_USE_DITHER_MASK_FOR_ALPHABLENDED_SHADOWS UNITY_PBS_USE_BRDF1 UNITY_PBS_USE_BRDF3 UNITY_SPECCUBE_BOX_PROJECTION UNITY_SPECCUBE_BLENDING UNITY_ENABLE_DETAIL_NORMALMAP UNITY_HARDWARE_TIER1 UNITY_HARDWARE_TIER2 UNITY_COLORSPACE_GAMMA UNITY_LIGHT_PROBE_PROXY_VOLUME UNITY_LIGHTMAP_DLDR_ENCODING UNITY_LIGHTMAP_FULL_HDR UNITY_VIRTUAL_TEXTURING UNITY_PRETRANSFORM_TO_DISPLAY_ORIENTATION UNITY_ASTC_NORMALMAP_ENCODING SHADER_API_GLES30 SHADER_API_GLES31 SHADER_API_GLES32 UNITY_UNIFIED_SHADER_PRECISION_MODEL flags=268435456 lang=3 type=Vertex platform=d3d11 reqs=1101803 mask=6 start=41
RunExternalCompiler: begin name=FXC
RunExternalCompiler: end
compileSnippet complete
 ok=1 outsize=510

Cmd: compileSnippet
  insize=1976 file=Packages/com.unity.render-pipelines.universal/Shaders/Utils/Blit.shader name=Hidden/Universal Render Pipeline/Blit pass=Blit ppOnly=0 stripLineD=0 buildPlatform=13 rsLen=0 pKW=UNITY_NO_DXT5nm UNITY_NO_RGBM UNITY_ENABLE_REFLECTION_BUFFERS UNITY_NO_CUBEMAP_ARRAY UNITY_NO_SCREENSPACE_SHADOWS UNITY_PBS_USE_BRDF2 SHADER_API_MOBILE UNITY_HARDWARE_TIER3 UNITY_LIGHTMAP_RGBM_ENCODING UNITY_PLATFORM_SUPPORTS_DEPTH_FETCH uKW= dKW=UNITY_FRAMEBUFFER_FETCH_AVAILABLE UNITY_METAL_SHADOWS_USE_POINT_FILTERING UNITY_USE_DITHER_MASK_FOR_ALPHABLENDED_SHADOWS UNITY_PBS_USE_BRDF1 UNITY_PBS_USE_BRDF3 UNITY_SPECCUBE_BOX_PROJECTION UNITY_SPECCUBE_BLENDING UNITY_ENABLE_DETAIL_NORMALMAP UNITY_HARDWARE_TIER1 UNITY_HARDWARE_TIER2 UNITY_COLORSPACE_GAMMA UNITY_LIGHT_PROBE_PROXY_VOLUME UNITY_LIGHTMAP_DLDR_ENCODING UNITY_LIGHTMAP_FULL_HDR UNITY_VIRTUAL_TEXTURING UNITY_PRETRANSFORM_TO_DISPLAY_ORIENTATION UNITY_ASTC_NORMALMAP_ENCODING SHADER_API_GLES30 SHADER_API_GLES31 SHADER_API_GLES32 UNITY_UNIFIED_SHADER_PRECISION_MODEL flags=268435456 lang=3 type=Vertex platform=d3d11 reqs=33 mask=6 start=15
RunExternalCompiler: begin name=FXC
RunExternalCompiler: end
compileSnippet complete
 ok=1 outsize=582

Cmd: compileSnippet
  insize=1093 file=Packages/com.unity.render-pipelines.universal/Shaders/Terrain/TerrainDetailLit.shader name=Hidden/TerrainEngine/Details/UniversalPipeline/Vertexlit pass=DepthOnly ppOnly=0 stripLineD=0 buildPlatform=13 rsLen=0 pKW=UNITY_NO_DXT5nm UNITY_NO_RGBM UNITY_ENABLE_REFLECTION_BUFFERS UNITY_NO_CUBEMAP_ARRAY UNITY_NO_SCREENSPACE_SHADOWS UNITY_PBS_USE_BRDF2 SHADER_API_MOBILE UNITY_HARDWARE_TIER3 UNITY_LIGHTMAP_RGBM_ENCODING UNITY_PLATFORM_SUPPORTS_DEPTH_FETCH uKW= dKW=INSTANCING_ON UNITY_FRAMEBUFFER_FETCH_AVAILABLE UNITY_METAL_SHADOWS_USE_POINT_FILTERING UNITY_USE_DITHER_MASK_FOR_ALPHABLENDED_SHADOWS UNITY_PBS_USE_BRDF1 UNITY_PBS_USE_BRDF3 UNITY_SPECCUBE_BOX_PROJECTION UNITY_SPECCUBE_BLENDING UNITY_ENABLE_DETAIL_NORMALMAP UNITY_HARDWARE_TIER1 UNITY_HARDWARE_TIER2 UNITY_COLORSPACE_GAMMA UNITY_LIGHT_PROBE_PROXY_VOLUME UNITY_LIGHTMAP_DLDR_ENCODING UNITY_LIGHTMAP_FULL_HDR UNITY_VIRTUAL_TEXTURING UNITY_PRETRANSFORM_TO_DISPLAY_ORIENTATION UNITY_ASTC_NORMALMAP_ENCODING SHADER_API_GLES30 SHADER_API_GLES31 SHADER_API_GLES32 UNITY_UNIFIED_SHADER_PRECISION_MODEL flags=268435456 lang=3 type=Vertex platform=d3d11 reqs=1 mask=6 start=206
RunExternalCompiler: begin name=FXC
RunExternalCompiler: end
compileSnippet complete
 ok=1 outsize=602

Cmd: compileSnippet
  insize=4862 file=Packages/com.unity.render-pipelines.universal/Shaders/Terrain/WavingGrassBillboard.shader name=Hidden/TerrainEngine/Details/UniversalPipeline/BillboardWavingDoublePass pass=ForwardLit ppOnly=0 stripLineD=0 buildPlatform=13 rsLen=0 pKW=UNITY_NO_DXT5nm UNITY_NO_RGBM UNITY_ENABLE_REFLECTION_BUFFERS UNITY_NO_CUBEMAP_ARRAY UNITY_NO_SCREENSPACE_SHADOWS UNITY_PBS_USE_BRDF2 SHADER_API_MOBILE UNITY_HARDWARE_TIER3 UNITY_LIGHTMAP_RGBM_ENCODING UNITY_PLATFORM_SUPPORTS_DEPTH_FETCH uKW= dKW=_MAIN_LIGHT_SHADOWS _MAIN_LIGHT_SHADOWS_CASCADE _MAIN_LIGHT_SHADOWS_SCREEN _ADDITIONAL_LIGHTS_VERTEX _ADDITIONAL_LIGHTS LIGHTMAP_SHADOW_MIXING SHADOWS_SHADOWMASK _CLUSTER_LIGHT_LOOP DIRLIGHTMAP_COMBINED LIGHTMAP_ON FOG_LINEAR FOG_EXP FOG_EXP2 INSTANCING_ON UNITY_FRAMEBUFFER_FETCH_AVAILABLE UNITY_METAL_SHADOWS_USE_POINT_FILTERING UNITY_USE_DITHER_MASK_FOR_ALPHABLENDED_SHADOWS UNITY_PBS_USE_BRDF1 UNITY_PBS_USE_BRDF3 UNITY_SPECCUBE_BOX_PROJECTION UNITY_SPECCUBE_BLENDING UNITY_ENABLE_DETAIL_NORMALMAP UNITY_HARDWARE_TIER1 UNITY_HARDWARE_TIER2 UNITY_COLORSPACE_GAMMA UNITY_LIGHT_PROBE_PROXY_VOLUME UNITY_LIGHTMAP_DLDR_ENCODING UNITY_LIGHTMAP_FULL_HDR UNITY_VIRTUAL_TEXTURING UNITY_PRETRANSFORM_TO_DISPLAY_ORIENTATION UNITY_ASTC_NORMALMAP_ENCODING SHADER_API_GLES30 SHADER_API_GLES31 SHADER_API_GLES32 UNITY_UNIFIED_SHADER_PRECISION_MODEL flags=268435456 lang=3 type=Vertex platform=d3d11 reqs=1 mask=6 start=26
RunExternalCompiler: begin name=FXC
RunExternalCompiler: end
compileSnippet complete
 ok=1 outsize=3066

Cmd: compileSnippet
  insize=2378 file=Packages/com.unity.render-pipelines.universal/Shaders/Nature/SpeedTree8.shader name=Universal Render Pipeline/Nature/SpeedTree8 pass=ShadowCaster ppOnly=0 stripLineD=0 buildPlatform=13 rsLen=0 pKW=UNITY_NO_DXT5nm UNITY_NO_RGBM UNITY_ENABLE_REFLECTION_BUFFERS UNITY_NO_CUBEMAP_ARRAY UNITY_NO_SCREENSPACE_SHADOWS UNITY_PBS_USE_BRDF2 SHADER_API_MOBILE UNITY_HARDWARE_TIER3 UNITY_LIGHTMAP_RGBM_ENCODING UNITY_PLATFORM_SUPPORTS_DEPTH_FETCH UNITY_PASS_SHADOWCASTER uKW= dKW=LOD_FADE_CROSSFADE INSTANCING_ON EFFECT_BILLBOARD UNITY_FRAMEBUFFER_FETCH_AVAILABLE UNITY_METAL_SHADOWS_USE_POINT_FILTERING UNITY_USE_DITHER_MASK_FOR_ALPHABLENDED_SHADOWS UNITY_PBS_USE_BRDF1 UNITY_PBS_USE_BRDF3 UNITY_SPECCUBE_BOX_PROJECTION UNITY_SPECCUBE_BLENDING UNITY_ENABLE_DETAIL_NORMALMAP UNITY_HARDWARE_TIER1 UNITY_HARDWARE_TIER2 UNITY_COLORSPACE_GAMMA UNITY_LIGHT_PROBE_PROXY_VOLUME UNITY_LIGHTMAP_DLDR_ENCODING UNITY_LIGHTMAP_FULL_HDR UNITY_VIRTUAL_TEXTURING UNITY_PRETRANSFORM_TO_DISPLAY_ORIENTATION UNITY_ASTC_NORMALMAP_ENCODING SHADER_API_GLES30 SHADER_API_GLES31 SHADER_API_GLES32 UNITY_UNIFIED_SHADER_PRECISION_MODEL flags=268435456 lang=3 type=Fragment platform=d3d11 reqs=33 mask=6 start=184
RunExternalCompiler: begin name=FXC
RunExternalCompiler: end
compileSnippet complete
 ok=1 outsize=1126

Cmd: compileSnippet
  insize=1794 file=Packages/com.unity.render-pipelines.universal/Shaders/2D/RenderAs2D-Flattening.shader name=2D/RenderAs2D-Flattening pass=<Unnamed Pass 0> ppOnly=0 stripLineD=0 buildPlatform=13 rsLen=0 pKW=UNITY_NO_DXT5nm UNITY_NO_RGBM UNITY_ENABLE_REFLECTION_BUFFERS UNITY_NO_CUBEMAP_ARRAY UNITY_NO_SCREENSPACE_SHADOWS UNITY_PBS_USE_BRDF2 SHADER_API_MOBILE UNITY_HARDWARE_TIER3 UNITY_LIGHTMAP_RGBM_ENCODING UNITY_PLATFORM_SUPPORTS_DEPTH_FETCH uKW= dKW=UNITY_FRAMEBUFFER_FETCH_AVAILABLE UNITY_METAL_SHADOWS_USE_POINT_FILTERING UNITY_USE_DITHER_MASK_FOR_ALPHABLENDED_SHADOWS UNITY_PBS_USE_BRDF1 UNITY_PBS_USE_BRDF3 UNITY_SPECCUBE_BOX_PROJECTION UNITY_SPECCUBE_BLENDING UNITY_ENABLE_DETAIL_NORMALMAP UNITY_HARDWARE_TIER1 UNITY_HARDWARE_TIER2 UNITY_COLORSPACE_GAMMA UNITY_LIGHT_PROBE_PROXY_VOLUME UNITY_LIGHTMAP_DLDR_ENCODING UNITY_LIGHTMAP_FULL_HDR UNITY_VIRTUAL_TEXTURING UNITY_PRETRANSFORM_TO_DISPLAY_ORIENTATION UNITY_ASTC_NORMALMAP_ENCODING SHADER_API_GLES30 SHADER_API_GLES31 SHADER_API_GLES32 UNITY_UNIFIED_SHADER_PRECISION_MODEL flags=268435456 lang=3 type=Vertex platform=d3d11 reqs=33 mask=6 start=36
RunExternalCompiler: begin name=FXC
RunExternalCompiler: end
compileSnippet complete
 ok=1 outsize=590

Cmd: compileSnippet
  insize=1431 file=Packages/com.unity.render-pipelines.universal/Shaders/2D/RenderAs2D-Flattening.shader name=2D/RenderAs2D-Flattening pass=<Unnamed Pass 2> ppOnly=0 stripLineD=0 buildPlatform=13 rsLen=0 pKW=UNITY_NO_DXT5nm UNITY_NO_RGBM UNITY_ENABLE_REFLECTION_BUFFERS UNITY_NO_CUBEMAP_ARRAY UNITY_NO_SCREENSPACE_SHADOWS UNITY_PBS_USE_BRDF2 SHADER_API_MOBILE UNITY_HARDWARE_TIER3 UNITY_LIGHTMAP_RGBM_ENCODING UNITY_PLATFORM_SUPPORTS_DEPTH_FETCH uKW= dKW=UNITY_FRAMEBUFFER_FETCH_AVAILABLE UNITY_METAL_SHADOWS_USE_POINT_FILTERING UNITY_USE_DITHER_MASK_FOR_ALPHABLENDED_SHADOWS UNITY_PBS_USE_BRDF1 UNITY_PBS_USE_BRDF3 UNITY_SPECCUBE_BOX_PROJECTION UNITY_SPECCUBE_BLENDING UNITY_ENABLE_DETAIL_NORMALMAP UNITY_HARDWARE_TIER1 UNITY_HARDWARE_TIER2 UNITY_COLORSPACE_GAMMA UNITY_LIGHT_PROBE_PROXY_VOLUME UNITY_LIGHTMAP_DLDR_ENCODING UNITY_LIGHTMAP_FULL_HDR UNITY_VIRTUAL_TEXTURING UNITY_PRETRANSFORM_TO_DISPLAY_ORIENTATION UNITY_ASTC_NORMALMAP_ENCODING SHADER_API_GLES30 SHADER_API_GLES31 SHADER_API_GLES32 UNITY_UNIFIED_SHADER_PRECISION_MODEL flags=268435456 lang=3 type=Fragment platform=d3d11 reqs=33 mask=6 start=146
RunExternalCompiler: begin name=FXC
RunExternalCompiler: end
compileSnippet complete
 ok=1 outsize=250

Cmd: compileSnippet
  insize=2979 file=Packages/com.unity.render-pipelines.universal/Shaders/2D/Sprite-Lit-Default.shader name=Universal Render Pipeline/2D/Sprite-Lit-Default pass=<Unnamed Pass 0> ppOnly=0 stripLineD=0 buildPlatform=13 rsLen=0 pKW=UNITY_NO_DXT5nm UNITY_NO_RGBM UNITY_ENABLE_REFLECTION_BUFFERS UNITY_NO_CUBEMAP_ARRAY UNITY_NO_SCREENSPACE_SHADOWS UNITY_PBS_USE_BRDF2 SHADER_API_MOBILE UNITY_HARDWARE_TIER3 UNITY_LIGHTMAP_RGBM_ENCODING UNITY_PLATFORM_SUPPORTS_DEPTH_FETCH uKW= dKW=USE_SHAPE_LIGHT_TYPE_0 USE_SHAPE_LIGHT_TYPE_1 USE_SHAPE_LIGHT_TYPE_2 USE_SHAPE_LIGHT_TYPE_3 DEBUG_DISPLAY SKINNED_SPRITE INSTANCING_ON UNITY_FRAMEBUFFER_FETCH_AVAILABLE UNITY_METAL_SHADOWS_USE_POINT_FILTERING UNITY_USE_DITHER_MASK_FOR_ALPHABLENDED_SHADOWS UNITY_PBS_USE_BRDF1 UNITY_PBS_USE_BRDF3 UNITY_SPECCUBE_BOX_PROJECTION UNITY_SPECCUBE_BLENDING UNITY_ENABLE_DETAIL_NORMALMAP UNITY_HARDWARE_TIER1 UNITY_HARDWARE_TIER2 UNITY_COLORSPACE_GAMMA UNITY_LIGHT_PROBE_PROXY_VOLUME UNITY_LIGHTMAP_DLDR_ENCODING UNITY_LIGHTMAP_FULL_HDR UNITY_VIRTUAL_TEXTURING UNITY_PRETRANSFORM_TO_DISPLAY_ORIENTATION UNITY_ASTC_NORMALMAP_ENCODING SHADER_API_GLES30 SHADER_API_GLES31 SHADER_API_GLES32 UNITY_UNIFIED_SHADER_PRECISION_MODEL flags=268435456 lang=3 type=Vertex platform=d3d11 reqs=33 mask=6 start=29
RunExternalCompiler: begin name=FXC
RunExternalCompiler: end
compileSnippet complete
 ok=1 outsize=1254

Cmd: compileSnippet
  insize=11851 file=Packages/com.unity.render-pipelines.universal/Shaders/PostProcessing/Bloom.shader name=Hidden/Universal Render Pipeline/Bloom pass=Bloom Blur Horizontal ppOnly=0 stripLineD=0 buildPlatform=13 rsLen=0 pKW=UNITY_NO_DXT5nm UNITY_NO_RGBM UNITY_ENABLE_REFLECTION_BUFFERS UNITY_NO_CUBEMAP_ARRAY UNITY_NO_SCREENSPACE_SHADOWS UNITY_PBS_USE_BRDF2 SHADER_API_MOBILE UNITY_HARDWARE_TIER3 UNITY_LIGHTMAP_RGBM_ENCODING UNITY_PLATFORM_SUPPORTS_DEPTH_FETCH uKW= dKW=UNITY_FRAMEBUFFER_FETCH_AVAILABLE UNITY_METAL_SHADOWS_USE_POINT_FILTERING UNITY_USE_DITHER_MASK_FOR_ALPHABLENDED_SHADOWS UNITY_PBS_USE_BRDF1 UNITY_PBS_USE_BRDF3 UNITY_SPECCUBE_BOX_PROJECTION UNITY_SPECCUBE_BLENDING UNITY_ENABLE_DETAIL_NORMALMAP UNITY_HARDWARE_TIER1 UNITY_HARDWARE_TIER2 UNITY_COLORSPACE_GAMMA UNITY_LIGHT_PROBE_PROXY_VOLUME UNITY_LIGHTMAP_DLDR_ENCODING UNITY_LIGHTMAP_FULL_HDR UNITY_VIRTUAL_TEXTURING UNITY_PRETRANSFORM_TO_DISPLAY_ORIENTATION UNITY_ASTC_NORMALMAP_ENCODING SHADER_API_GLES30 SHADER_API_GLES31 SHADER_API_GLES32 UNITY_UNIFIED_SHADER_PRECISION_MODEL flags=268435456 lang=3 type=Vertex platform=d3d11 reqs=33 mask=6 start=270
RunExternalCompiler: begin name=FXC
RunExternalCompiler: end
compileSnippet complete
 ok=1 outsize=582

Cmd: compileSnippet
  insize=11860 file=Packages/com.unity.render-pipelines.universal/Shaders/PostProcessing/Bloom.shader name=Hidden/Universal Render Pipeline/Bloom pass=Bloom Dual Downsample ppOnly=0 stripLineD=0 buildPlatform=13 rsLen=0 pKW=UNITY_NO_DXT5nm UNITY_NO_RGBM UNITY_ENABLE_REFLECTION_BUFFERS UNITY_NO_CUBEMAP_ARRAY UNITY_NO_SCREENSPACE_SHADOWS UNITY_PBS_USE_BRDF2 SHADER_API_MOBILE UNITY_HARDWARE_TIER3 UNITY_LIGHTMAP_RGBM_ENCODING UNITY_PLATFORM_SUPPORTS_DEPTH_FETCH uKW= dKW=UNITY_FRAMEBUFFER_FETCH_AVAILABLE UNITY_METAL_SHADOWS_USE_POINT_FILTERING UNITY_USE_DITHER_MASK_FOR_ALPHABLENDED_SHADOWS UNITY_PBS_USE_BRDF1 UNITY_PBS_USE_BRDF3 UNITY_SPECCUBE_BOX_PROJECTION UNITY_SPECCUBE_BLENDING UNITY_ENABLE_DETAIL_NORMALMAP UNITY_HARDWARE_TIER1 UNITY_HARDWARE_TIER2 UNITY_COLORSPACE_GAMMA UNITY_LIGHT_PROBE_PROXY_VOLUME UNITY_LIGHTMAP_DLDR_ENCODING UNITY_LIGHTMAP_FULL_HDR UNITY_VIRTUAL_TEXTURING UNITY_PRETRANSFORM_TO_DISPLAY_ORIENTATION UNITY_ASTC_NORMALMAP_ENCODING SHADER_API_GLES30 SHADER_API_GLES31 SHADER_API_GLES32 UNITY_UNIFIED_SHADER_PRECISION_MODEL flags=268435456 lang=3 type=Fragment platform=d3d11 reqs=33 mask=6 start=311
RunExternalCompiler: begin name=FXC
RunExternalCompiler: end
compileSnippet complete
 ok=1 outsize=1098

Cmd: compileSnippet
  insize=5864 file=Packages/com.unity.render-pipelines.universal/Shaders/PostProcessing/CameraMotionBlur.shader name=Hidden/Universal Render Pipeline/CameraMotionBlur pass=Camera And Object Motion Blur - Low Quality ppOnly=0 stripLineD=0 buildPlatform=13 rsLen=0 pKW=UNITY_NO_DXT5nm UNITY_NO_RGBM UNITY_ENABLE_REFLECTION_BUFFERS UNITY_NO_CUBEMAP_ARRAY UNITY_NO_SCREENSPACE_SHADOWS UNITY_PBS_USE_BRDF2 SHADER_API_MOBILE UNITY_HARDWARE_TIER3 UNITY_LIGHTMAP_RGBM_ENCODING UNITY_PLATFORM_SUPPORTS_DEPTH_FETCH uKW= dKW=UNITY_FRAMEBUFFER_FETCH_AVAILABLE UNITY_METAL_SHADOWS_USE_POINT_FILTERING UNITY_USE_DITHER_MASK_FOR_ALPHABLENDED_SHADOWS UNITY_PBS_USE_BRDF1 UNITY_PBS_USE_BRDF3 UNITY_SPECCUBE_BOX_PROJECTION UNITY_SPECCUBE_BLENDING UNITY_ENABLE_DETAIL_NORMALMAP UNITY_HARDWARE_TIER1 UNITY_HARDWARE_TIER2 UNITY_COLORSPACE_GAMMA UNITY_LIGHT_PROBE_PROXY_VOLUME UNITY_LIGHTMAP_DLDR_ENCODING UNITY_LIGHTMAP_FULL_HDR UNITY_VIRTUAL_TEXTURING UNITY_PRETRANSFORM_TO_DISPLAY_ORIENTATION UNITY_ASTC_NORMALMAP_ENCODING SHADER_API_GLES30 SHADER_API_GLES31 SHADER_API_GLES32 UNITY_UNIFIED_SHADER_PRECISION_MODEL flags=268435456 lang=3 type=Vertex platform=d3d11 reqs=33 mask=6 start=190
RunExternalCompiler: begin name=FXC
RunExternalCompiler: end
compileSnippet complete
 ok=1 outsize=662

Cmd: compileSnippet
  insize=1702 file=Packages/com.unity.render-pipelines.universal/Shaders/2D/Shadow2D-Unshadow-Sprite.shader name=Hidden/Shadow2DUnshadowSprite pass=Sprite Unshadow (B) - Stencil: Ref 0, Comp Always, Pass Replace ppOnly=0 stripLineD=0 buildPlatform=13 rsLen=0 pKW=UNITY_NO_DXT5nm UNITY_NO_RGBM UNITY_ENABLE_REFLECTION_BUFFERS UNITY_NO_CUBEMAP_ARRAY UNITY_NO_SCREENSPACE_SHADOWS UNITY_PBS_USE_BRDF2 SHADER_API_MOBILE UNITY_HARDWARE_TIER3 UNITY_LIGHTMAP_RGBM_ENCODING UNITY_PLATFORM_SUPPORTS_DEPTH_FETCH uKW= dKW=UNITY_FRAMEBUFFER_FETCH_AVAILABLE UNITY_METAL_SHADOWS_USE_POINT_FILTERING UNITY_USE_DITHER_MASK_FOR_ALPHABLENDED_SHADOWS UNITY_PBS_USE_BRDF1 UNITY_PBS_USE_BRDF3 UNITY_SPECCUBE_BOX_PROJECTION UNITY_SPECCUBE_BLENDING UNITY_ENABLE_DETAIL_NORMALMAP UNITY_HARDWARE_TIER1 UNITY_HARDWARE_TIER2 UNITY_COLORSPACE_GAMMA UNITY_LIGHT_PROBE_PROXY_VOLUME UNITY_LIGHTMAP_DLDR_ENCODING UNITY_LIGHTMAP_FULL_HDR UNITY_VIRTUAL_TEXTURING UNITY_PRETRANSFORM_TO_DISPLAY_ORIENTATION UNITY_ASTC_NORMALMAP_ENCODING SHADER_API_GLES30 SHADER_API_GLES31 SHADER_API_GLES32 UNITY_UNIFIED_SHADER_PRECISION_MODEL flags=268435456 lang=3 type=Vertex platform=d3d11 reqs=33 mask=6 start=97
RunExternalCompiler: begin name=FXC
RunExternalCompiler: end
compileSnippet complete
 ok=1 outsize=818

Cmd: compileSnippet
  insize=4364 file=Packages/com.unity.render-pipelines.core/Runtime/RenderPipelineResources/GPUDriven/DebugOcclusionTest.shader name=Hidden/Core/DebugOcclusionTest pass=<Unnamed Pass 0> ppOnly=0 stripLineD=0 buildPlatform=13 rsLen=0 pKW=UNITY_NO_DXT5nm UNITY_NO_RGBM UNITY_ENABLE_REFLECTION_BUFFERS UNITY_NO_CUBEMAP_ARRAY UNITY_NO_SCREENSPACE_SHADOWS UNITY_PBS_USE_BRDF2 SHADER_API_MOBILE UNITY_HARDWARE_TIER3 UNITY_LIGHTMAP_RGBM_ENCODING UNITY_PLATFORM_SUPPORTS_DEPTH_FETCH uKW= dKW=UNITY_FRAMEBUFFER_FETCH_AVAILABLE UNITY_METAL_SHADOWS_USE_POINT_FILTERING UNITY_USE_DITHER_MASK_FOR_ALPHABLENDED_SHADOWS UNITY_PBS_USE_BRDF1 UNITY_PBS_USE_BRDF3 UNITY_SPECCUBE_BOX_PROJECTION UNITY_SPECCUBE_BLENDING UNITY_ENABLE_DETAIL_NORMALMAP UNITY_HARDWARE_TIER1 UNITY_HARDWARE_TIER2 UNITY_COLORSPACE_GAMMA UNITY_LIGHT_PROBE_PROXY_VOLUME UNITY_LIGHTMAP_DLDR_ENCODING UNITY_LIGHTMAP_FULL_HDR UNITY_VIRTUAL_TEXTURING UNITY_PRETRANSFORM_TO_DISPLAY_ORIENTATION UNITY_ASTC_NORMALMAP_ENCODING SHADER_API_GLES30 SHADER_API_GLES31 SHADER_API_GLES32 UNITY_UNIFIED_SHADER_PRECISION_MODEL flags=268435456 lang=3 type=Vertex platform=d3d11 reqs=1101803 mask=6 start=13
RunExternalCompiler: begin name=FXC
RunExternalCompiler: end
compileSnippet complete
 ok=1 outsize=562

Cmd: compileSnippet
  insize=2497 file=Packages/com.unity.render-pipelines.universal/Shaders/Particles/ParticlesUnlit.shader name=Universal Render Pipeline/Particles/Unlit pass=ScenePickingPass ppOnly=0 stripLineD=0 buildPlatform=13 rsLen=0 pKW=UNITY_NO_DXT5nm UNITY_NO_RGBM UNITY_ENABLE_REFLECTION_BUFFERS UNITY_NO_CUBEMAP_ARRAY UNITY_NO_SCREENSPACE_SHADOWS UNITY_PBS_USE_BRDF2 SHADER_API_MOBILE UNITY_HARDWARE_TIER3 UNITY_LIGHTMAP_RGBM_ENCODING UNITY_PLATFORM_SUPPORTS_DEPTH_FETCH uKW= dKW=DOTS_INSTANCING_ON INSTANCING_ON PROCEDURAL_INSTANCING_ON _ALPHATEST_ON _FLIPBOOKBLENDING_ON UNITY_FRAMEBUFFER_FETCH_AVAILABLE UNITY_METAL_SHADOWS_USE_POINT_FILTERING UNITY_USE_DITHER_MASK_FOR_ALPHABLENDED_SHADOWS UNITY_PBS_USE_BRDF1 UNITY_PBS_USE_BRDF3 UNITY_SPECCUBE_BOX_PROJECTION UNITY_SPECCUBE_BLENDING UNITY_ENABLE_DETAIL_NORMALMAP UNITY_HARDWARE_TIER1 UNITY_HARDWARE_TIER2 UNITY_COLORSPACE_GAMMA UNITY_LIGHT_PROBE_PROXY_VOLUME UNITY_LIGHTMAP_DLDR_ENCODING UNITY_LIGHTMAP_FULL_HDR UNITY_VIRTUAL_TEXTURING UNITY_PRETRANSFORM_TO_DISPLAY_ORIENTATION UNITY_ASTC_NORMALMAP_ENCODING SHADER_API_GLES30 SHADER_API_GLES31 SHADER_API_GLES32 UNITY_UNIFIED_SHADER_PRECISION_MODEL flags=268435456 lang=3 type=Fragment platform=d3d11 reqs=1 mask=6 start=279
RunExternalCompiler: begin name=FXC
RunExternalCompiler: end
compileSnippet complete
 ok=1 outsize=386

Cmd: compileSnippet
  insize=7735 file=Packages/com.unity.render-pipelines.universal/Shaders/Particles/ParticlesSimpleLit.shader name=Universal Render Pipeline/Particles/Simple Lit pass=ForwardLit ppOnly=0 stripLineD=0 buildPlatform=13 rsLen=0 pKW=UNITY_NO_DXT5nm UNITY_NO_RGBM UNITY_ENABLE_REFLECTION_BUFFERS UNITY_NO_CUBEMAP_ARRAY UNITY_NO_SCREENSPACE_SHADOWS UNITY_PBS_USE_BRDF2 SHADER_API_MOBILE UNITY_HARDWARE_TIER3 UNITY_LIGHTMAP_RGBM_ENCODING UNITY_PLATFORM_SUPPORTS_DEPTH_FETCH uKW= dKW=_MAIN_LIGHT_SHADOWS _MAIN_LIGHT_SHADOWS_CASCADE _MAIN_LIGHT_SHADOWS_SCREEN _ADDITIONAL_LIGHTS_VERTEX _ADDITIONAL_LIGHTS _CLUSTER_LIGHT_LOOP EVALUATE_SH_MIXED EVALUATE_SH_VERTEX PROBE_VOLUMES_L1 PROBE_VOLUMES_L2 LIGHTMAP_SHADOW_MIXING DOTS_INSTANCING_ON FOG_LINEAR FOG_EXP FOG_EXP2 INSTANCING_ON PROCEDURAL_INSTANCING_ON _NORMALMAP _RECEIVE_SHADOWS_OFF _FLIPBOOKBLENDING_ON _SOFTPARTICLES_ON _FADING_ON _DISTORTION_ON UNITY_FRAMEBUFFER_FETCH_AVAILABLE UNITY_METAL_SHADOWS_USE_POINT_FILTERING UNITY_USE_DITHER_MASK_FOR_ALPHABLENDED_SHADOWS UNITY_PBS_USE_BRDF1 UNITY_PBS_USE_BRDF3 UNITY_SPECCUBE_BOX_PROJECTION UNITY_SPECCUBE_BLENDING UNITY_ENABLE_DETAIL_NORMALMAP UNITY_HARDWARE_TIER1 UNITY_HARDWARE_TIER2 UNITY_COLORSPACE_GAMMA UNITY_LIGHT_PROBE_PROXY_VOLUME UNITY_LIGHTMAP_DLDR_ENCODING UNITY_LIGHTMAP_FULL_HDR UNITY_VIRTUAL_TEXTURING UNITY_PRETRANSFORM_TO_DISPLAY_ORIENTATION UNITY_ASTC_NORMALMAP_ENCODING SHADER_API_GLES30 SHADER_API_GLES31 SHADER_API_GLES32 UNITY_UNIFIED_SHADER_PRECISION_MODEL flags=268435456 lang=3 type=Vertex platform=d3d11 reqs=1 mask=6 start=111
RunExternalCompiler: begin name=FXC
RunExternalCompiler: end
compileSnippet complete
 ok=1 outsize=1718

Cmd: compileSnippet
  insize=1646 file=Packages/com.unity.render-pipelines.universal/Shaders/Particles/ParticlesSimpleLit.shader name=Universal Render Pipeline/Particles/Simple Lit pass=Universal2D ppOnly=0 stripLineD=0 buildPlatform=13 rsLen=0 pKW=UNITY_NO_DXT5nm UNITY_NO_RGBM UNITY_ENABLE_REFLECTION_BUFFERS UNITY_NO_CUBEMAP_ARRAY UNITY_NO_SCREENSPACE_SHADOWS UNITY_PBS_USE_BRDF2 SHADER_API_MOBILE UNITY_HARDWARE_TIER3 UNITY_LIGHTMAP_RGBM_ENCODING UNITY_PLATFORM_SUPPORTS_DEPTH_FETCH uKW= dKW=_ALPHATEST_ON _ALPHAPREMULTIPLY_ON UNITY_FRAMEBUFFER_FETCH_AVAILABLE UNITY_METAL_SHADOWS_USE_POINT_FILTERING UNITY_USE_DITHER_MASK_FOR_ALPHABLENDED_SHADOWS UNITY_PBS_USE_BRDF1 UNITY_PBS_USE_BRDF3 UNITY_SPECCUBE_BOX_PROJECTION UNITY_SPECCUBE_BLENDING UNITY_ENABLE_DETAIL_NORMALMAP UNITY_HARDWARE_TIER1 UNITY_HARDWARE_TIER2 UNITY_COLORSPACE_GAMMA UNITY_LIGHT_PROBE_PROXY_VOLUME UNITY_LIGHTMAP_DLDR_ENCODING UNITY_LIGHTMAP_FULL_HDR UNITY_VIRTUAL_TEXTURING UNITY_PRETRANSFORM_TO_DISPLAY_ORIENTATION UNITY_ASTC_NORMALMAP_ENCODING SHADER_API_GLES30 SHADER_API_GLES31 SHADER_API_GLES32 UNITY_UNIFIED_SHADER_PRECISION_MODEL flags=268435456 lang=3 type=Fragment platform=d3d11 reqs=1 mask=6 start=440
RunExternalCompiler: begin name=FXC
RunExternalCompiler: end
compileSnippet complete
 ok=1 outsize=474

Cmd: compileSnippet
  insize=1855 file=Packages/com.unity.render-pipelines.universal/Shaders/Unlit.shader name=Universal Render Pipeline/Unlit pass=XRMotionVectors ppOnly=0 stripLineD=0 buildPlatform=13 rsLen=0 pKW=UNITY_NO_DXT5nm UNITY_NO_RGBM UNITY_ENABLE_REFLECTION_BUFFERS UNITY_NO_CUBEMAP_ARRAY UNITY_NO_SCREENSPACE_SHADOWS UNITY_PBS_USE_BRDF2 SHADER_API_MOBILE UNITY_HARDWARE_TIER3 UNITY_LIGHTMAP_RGBM_ENCODING UNITY_PLATFORM_SUPPORTS_DEPTH_FETCH uKW= dKW=LOD_FADE_CROSSFADE APPLICATION_SPACE_WARP_MOTION_TRANSPARENT DOTS_INSTANCING_ON INSTANCING_ON _ALPHATEST_ON UNITY_FRAMEBUFFER_FETCH_AVAILABLE UNITY_METAL_SHADOWS_USE_POINT_FILTERING UNITY_USE_DITHER_MASK_FOR_ALPHABLENDED_SHADOWS UNITY_PBS_USE_BRDF1 UNITY_PBS_USE_BRDF3 UNITY_SPECCUBE_BOX_PROJECTION UNITY_SPECCUBE_BLENDING UNITY_ENABLE_DETAIL_NORMALMAP UNITY_HARDWARE_TIER1 UNITY_HARDWARE_TIER2 UNITY_COLORSPACE_GAMMA UNITY_LIGHT_PROBE_PROXY_VOLUME UNITY_LIGHTMAP_DLDR_ENCODING UNITY_LIGHTMAP_FULL_HDR UNITY_VIRTUAL_TEXTURING UNITY_PRETRANSFORM_TO_DISPLAY_ORIENTATION UNITY_ASTC_NORMALMAP_ENCODING SHADER_API_GLES30 SHADER_API_GLES31 SHADER_API_GLES32 UNITY_UNIFIED_SHADER_PRECISION_MODEL flags=268435456 lang=3 type=Fragment platform=d3d11 reqs=4075 mask=6 start=292
RunExternalCompiler: begin name=FXC
RunExternalCompiler: end
compileSnippet complete
 ok=1 outsize=586

Cmd: compileSnippet
  insize=851 file=Packages/com.unity.render-pipelines.core/Editor/PostProcessing/LensFlareResource/LensFlareDataDrivenPreview.shader name=Hidden/Core/LensFlareDataDrivenPreview pass=FlarePreviewInverted ppOnly=0 stripLineD=0 buildPlatform=13 rsLen=0 pKW=UNITY_NO_DXT5nm UNITY_NO_RGBM UNITY_ENABLE_REFLECTION_BUFFERS UNITY_NO_CUBEMAP_ARRAY UNITY_NO_SCREENSPACE_SHADOWS UNITY_PBS_USE_BRDF2 SHADER_API_MOBILE UNITY_HARDWARE_TIER3 UNITY_LIGHTMAP_RGBM_ENCODING UNITY_PLATFORM_SUPPORTS_DEPTH_FETCH uKW= dKW=UNITY_FRAMEBUFFER_FETCH_AVAILABLE UNITY_METAL_SHADOWS_USE_POINT_FILTERING UNITY_USE_DITHER_MASK_FOR_ALPHABLENDED_SHADOWS UNITY_PBS_USE_BRDF1 UNITY_PBS_USE_BRDF3 UNITY_SPECCUBE_BOX_PROJECTION UNITY_SPECCUBE_BLENDING UNITY_ENABLE_DETAIL_NORMALMAP UNITY_HARDWARE_TIER1 UNITY_HARDWARE_TIER2 UNITY_COLORSPACE_GAMMA UNITY_LIGHT_PROBE_PROXY_VOLUME UNITY_LIGHTMAP_DLDR_ENCODING UNITY_LIGHTMAP_FULL_HDR UNITY_VIRTUAL_TEXTURING UNITY_PRETRANSFORM_TO_DISPLAY_ORIENTATION UNITY_ASTC_NORMALMAP_ENCODING SHADER_API_GLES30 SHADER_API_GLES31 SHADER_API_GLES32 UNITY_UNIFIED_SHADER_PRECISION_MODEL flags=268435456 lang=3 type=Fragment platform=d3d11 reqs=227 mask=6 start=45
RunExternalCompiler: begin name=FXC
RunExternalCompiler: end
compileSnippet complete
 ok=1 outsize=8550

Cmd: compileSnippet
  insize=3187 file=Packages/com.unity.render-pipelines.universal/Shaders/XR/XRMotionVector.shader name=Hidden/Universal Render Pipeline/XR/XRMotionVector pass=XR Camera MotionVectors ppOnly=0 stripLineD=0 buildPlatform=13 rsLen=0 pKW=UNITY_NO_DXT5nm UNITY_NO_RGBM UNITY_ENABLE_REFLECTION_BUFFERS UNITY_NO_CUBEMAP_ARRAY UNITY_NO_SCREENSPACE_SHADOWS UNITY_PBS_USE_BRDF2 SHADER_API_MOBILE UNITY_HARDWARE_TIER3 UNITY_LIGHTMAP_RGBM_ENCODING UNITY_PLATFORM_SUPPORTS_DEPTH_FETCH uKW= dKW=UNITY_FRAMEBUFFER_FETCH_AVAILABLE UNITY_METAL_SHADOWS_USE_POINT_FILTERING UNITY_USE_DITHER_MASK_FOR_ALPHABLENDED_SHADOWS UNITY_PBS_USE_BRDF1 UNITY_PBS_USE_BRDF3 UNITY_SPECCUBE_BOX_PROJECTION UNITY_SPECCUBE_BLENDING UNITY_ENABLE_DETAIL_NORMALMAP UNITY_HARDWARE_TIER1 UNITY_HARDWARE_TIER2 UNITY_COLORSPACE_GAMMA UNITY_LIGHT_PROBE_PROXY_VOLUME UNITY_LIGHTMAP_DLDR_ENCODING UNITY_LIGHTMAP_FULL_HDR UNITY_VIRTUAL_TEXTURING UNITY_PRETRANSFORM_TO_DISPLAY_ORIENTATION UNITY_ASTC_NORMALMAP_ENCODING SHADER_API_GLES30 SHADER_API_GLES31 SHADER_API_GLES32 UNITY_UNIFIED_SHADER_PRECISION_MODEL flags=268435456 lang=3 type=Vertex platform=d3d11 reqs=4075 mask=6 start=27
RunExternalCompiler: begin name=FXC
RunExternalCompiler: end
compileSnippet complete
 ok=1 outsize=982

Cmd: compileSnippet
  insize=2478 file=Packages/com.unity.render-pipelines.universal/Shaders/SimpleLit.shader name=Universal Render Pipeline/Simple Lit pass=DepthNormals ppOnly=0 stripLineD=0 buildPlatform=13 rsLen=0 pKW=UNITY_NO_DXT5nm UNITY_NO_RGBM UNITY_ENABLE_REFLECTION_BUFFERS UNITY_NO_CUBEMAP_ARRAY UNITY_NO_SCREENSPACE_SHADOWS UNITY_PBS_USE_BRDF2 SHADER_API_MOBILE UNITY_HARDWARE_TIER3 UNITY_LIGHTMAP_RGBM_ENCODING UNITY_PLATFORM_SUPPORTS_DEPTH_FETCH uKW= dKW=_WRITE_RENDERING_LAYERS LOD_FADE_CROSSFADE DOTS_INSTANCING_ON INSTANCING_ON _GLOSSINESS_FROM_BASE_ALPHA _NORMALMAP _ALPHATEST_ON UNITY_FRAMEBUFFER_FETCH_AVAILABLE UNITY_METAL_SHADOWS_USE_POINT_FILTERING UNITY_USE_DITHER_MASK_FOR_ALPHABLENDED_SHADOWS UNITY_PBS_USE_BRDF1 UNITY_PBS_USE_BRDF3 UNITY_SPECCUBE_BOX_PROJECTION UNITY_SPECCUBE_BLENDING UNITY_ENABLE_DETAIL_NORMALMAP UNITY_HARDWARE_TIER1 UNITY_HARDWARE_TIER2 UNITY_COLORSPACE_GAMMA UNITY_LIGHT_PROBE_PROXY_VOLUME UNITY_LIGHTMAP_DLDR_ENCODING UNITY_LIGHTMAP_FULL_HDR UNITY_VIRTUAL_TEXTURING UNITY_PRETRANSFORM_TO_DISPLAY_ORIENTATION UNITY_ASTC_NORMALMAP_ENCODING SHADER_API_GLES30 SHADER_API_GLES31 SHADER_API_GLES32 UNITY_UNIFIED_SHADER_PRECISION_MODEL flags=268435456 lang=3 type=Fragment platform=d3d11 reqs=1 mask=6 start=342
RunExternalCompiler: begin name=FXC
RunExternalCompiler: end
compileSnippet complete
 ok=1 outsize=494

Cmd: compileSnippet
  insize=1840 file=Packages/com.unity.render-pipelines.universal/Shaders/Utils/CoreBlit.shader name=Hidden/Universal/CoreBlit pass=Nearest ppOnly=0 stripLineD=0 buildPlatform=13 rsLen=0 pKW=UNITY_NO_DXT5nm UNITY_NO_RGBM UNITY_ENABLE_REFLECTION_BUFFERS UNITY_NO_CUBEMAP_ARRAY UNITY_NO_SCREENSPACE_SHADOWS UNITY_PBS_USE_BRDF2 SHADER_API_MOBILE UNITY_HARDWARE_TIER3 UNITY_LIGHTMAP_RGBM_ENCODING UNITY_PLATFORM_SUPPORTS_DEPTH_FETCH uKW= dKW=UNITY_FRAMEBUFFER_FETCH_AVAILABLE UNITY_METAL_SHADOWS_USE_POINT_FILTERING UNITY_USE_DITHER_MASK_FOR_ALPHABLENDED_SHADOWS UNITY_PBS_USE_BRDF1 UNITY_PBS_USE_BRDF3 UNITY_SPECCUBE_BOX_PROJECTION UNITY_SPECCUBE_BLENDING UNITY_ENABLE_DETAIL_NORMALMAP UNITY_HARDWARE_TIER1 UNITY_HARDWARE_TIER2 UNITY_COLORSPACE_GAMMA UNITY_LIGHT_PROBE_PROXY_VOLUME UNITY_LIGHTMAP_DLDR_ENCODING UNITY_LIGHTMAP_FULL_HDR UNITY_VIRTUAL_TEXTURING UNITY_PRETRANSFORM_TO_DISPLAY_ORIENTATION UNITY_ASTC_NORMALMAP_ENCODING SHADER_API_GLES30 SHADER_API_GLES31 SHADER_API_GLES32 UNITY_UNIFIED_SHADER_PRECISION_MODEL flags=268435456 lang=3 type=Vertex platform=d3d11 reqs=1 mask=6 start=49
RunExternalCompiler: begin name=FXC
RunExternalCompiler: end
compileSnippet complete
 ok=1 outsize=582

Cmd: compileSnippet
  insize=1851 file=Packages/com.unity.render-pipelines.universal/Shaders/Utils/CoreBlit.shader name=Hidden/Universal/CoreBlit pass=NearestQuadPadding ppOnly=0 stripLineD=0 buildPlatform=13 rsLen=0 pKW=UNITY_NO_DXT5nm UNITY_NO_RGBM UNITY_ENABLE_REFLECTION_BUFFERS UNITY_NO_CUBEMAP_ARRAY UNITY_NO_SCREENSPACE_SHADOWS UNITY_PBS_USE_BRDF2 SHADER_API_MOBILE UNITY_HARDWARE_TIER3 UNITY_LIGHTMAP_RGBM_ENCODING UNITY_PLATFORM_SUPPORTS_DEPTH_FETCH uKW= dKW=UNITY_FRAMEBUFFER_FETCH_AVAILABLE UNITY_METAL_SHADOWS_USE_POINT_FILTERING UNITY_USE_DITHER_MASK_FOR_ALPHABLENDED_SHADOWS UNITY_PBS_USE_BRDF1 UNITY_PBS_USE_BRDF3 UNITY_SPECCUBE_BOX_PROJECTION UNITY_SPECCUBE_BLENDING UNITY_ENABLE_DETAIL_NORMALMAP UNITY_HARDWARE_TIER1 UNITY_HARDWARE_TIER2 UNITY_COLORSPACE_GAMMA UNITY_LIGHT_PROBE_PROXY_VOLUME UNITY_LIGHTMAP_DLDR_ENCODING UNITY_LIGHTMAP_FULL_HDR UNITY_VIRTUAL_TEXTURING UNITY_PRETRANSFORM_TO_DISPLAY_ORIENTATION UNITY_ASTC_NORMALMAP_ENCODING SHADER_API_GLES30 SHADER_API_GLES31 SHADER_API_GLES32 UNITY_UNIFIED_SHADER_PRECISION_MODEL flags=268435456 lang=3 type=Vertex platform=d3d11 reqs=1 mask=6 start=97
RunExternalCompiler: begin name=FXC
RunExternalCompiler: end
compileSnippet complete
 ok=1 outsize=970

Cmd: compileSnippet
  insize=1894 file=Packages/com.unity.render-pipelines.universal/Shaders/Utils/CoreBlit.shader name=Hidden/Universal/CoreBlit pass=NearestQuadPaddingAlphaBlend ppOnly=0 stripLineD=0 buildPlatform=13 rsLen=0 pKW=UNITY_NO_DXT5nm UNITY_NO_RGBM UNITY_ENABLE_REFLECTION_BUFFERS UNITY_NO_CUBEMAP_ARRAY UNITY_NO_SCREENSPACE_SHADOWS UNITY_PBS_USE_BRDF2 SHADER_API_MOBILE UNITY_HARDWARE_TIER3 UNITY_LIGHTMAP_RGBM_ENCODING UNITY_PLATFORM_SUPPORTS_DEPTH_FETCH uKW= dKW=UNITY_FRAMEBUFFER_FETCH_AVAILABLE UNITY_METAL_SHADOWS_USE_POINT_FILTERING UNITY_USE_DITHER_MASK_FOR_ALPHABLENDED_SHADOWS UNITY_PBS_USE_BRDF1 UNITY_PBS_USE_BRDF3 UNITY_SPECCUBE_BOX_PROJECTION UNITY_SPECCUBE_BLENDING UNITY_ENABLE_DETAIL_NORMALMAP UNITY_HARDWARE_TIER1 UNITY_HARDWARE_TIER2 UNITY_COLORSPACE_GAMMA UNITY_LIGHT_PROBE_PROXY_VOLUME UNITY_LIGHTMAP_DLDR_ENCODING UNITY_LIGHTMAP_FULL_HDR UNITY_VIRTUAL_TEXTURING UNITY_PRETRANSFORM_TO_DISPLAY_ORIENTATION UNITY_ASTC_NORMALMAP_ENCODING SHADER_API_GLES30 SHADER_API_GLES31 SHADER_API_GLES32 UNITY_UNIFIED_SHADER_PRECISION_MODEL flags=268435456 lang=3 type=Vertex platform=d3d11 reqs=1 mask=6 start=158
RunExternalCompiler: begin name=FXC
RunExternalCompiler: end
compileSnippet complete
 ok=1 outsize=970

Cmd: compileSnippet
  insize=1865 file=Packages/com.unity.render-pipelines.universal/Shaders/Utils/CoreBlit.shader name=Hidden/Universal/CoreBlit pass=CubeToOctahedralLuminance ppOnly=0 stripLineD=0 buildPlatform=13 rsLen=0 pKW=UNITY_NO_DXT5nm UNITY_NO_RGBM UNITY_ENABLE_REFLECTION_BUFFERS UNITY_NO_CUBEMAP_ARRAY UNITY_NO_SCREENSPACE_SHADOWS UNITY_PBS_USE_BRDF2 SHADER_API_MOBILE UNITY_HARDWARE_TIER3 UNITY_LIGHTMAP_RGBM_ENCODING UNITY_PLATFORM_SUPPORTS_DEPTH_FETCH uKW= dKW=UNITY_FRAMEBUFFER_FETCH_AVAILABLE UNITY_METAL_SHADOWS_USE_POINT_FILTERING UNITY_USE_DITHER_MASK_FOR_ALPHABLENDED_SHADOWS UNITY_PBS_USE_BRDF1 UNITY_PBS_USE_BRDF3 UNITY_SPECCUBE_BOX_PROJECTION UNITY_SPECCUBE_BLENDING UNITY_ENABLE_DETAIL_NORMALMAP UNITY_HARDWARE_TIER1 UNITY_HARDWARE_TIER2 UNITY_COLORSPACE_GAMMA UNITY_LIGHT_PROBE_PROXY_VOLUME UNITY_LIGHTMAP_DLDR_ENCODING UNITY_LIGHTMAP_FULL_HDR UNITY_VIRTUAL_TEXTURING UNITY_PRETRANSFORM_TO_DISPLAY_ORIENTATION UNITY_ASTC_NORMALMAP_ENCODING SHADER_API_GLES30 SHADER_API_GLES31 SHADER_API_GLES32 UNITY_UNIFIED_SHADER_PRECISION_MODEL flags=268435456 lang=3 type=Vertex platform=d3d11 reqs=1 mask=6 start=235
RunExternalCompiler: begin name=FXC
RunExternalCompiler: end
compileSnippet complete
 ok=1 outsize=786

Cmd: compileSnippet
  insize=2121 file=Packages/com.unity.render-pipelines.universal/Shaders/Utils/CoreBlit.shader name=Hidden/Universal/CoreBlit pass=BilinearCubeToOctahedralPadding ppOnly=0 stripLineD=0 buildPlatform=13 rsLen=0 pKW=UNITY_NO_DXT5nm UNITY_NO_RGBM UNITY_ENABLE_REFLECTION_BUFFERS UNITY_NO_CUBEMAP_ARRAY UNITY_NO_SCREENSPACE_SHADOWS UNITY_PBS_USE_BRDF2 SHADER_API_MOBILE UNITY_HARDWARE_TIER3 UNITY_LIGHTMAP_RGBM_ENCODING UNITY_PLATFORM_SUPPORTS_DEPTH_FETCH uKW= dKW=BLIT_DECODE_HDR UNITY_FRAMEBUFFER_FETCH_AVAILABLE UNITY_METAL_SHADOWS_USE_POINT_FILTERING UNITY_USE_DITHER_MASK_FOR_ALPHABLENDED_SHADOWS UNITY_PBS_USE_BRDF1 UNITY_PBS_USE_BRDF3 UNITY_SPECCUBE_BOX_PROJECTION UNITY_SPECCUBE_BLENDING UNITY_ENABLE_DETAIL_NORMALMAP UNITY_HARDWARE_TIER1 UNITY_HARDWARE_TIER2 UNITY_COLORSPACE_GAMMA UNITY_LIGHT_PROBE_PROXY_VOLUME UNITY_LIGHTMAP_DLDR_ENCODING UNITY_LIGHTMAP_FULL_HDR UNITY_VIRTUAL_TEXTURING UNITY_PRETRANSFORM_TO_DISPLAY_ORIENTATION UNITY_ASTC_NORMALMAP_ENCODING SHADER_API_GLES30 SHADER_API_GLES31 SHADER_API_GLES32 UNITY_UNIFIED_SHADER_PRECISION_MODEL flags=268435456 lang=3 type=Fragment platform=d3d11 reqs=1 mask=6 start=320
RunExternalCompiler: begin name=FXC
RunExternalCompiler: end
compileSnippet complete
 ok=1 outsize=1418

Cmd: compileSnippet
  insize=1189 file=Packages/com.unity.render-pipelines.universal/Shaders/PostProcessing/SubpixelMorphologicalAntialiasing.shader name=Hidden/Universal Render Pipeline/SubpixelMorphologicalAntialiasing pass=<Unnamed Pass 1> ppOnly=0 stripLineD=0 buildPlatform=13 rsLen=0 pKW=UNITY_NO_DXT5nm UNITY_NO_RGBM UNITY_ENABLE_REFLECTION_BUFFERS UNITY_NO_CUBEMAP_ARRAY UNITY_NO_SCREENSPACE_SHADOWS UNITY_PBS_USE_BRDF2 SHADER_API_MOBILE UNITY_HARDWARE_TIER3 UNITY_LIGHTMAP_RGBM_ENCODING UNITY_PLATFORM_SUPPORTS_DEPTH_FETCH uKW=_SMAA_PRESET_LOW dKW=_SMAA_PRESET_MEDIUM _SMAA_PRESET_HIGH UNITY_FRAMEBUFFER_FETCH_AVAILABLE UNITY_METAL_SHADOWS_USE_POINT_FILTERING UNITY_USE_DITHER_MASK_FOR_ALPHABLENDED_SHADOWS UNITY_PBS_USE_BRDF1 UNITY_PBS_USE_BRDF3 UNITY_SPECCUBE_BOX_PROJECTION UNITY_SPECCUBE_BLENDING UNITY_ENABLE_DETAIL_NORMALMAP UNITY_HARDWARE_TIER1 UNITY_HARDWARE_TIER2 UNITY_COLORSPACE_GAMMA UNITY_LIGHT_PROBE_PROXY_VOLUME UNITY_LIGHTMAP_DLDR_ENCODING UNITY_LIGHTMAP_FULL_HDR UNITY_VIRTUAL_TEXTURING UNITY_PRETRANSFORM_TO_DISPLAY_ORIENTATION UNITY_ASTC_NORMALMAP_ENCODING SHADER_API_GLES30 SHADER_API_GLES31 SHADER_API_GLES32 UNITY_UNIFIED_SHADER_PRECISION_MODEL flags=268435456 lang=3 type=Fragment platform=d3d11 reqs=33 mask=6 start=49
RunExternalCompiler: begin name=FXC
RunExternalCompiler: end
compileSnippet complete
 ok=1 outsize=3838

Cmd: compileSnippet
  insize=2385 file=Packages/com.unity.render-pipelines.core/Shaders/CoreCopy.shader name=Hidden/CoreSRP/CoreCopy pass=Copy ppOnly=0 stripLineD=0 buildPlatform=13 rsLen=0 pKW=UNITY_NO_DXT5nm UNITY_NO_RGBM UNITY_ENABLE_REFLECTION_BUFFERS UNITY_NO_CUBEMAP_ARRAY UNITY_NO_SCREENSPACE_SHADOWS UNITY_PBS_USE_BRDF2 SHADER_API_MOBILE UNITY_HARDWARE_TIER3 UNITY_LIGHTMAP_RGBM_ENCODING UNITY_PLATFORM_SUPPORTS_DEPTH_FETCH uKW= dKW=UNITY_FRAMEBUFFER_FETCH_AVAILABLE UNITY_METAL_SHADOWS_USE_POINT_FILTERING UNITY_USE_DITHER_MASK_FOR_ALPHABLENDED_SHADOWS UNITY_PBS_USE_BRDF1 UNITY_PBS_USE_BRDF3 UNITY_SPECCUBE_BOX_PROJECTION UNITY_SPECCUBE_BLENDING UNITY_ENABLE_DETAIL_NORMALMAP UNITY_HARDWARE_TIER1 UNITY_HARDWARE_TIER2 UNITY_COLORSPACE_GAMMA UNITY_LIGHT_PROBE_PROXY_VOLUME UNITY_LIGHTMAP_DLDR_ENCODING UNITY_LIGHTMAP_FULL_HDR UNITY_VIRTUAL_TEXTURING UNITY_PRETRANSFORM_TO_DISPLAY_ORIENTATION UNITY_ASTC_NORMALMAP_ENCODING SHADER_API_GLES30 SHADER_API_GLES31 SHADER_API_GLES32 UNITY_UNIFIED_SHADER_PRECISION_MODEL flags=268435456 lang=3 type=Vertex platform=d3d11 reqs=1 mask=6 start=108
RunExternalCompiler: begin name=FXC
RunExternalCompiler: end
compileSnippet complete
 ok=1 outsize=442

Cmd: compileSnippet
  insize=6232 file=Packages/com.unity.render-pipelines.universal/Shaders/Particles/ParticlesLit.shader name=Universal Render Pipeline/Particles/Lit pass=GBuffer ppOnly=0 stripLineD=0 buildPlatform=13 rsLen=0 pKW=UNITY_NO_DXT5nm UNITY_NO_RGBM UNITY_ENABLE_REFLECTION_BUFFERS UNITY_NO_CUBEMAP_ARRAY UNITY_NO_SCREENSPACE_SHADOWS UNITY_PBS_USE_BRDF2 SHADER_API_MOBILE UNITY_HARDWARE_TIER3 UNITY_LIGHTMAP_RGBM_ENCODING UNITY_PLATFORM_SUPPORTS_DEPTH_FETCH uKW= dKW=_MAIN_LIGHT_SHADOWS _MAIN_LIGHT_SHADOWS_CASCADE _MAIN_LIGHT_SHADOWS_SCREEN _CLUSTER_LIGHT_LOOP EVALUATE_SH_MIXED EVALUATE_SH_VERTEX LIGHTMAP_SHADOW_MIXING DOTS_INSTANCING_ON INSTANCING_ON PROCEDURAL_INSTANCING_ON _NORMALMAP _RECEIVE_SHADOWS_OFF _FLIPBOOKBLENDING_ON UNITY_FRAMEBUFFER_FETCH_AVAILABLE UNITY_METAL_SHADOWS_USE_POINT_FILTERING UNITY_USE_DITHER_MASK_FOR_ALPHABLENDED_SHADOWS UNITY_PBS_USE_BRDF1 UNITY_PBS_USE_BRDF3 UNITY_SPECCUBE_BOX_PROJECTION UNITY_SPECCUBE_BLENDING UNITY_ENABLE_DETAIL_NORMALMAP UNITY_HARDWARE_TIER1 UNITY_HARDWARE_TIER2 UNITY_COLORSPACE_GAMMA UNITY_LIGHT_PROBE_PROXY_VOLUME UNITY_LIGHTMAP_DLDR_ENCODING UNITY_LIGHTMAP_FULL_HDR UNITY_VIRTUAL_TEXTURING UNITY_PRETRANSFORM_TO_DISPLAY_ORIENTATION UNITY_ASTC_NORMALMAP_ENCODING SHADER_API_GLES30 SHADER_API_GLES31 SHADER_API_GLES32 UNITY_UNIFIED_SHADER_PRECISION_MODEL flags=268435456 lang=3 type=Vertex platform=d3d11 reqs=1101803 mask=6 start=188
RunExternalCompiler: begin name=FXC
RunExternalCompiler: end
compileSnippet complete
 ok=1 outsize=1718

Cmd: compileSnippet
  insize=10913 file=Assets/Samples/XR Interaction Toolkit/3.4.1/Starter Assets/Shaders/Unlit_Fresnel.shadergraph name=Shader Graphs/Unlit_Fresnel pass=ShadowCaster ppOnly=0 stripLineD=0 buildPlatform=13 rsLen=0 pKW=UNITY_NO_DXT5nm UNITY_NO_RGBM UNITY_ENABLE_REFLECTION_BUFFERS UNITY_NO_CUBEMAP_ARRAY UNITY_NO_SCREENSPACE_SHADOWS UNITY_PBS_USE_BRDF2 SHADER_API_MOBILE UNITY_LIGHTMAP_RGBM_ENCODING UNITY_PLATFORM_SUPPORTS_DEPTH_FETCH UNITY_PASS_SHADOWCASTER uKW= dKW=_CASTING_PUNCTUAL_LIGHT_SHADOW DOTS_INSTANCING_ON INSTANCING_ON UNITY_FRAMEBUFFER_FETCH_AVAILABLE UNITY_METAL_SHADOWS_USE_POINT_FILTERING UNITY_USE_DITHER_MASK_FOR_ALPHABLENDED_SHADOWS UNITY_PBS_USE_BRDF1 UNITY_PBS_USE_BRDF3 UNITY_SPECCUBE_BOX_PROJECTION UNITY_SPECCUBE_BLENDING UNITY_ENABLE_DETAIL_NORMALMAP UNITY_HARDWARE_TIER1 UNITY_HARDWARE_TIER2 UNITY_HARDWARE_TIER3 UNITY_COLORSPACE_GAMMA UNITY_LIGHT_PROBE_PROXY_VOLUME UNITY_LIGHTMAP_DLDR_ENCODING UNITY_LIGHTMAP_FULL_HDR UNITY_VIRTUAL_TEXTURING UNITY_PRETRANSFORM_TO_DISPLAY_ORIENTATION UNITY_ASTC_NORMALMAP_ENCODING SHADER_API_GLES30 SHADER_API_GLES31 SHADER_API_GLES32 UNITY_UNIFIED_SHADER_PRECISION_MODEL flags=268435456 lang=3 type=Vertex platform=d3d11 reqs=1 mask=6 start=1672
RunExternalCompiler: begin name=FXC
RunExternalCompiler: end
compileSnippet complete
 ok=1 outsize=1350

Cmd: compileSnippet
  insize=9560 file=Packages/com.unity.render-pipelines.universal/Shaders/Lit.shader name=Universal Render Pipeline/Lit pass=ForwardLit ppOnly=0 stripLineD=0 buildPlatform=13 rsLen=0 pKW=UNITY_NO_DXT5nm UNITY_NO_RGBM UNITY_ENABLE_REFLECTION_BUFFERS UNITY_NO_CUBEMAP_ARRAY UNITY_NO_SCREENSPACE_SHADOWS UNITY_PBS_USE_BRDF2 SHADER_API_MOBILE UNITY_LIGHTMAP_RGBM_ENCODING UNITY_PLATFORM_SUPPORTS_DEPTH_FETCH uKW=_MAIN_LIGHT_SHADOWS LIGHTMAP_SHADOW_MIXING SHADOWS_SHADOWMASK FOG_EXP2 dKW=_ADDITIONAL_LIGHT_SHADOWS _REFLECTION_PROBE_BLENDING _REFLECTION_PROBE_BOX_PROJECTION _REFLECTION_PROBE_ATLAS _SHADOWS_SOFT _SHADOWS_SOFT_LOW _SHADOWS_SOFT_MEDIUM _SHADOWS_SOFT_HIGH _SCREEN_SPACE_OCCLUSION _SCREEN_SPACE_IRRADIANCE _DBUFFER_MRT1 _DBUFFER_MRT2 _DBUFFER_MRT3 _LIGHT_COOKIES _WRITE_RENDERING_LAYERS LIGHTMAP_BICUBIC_SAMPLING REFLECTION_PROBE_ROTATION DEBUG_DISPLAY _MAIN_LIGHT_SHADOWS_CASCADE _MAIN_LIGHT_SHADOWS_SCREEN _ADDITIONAL_LIGHTS_VERTEX _ADDITIONAL_LIGHTS EVALUATE_SH_MIXED EVALUATE_SH_VERTEX _LIGHT_LAYERS _CLUSTER_LIGHT_LOOP DIRLIGHTMAP_COMBINED LIGHTMAP_ON DYNAMICLIGHTMAP_ON USE_LEGACY_LIGHTMAPS LOD_FADE_CROSSFADE PROBE_VOLUMES_L1 PROBE_VOLUMES_L2 DOTS_INSTANCING_ON FOG_LINEAR FOG_EXP INSTANCING_ON _SURFACE_TYPE_TRANSPARENT _ALPHATEST_ON _ALPHAPREMULTIPLY_ON _ALPHAMODULATE_ON _EMISSION _METALLICSPECGLOSSMAP _SMOOTHNESS_TEXTURE_ALBEDO_CHANNEL_A _OCCLUSIONMAP _SPECULARHIGHLIGHTS_OFF _ENVIRONMENTREFLECTIONS_OFF _SPECULAR_SETUP _NORMALMAP _PARALLAXMAP _RECEIVE_SHADOWS_OFF _DETAIL_MULX2 _DETAIL_SCALED UNITY_FRAMEBUFFER_FETCH_AVAILABLE UNITY_METAL_SHADOWS_USE_POINT_FILTERING UNITY_USE_DITHER_MASK_FOR_ALPHABLENDED_SHADOWS UNITY_PBS_USE_BRDF1 UNITY_PBS_USE_BRDF3 UNITY_SPECCUBE_BOX_PROJECTION UNITY_SPECCUBE_BLENDING UNITY_ENABLE_DETAIL_NORMALMAP UNITY_HARDWARE_TIER1 UNITY_HARDWARE_TIER2 UNITY_HARDWARE_TIER3 UNITY_COLORSPACE_GAMMA UNITY_LIGHT_PROBE_PROXY_VOLUME UNITY_LIGHTMAP_DLDR_ENCODING UNITY_LIGHTMAP_FULL_HDR UNITY_VIRTUAL_TEXTURING UNITY_PRETRANSFORM_TO_DISPLAY_ORIENTATION UNITY_ASTC_NORMALMAP_ENCODING SHADER_API_GLES30 SHADER_API_GLES31 SHADER_API_GLES32 UNITY_UNIFIED_SHADER_PRECISION_MODEL flags=268435456 lang=3 type=Fragment platform=d3d11 reqs=1 mask=6 start=111
RunExternalCompiler: begin name=FXC
RunExternalCompiler: end
compileSnippet complete
 ok=1 outsize=5090

Cmd: compileSnippet
  insize=9560 file=Packages/com.unity.render-pipelines.universal/Shaders/Lit.shader name=Universal Render Pipeline/Lit pass=ForwardLit ppOnly=0 stripLineD=0 buildPlatform=13 rsLen=0 pKW=UNITY_NO_DXT5nm UNITY_NO_RGBM UNITY_ENABLE_REFLECTION_BUFFERS UNITY_NO_CUBEMAP_ARRAY UNITY_NO_SCREENSPACE_SHADOWS UNITY_PBS_USE_BRDF2 SHADER_API_MOBILE UNITY_LIGHTMAP_RGBM_ENCODING UNITY_PLATFORM_SUPPORTS_DEPTH_FETCH uKW=_MAIN_LIGHT_SHADOWS EVALUATE_SH_VERTEX LIGHTMAP_SHADOW_MIXING SHADOWS_SHADOWMASK DIRLIGHTMAP_COMBINED LIGHTMAP_ON FOG_EXP2 _NORMALMAP dKW=_MAIN_LIGHT_SHADOWS_CASCADE _MAIN_LIGHT_SHADOWS_SCREEN _ADDITIONAL_LIGHTS_VERTEX _ADDITIONAL_LIGHTS EVALUATE_SH_MIXED _LIGHT_LAYERS _CLUSTER_LIGHT_LOOP DYNAMICLIGHTMAP_ON USE_LEGACY_LIGHTMAPS LOD_FADE_CROSSFADE PROBE_VOLUMES_L1 PROBE_VOLUMES_L2 DOTS_INSTANCING_ON FOG_LINEAR FOG_EXP INSTANCING_ON _PARALLAXMAP _RECEIVE_SHADOWS_OFF _DETAIL_MULX2 _DETAIL_SCALED UNITY_FRAMEBUFFER_FETCH_AVAILABLE UNITY_METAL_SHADOWS_USE_POINT_FILTERING UNITY_USE_DITHER_MASK_FOR_ALPHABLENDED_SHADOWS UNITY_PBS_USE_BRDF1 UNITY_PBS_USE_BRDF3 UNITY_SPECCUBE_BOX_PROJECTION UNITY_SPECCUBE_BLENDING UNITY_ENABLE_DETAIL_NORMALMAP UNITY_HARDWARE_TIER1 UNITY_HARDWARE_TIER2 UNITY_HARDWARE_TIER3 UNITY_COLORSPACE_GAMMA UNITY_LIGHT_PROBE_PROXY_VOLUME UNITY_LIGHTMAP_DLDR_ENCODING UNITY_LIGHTMAP_FULL_HDR UNITY_VIRTUAL_TEXTURING UNITY_PRETRANSFORM_TO_DISPLAY_ORIENTATION UNITY_ASTC_NORMALMAP_ENCODING SHADER_API_GLES30 SHADER_API_GLES31 SHADER_API_GLES32 UNITY_UNIFIED_SHADER_PRECISION_MODEL flags=268435456 lang=3 type=Vertex platform=d3d11 reqs=227 mask=6 start=111
RunExternalCompiler: begin name=FXC
RunExternalCompiler: end
compileSnippet complete
 ok=1 outsize=2030

Cmd: compileSnippet
  insize=9560 file=Packages/com.unity.render-pipelines.universal/Shaders/Lit.shader name=Universal Render Pipeline/Lit pass=ForwardLit ppOnly=0 stripLineD=0 buildPlatform=13 rsLen=0 pKW=UNITY_NO_DXT5nm UNITY_NO_RGBM UNITY_ENABLE_REFLECTION_BUFFERS UNITY_NO_CUBEMAP_ARRAY UNITY_NO_SCREENSPACE_SHADOWS UNITY_PBS_USE_BRDF2 SHADER_API_MOBILE UNITY_LIGHTMAP_RGBM_ENCODING UNITY_PLATFORM_SUPPORTS_DEPTH_FETCH uKW=_MAIN_LIGHT_SHADOWS EVALUATE_SH_VERTEX LIGHTMAP_SHADOW_MIXING SHADOWS_SHADOWMASK FOG_EXP2 _SHADOWS_SOFT _EMISSION dKW=_ADDITIONAL_LIGHT_SHADOWS _REFLECTION_PROBE_BLENDING _REFLECTION_PROBE_BOX_PROJECTION _REFLECTION_PROBE_ATLAS _SHADOWS_SOFT_LOW _SHADOWS_SOFT_MEDIUM _SHADOWS_SOFT_HIGH _SCREEN_SPACE_OCCLUSION _SCREEN_SPACE_IRRADIANCE _DBUFFER_MRT1 _DBUFFER_MRT2 _DBUFFER_MRT3 _LIGHT_COOKIES _WRITE_RENDERING_LAYERS LIGHTMAP_BICUBIC_SAMPLING REFLECTION_PROBE_ROTATION DEBUG_DISPLAY _MAIN_LIGHT_SHADOWS_CASCADE _MAIN_LIGHT_SHADOWS_SCREEN _ADDITIONAL_LIGHTS_VERTEX _ADDITIONAL_LIGHTS EVALUATE_SH_MIXED _LIGHT_LAYERS _CLUSTER_LIGHT_LOOP DIRLIGHTMAP_COMBINED LIGHTMAP_ON DYNAMICLIGHTMAP_ON USE_LEGACY_LIGHTMAPS LOD_FADE_CROSSFADE PROBE_VOLUMES_L1 PROBE_VOLUMES_L2 DOTS_INSTANCING_ON FOG_LINEAR FOG_EXP INSTANCING_ON _SURFACE_TYPE_TRANSPARENT _ALPHATEST_ON _ALPHAPREMULTIPLY_ON _ALPHAMODULATE_ON _METALLICSPECGLOSSMAP _SMOOTHNESS_TEXTURE_ALBEDO_CHANNEL_A _OCCLUSIONMAP _SPECULARHIGHLIGHTS_OFF _ENVIRONMENTREFLECTIONS_OFF _SPECULAR_SETUP _NORMALMAP _PARALLAXMAP _RECEIVE_SHADOWS_OFF _DETAIL_MULX2 _DETAIL_SCALED UNITY_FRAMEBUFFER_FETCH_AVAILABLE UNITY_METAL_SHADOWS_USE_POINT_FILTERING UNITY_USE_DITHER_MASK_FOR_ALPHABLENDED_SHADOWS UNITY_PBS_USE_BRDF1 UNITY_PBS_USE_BRDF3 UNITY_SPECCUBE_BOX_PROJECTION UNITY_SPECCUBE_BLENDING UNITY_ENABLE_DETAIL_NORMALMAP UNITY_HARDWARE_TIER1 UNITY_HARDWARE_TIER2 UNITY_HARDWARE_TIER3 UNITY_COLORSPACE_GAMMA UNITY_LIGHT_PROBE_PROXY_VOLUME UNITY_LIGHTMAP_DLDR_ENCODING UNITY_LIGHTMAP_FULL_HDR UNITY_VIRTUAL_TEXTURING UNITY_PRETRANSFORM_TO_DISPLAY_ORIENTATION UNITY_ASTC_NORMALMAP_ENCODING SHADER_API_GLES30 SHADER_API_GLES31 SHADER_API_GLES32 UNITY_UNIFIED_SHADER_PRECISION_MODEL flags=268435456 lang=3 type=Fragment platform=d3d11 reqs=1 mask=6 start=111
RunExternalCompiler: begin name=FXC
RunExternalCompiler: end
compileSnippet complete
 ok=1 outsize=11382

Cmd: compileSnippet
  insize=37382 file=Assets/Samples/XR Interaction Toolkit/3.4.1/Hands Interaction Demo/Shaders/Unity_Hand_Noise.shadergraph name=Shader Graphs/Unity_Hand_Noise pass=Unlit ppOnly=0 stripLineD=0 buildPlatform=13 rsLen=0 pKW=UNITY_NO_DXT5nm UNITY_NO_RGBM UNITY_ENABLE_REFLECTION_BUFFERS UNITY_NO_CUBEMAP_ARRAY UNITY_NO_SCREENSPACE_SHADOWS UNITY_PBS_USE_BRDF2 SHADER_API_MOBILE UNITY_LIGHTMAP_RGBM_ENCODING UNITY_PLATFORM_SUPPORTS_DEPTH_FETCH uKW=FOG_EXP2 dKW=LIGHTMAP_ON DIRLIGHTMAP_COMBINED USE_LEGACY_LIGHTMAPS LIGHTMAP_BICUBIC_SAMPLING DOTS_INSTANCING_ON INSTANCING_ON FOG_LINEAR FOG_EXP UNITY_FRAMEBUFFER_FETCH_AVAILABLE UNITY_METAL_SHADOWS_USE_POINT_FILTERING UNITY_USE_DITHER_MASK_FOR_ALPHABLENDED_SHADOWS UNITY_PBS_USE_BRDF1 UNITY_PBS_USE_BRDF3 UNITY_SPECCUBE_BOX_PROJECTION UNITY_SPECCUBE_BLENDING UNITY_ENABLE_DETAIL_NORMALMAP UNITY_HARDWARE_TIER1 UNITY_HARDWARE_TIER2 UNITY_HARDWARE_TIER3 UNITY_COLORSPACE_GAMMA UNITY_LIGHT_PROBE_PROXY_VOLUME UNITY_LIGHTMAP_DLDR_ENCODING UNITY_LIGHTMAP_FULL_HDR UNITY_VIRTUAL_TEXTURING UNITY_PRETRANSFORM_TO_DISPLAY_ORIENTATION UNITY_ASTC_NORMALMAP_ENCODING SHADER_API_GLES30 SHADER_API_GLES31 SHADER_API_GLES32 UNITY_UNIFIED_SHADER_PRECISION_MODEL flags=268435456 lang=3 type=Vertex platform=d3d11 reqs=1 mask=6 start=73
RunExternalCompiler: begin name=FXC
RunExternalCompiler: end
compileSnippet complete
 ok=1 outsize=1038

Cmd: shutdown
