Base path: 'C:/Program Files/Unity/Hub/Editor/6000.5.8f1/Editor/Data', plugins path 'C:/Program Files/Unity/Hub/Editor/6000.5.8f1/Editor/Data/PlaybackEngines', jobs: n
Cmd: initializeCompiler

Cmd: compileSnippet
  insize=765 file=Assets/VRTemplateAssets/Shaders/TexturedFresnelStandard.shader name=SpatialFramework/Textured Fresnel/Standard pass=Fresnel Color ppOnly=0 stripLineD=0 buildPlatform=19 rsLen=0 pKW=UNITY_ENABLE_REFLECTION_BUFFERS UNITY_USE_DITHER_MASK_FOR_ALPHABLENDED_SHADOWS UNITY_PBS_USE_BRDF1 UNITY_SPECCUBE_BOX_PROJECTION UNITY_SPECCUBE_BLENDING UNITY_ENABLE_DETAIL_NORMALMAP SHADER_API_DESKTOP UNITY_LIGHT_PROBE_PROXY_VOLUME UNITY_LIGHTMAP_FULL_HDR UNITY_PLATFORM_SUPPORTS_DEPTH_FETCH uKW= dKW=UNITY_NO_DXT5nm UNITY_FRAMEBUFFER_FETCH_AVAILABLE UNITY_METAL_SHADOWS_USE_POINT_FILTERING UNITY_NO_SCREENSPACE_SHADOWS UNITY_PBS_USE_BRDF2 UNITY_PBS_USE_BRDF3 UNITY_HARDWARE_TIER1 UNITY_HARDWARE_TIER2 UNITY_HARDWARE_TIER3 UNITY_COLORSPACE_GAMMA UNITY_LIGHTMAP_DLDR_ENCODING UNITY_LIGHTMAP_RGBM_ENCODING UNITY_VIRTUAL_TEXTURING UNITY_PRETRANSFORM_TO_DISPLAY_ORIENTATION UNITY_ASTC_NORMALMAP_ENCODING SHADER_API_GLES30 SHADER_API_GLES31 SHADER_API_GLES32 UNITY_UNIFIED_SHADER_PRECISION_MODEL flags=0 lang=0 type=Vertex platform=d3d11 reqs=33 mask=6 start=90
RunExternalCompiler: begin name=FXC
RunExternalCompiler: end
compileSnippet complete
 ok=1 outsize=1050

Cmd: compileSnippet
  insize=25208 file=Packages/com.unity.xr.arfoundation/Assets/Shaders/SimulationLegacyRoomXRay.shader name=Simulation/Legacy/Room X-Ray pass=Meta ppOnly=0 stripLineD=0 buildPlatform=19 rsLen=0 pKW=UNITY_ENABLE_REFLECTION_BUFFERS UNITY_USE_DITHER_MASK_FOR_ALPHABLENDED_SHADOWS UNITY_PBS_USE_BRDF1 UNITY_SPECCUBE_BOX_PROJECTION UNITY_SPECCUBE_BLENDING UNITY_ENABLE_DETAIL_NORMALMAP SHADER_API_DESKTOP UNITY_LIGHT_PROBE_PROXY_VOLUME UNITY_LIGHTMAP_FULL_HDR UNITY_PLATFORM_SUPPORTS_DEPTH_FETCH UNITY_PASS_META uKW= dKW=SIMULATION_XRAY_ENABLED EDITOR_VISUALIZATION INSTANCING_ON UNITY_NO_DXT5nm UNITY_FRAMEBUFFER_FETCH_AVAILABLE UNITY_METAL_SHADOWS_USE_POINT_FILTERING UNITY_NO_SCREENSPACE_SHADOWS UNITY_PBS_USE_BRDF2 UNITY_PBS_USE_BRDF3 UNITY_HARDWARE_TIER1 UNITY_HARDWARE_TIER2 UNITY_HARDWARE_TIER3 UNITY_COLORSPACE_GAMMA UNITY_LIGHTMAP_DLDR_ENCODING UNITY_LIGHTMAP_RGBM_ENCODING UNITY_VIRTUAL_TEXTURING UNITY_PRETRANSFORM_TO_DISPLAY_ORIENTATION UNITY_ASTC_NORMALMAP_ENCODING SHADER_API_GLES30 SHADER_API_GLES31 SHADER_API_GLES32 UNITY_UNIFIED_SHADER_PRECISION_MODEL flags=0 lang=0 type=Vertex platform=d3d11 reqs=227 mask=6 start=179
RunExternalCompiler: begin name=FXC
RunExternalCompiler: end
compileSnippet complete
 ok=1 outsize=2082

Cmd: compileSnippet
  insize=18093 file=Packages/com.unity.render-pipelines.universal/Shaders/PostProcessing/UberPost.shader name=Hidden/Universal Render Pipeline/UberPost pass=UberPost ppOnly=0 stripLineD=0 buildPlatform=19 rsLen=0 pKW=UNITY_ENABLE_REFLECTION_BUFFERS UNITY_USE_DITHER_MASK_FOR_ALPHABLENDED_SHADOWS UNITY_PBS_USE_BRDF1 UNITY_SPECCUBE_BOX_PROJECTION UNITY_SPECCUBE_BLENDING UNITY_ENABLE_DETAIL_NORMALMAP SHADER_API_DESKTOP UNITY_LIGHT_PROBE_PROXY_VOLUME UNITY_LIGHTMAP_FULL_HDR UNITY_PLATFORM_SUPPORTS_DEPTH_FETCH uKW= dKW=DEBUG_DISPLAY SCREEN_COORD_OVERRIDE _POINT_SAMPLING _DISTORTION _CHROMATIC_ABERRATION _BLOOM_LQ _BLOOM_HQ _BLOOM_LQ_DIRT _BLOOM_HQ_DIRT _HDR_GRADING _TONEMAP_ACES _TONEMAP_NEUTRAL _FILM_GRAIN _DITHERING _GAMMA_20 _LINEAR_TO_SRGB_CONVERSION _USE_FAST_SRGB_LINEAR_CONVERSION _ENABLE_ALPHA_OUTPUT HDR_INPUT HDR_ENCODING UNITY_NO_DXT5nm UNITY_FRAMEBUFFER_FETCH_AVAILABLE UNITY_METAL_SHADOWS_USE_POINT_FILTERING UNITY_NO_SCREENSPACE_SHADOWS UNITY_PBS_USE_BRDF2 UNITY_PBS_USE_BRDF3 UNITY_HARDWARE_TIER1 UNITY_HARDWARE_TIER2 UNITY_HARDWARE_TIER3 UNITY_COLORSPACE_GAMMA UNITY_LIGHTMAP_DLDR_ENCODING UNITY_LIGHTMAP_RGBM_ENCODING UNITY_VIRTUAL_TEXTURING UNITY_PRETRANSFORM_TO_DISPLAY_ORIENTATION UNITY_ASTC_NORMALMAP_ENCODING SHADER_API_GLES30 SHADER_API_GLES31 SHADER_API_GLES32 UNITY_UNIFIED_SHADER_PRECISION_MODEL flags=0 lang=3 type=Fragment platform=d3d11 reqs=33 mask=6 start=366
RunExternalCompiler: begin name=FXC
RunExternalCompiler: end
compileSnippet complete
 ok=1 outsize=2518

Cmd: compileSnippet
  insize=2938 file=Packages/com.unity.render-pipelines.universal/Shaders/Particles/ParticlesUnlit.shader name=Universal Render Pipeline/Particles/Unlit pass=DepthNormalsOnly ppOnly=0 stripLineD=0 buildPlatform=19 rsLen=0 pKW=UNITY_ENABLE_REFLECTION_BUFFERS UNITY_USE_DITHER_MASK_FOR_ALPHABLENDED_SHADOWS UNITY_PBS_USE_BRDF1 UNITY_SPECCUBE_BOX_PROJECTION UNITY_SPECCUBE_BLENDING UNITY_ENABLE_DETAIL_NORMALMAP SHADER_API_DESKTOP UNITY_LIGHT_PROBE_PROXY_VOLUME UNITY_LIGHTMAP_FULL_HDR UNITY_PLATFORM_SUPPORTS_DEPTH_FETCH uKW= dKW=_GBUFFER_NORMALS_OCT DOTS_INSTANCING_ON INSTANCING_ON PROCEDURAL_INSTANCING_ON _COLOROVERLAY_ON _COLORCOLOR_ON _COLORADDSUBDIFF_ON _NORMALMAP _ALPHATEST_ON UNITY_NO_DXT5nm UNITY_FRAMEBUFFER_FETCH_AVAILABLE UNITY_METAL_SHADOWS_USE_POINT_FILTERING UNITY_NO_SCREENSPACE_SHADOWS UNITY_PBS_USE_BRDF2 UNITY_PBS_USE_BRDF3 UNITY_HARDWARE_TIER1 UNITY_HARDWARE_TIER2 UNITY_HARDWARE_TIER3 UNITY_COLORSPACE_GAMMA UNITY_LIGHTMAP_DLDR_ENCODING UNITY_LIGHTMAP_RGBM_ENCODING UNITY_VIRTUAL_TEXTURING UNITY_PRETRANSFORM_TO_DISPLAY_ORIENTATION UNITY_ASTC_NORMALMAP_ENCODING SHADER_API_GLES30 SHADER_API_GLES31 SHADER_API_GLES32 UNITY_UNIFIED_SHADER_PRECISION_MODEL flags=0 lang=3 type=Fragment platform=d3d11 reqs=1 mask=6 start=186
RunExternalCompiler: begin name=FXC
RunExternalCompiler: end
compileSnippet complete
 ok=1 outsize=394

Cmd: compileSnippet
  insize=6471 file=Packages/com.unity.render-pipelines.universal/Shaders/Particles/ParticlesSimpleLit.shader name=Universal Render Pipeline/Particles/Simple Lit pass=GBuffer ppOnly=0 stripLineD=0 buildPlatform=19 rsLen=0 pKW=UNITY_ENABLE_REFLECTION_BUFFERS UNITY_USE_DITHER_MASK_FOR_ALPHABLENDED_SHADOWS UNITY_PBS_USE_BRDF1 UNITY_SPECCUBE_BOX_PROJECTION UNITY_SPECCUBE_BLENDING UNITY_ENABLE_DETAIL_NORMALMAP SHADER_API_DESKTOP UNITY_LIGHT_PROBE_PROXY_VOLUME UNITY_LIGHTMAP_FULL_HDR UNITY_PLATFORM_SUPPORTS_DEPTH_FETCH uKW= dKW=_MAIN_LIGHT_SHADOWS _MAIN_LIGHT_SHADOWS_CASCADE _MAIN_LIGHT_SHADOWS_SCREEN EVALUATE_SH_MIXED EVALUATE_SH_VERTEX PROBE_VOLUMES_L1 PROBE_VOLUMES_L2 LIGHTMAP_SHADOW_MIXING DOTS_INSTANCING_ON INSTANCING_ON PROCEDURAL_INSTANCING_ON _NORMALMAP _RECEIVE_SHADOWS_OFF _FLIPBOOKBLENDING_ON UNITY_NO_DXT5nm UNITY_FRAMEBUFFER_FETCH_AVAILABLE UNITY_METAL_SHADOWS_USE_POINT_FILTERING UNITY_NO_SCREENSPACE_SHADOWS UNITY_PBS_USE_BRDF2 UNITY_PBS_USE_BRDF3 UNITY_HARDWARE_TIER1 UNITY_HARDWARE_TIER2 UNITY_HARDWARE_TIER3 UNITY_COLORSPACE_GAMMA UNITY_LIGHTMAP_DLDR_ENCODING UNITY_LIGHTMAP_RGBM_ENCODING UNITY_VIRTUAL_TEXTURING UNITY_PRETRANSFORM_TO_DISPLAY_ORIENTATION UNITY_ASTC_NORMALMAP_ENCODING SHADER_API_GLES30 SHADER_API_GLES31 SHADER_API_GLES32 UNITY_UNIFIED_SHADER_PRECISION_MODEL flags=0 lang=3 type=Vertex platform=d3d11 reqs=1101803 mask=6 start=192
RunExternalCompiler: begin name=FXC
RunExternalCompiler: end
compileSnippet complete
 ok=1 outsize=1534

Cmd: compileSnippet
  insize=1646 file=Packages/com.unity.render-pipelines.universal/Shaders/Particles/ParticlesSimpleLit.shader name=Universal Render Pipeline/Particles/Simple Lit pass=Universal2D ppOnly=0 stripLineD=0 buildPlatform=19 rsLen=0 pKW=UNITY_ENABLE_REFLECTION_BUFFERS UNITY_USE_DITHER_MASK_FOR_ALPHABLENDED_SHADOWS UNITY_PBS_USE_BRDF1 UNITY_SPECCUBE_BOX_PROJECTION UNITY_SPECCUBE_BLENDING UNITY_ENABLE_DETAIL_NORMALMAP SHADER_API_DESKTOP UNITY_LIGHT_PROBE_PROXY_VOLUME UNITY_LIGHTMAP_FULL_HDR UNITY_PLATFORM_SUPPORTS_DEPTH_FETCH uKW= dKW=UNITY_NO_DXT5nm UNITY_FRAMEBUFFER_FETCH_AVAILABLE UNITY_METAL_SHADOWS_USE_POINT_FILTERING UNITY_NO_SCREENSPACE_SHADOWS UNITY_PBS_USE_BRDF2 UNITY_PBS_USE_BRDF3 UNITY_HARDWARE_TIER1 UNITY_HARDWARE_TIER2 UNITY_HARDWARE_TIER3 UNITY_COLORSPACE_GAMMA UNITY_LIGHTMAP_DLDR_ENCODING UNITY_LIGHTMAP_RGBM_ENCODING UNITY_VIRTUAL_TEXTURING UNITY_PRETRANSFORM_TO_DISPLAY_ORIENTATION UNITY_ASTC_NORMALMAP_ENCODING SHADER_API_GLES30 SHADER_API_GLES31 SHADER_API_GLES32 UNITY_UNIFIED_SHADER_PRECISION_MODEL flags=0 lang=3 type=Vertex platform=d3d11 reqs=1 mask=6 start=440
RunExternalCompiler: begin name=FXC
RunExternalCompiler: end
compileSnippet complete
 ok=1 outsize=714

Cmd: compileSnippet
  insize=2495 file=Packages/com.unity.render-pipelines.universal/Shaders/Particles/ParticlesLit.shader name=Universal Render Pipeline/Particles/Lit pass=ScenePickingPass ppOnly=0 stripLineD=0 buildPlatform=19 rsLen=0 pKW=UNITY_ENABLE_REFLECTION_BUFFERS UNITY_USE_DITHER_MASK_FOR_ALPHABLENDED_SHADOWS UNITY_PBS_USE_BRDF1 UNITY_SPECCUBE_BOX_PROJECTION UNITY_SPECCUBE_BLENDING UNITY_ENABLE_DETAIL_NORMALMAP SHADER_API_DESKTOP UNITY_LIGHT_PROBE_PROXY_VOLUME UNITY_LIGHTMAP_FULL_HDR UNITY_PLATFORM_SUPPORTS_DEPTH_FETCH uKW= dKW=DOTS_INSTANCING_ON INSTANCING_ON PROCEDURAL_INSTANCING_ON _ALPHATEST_ON _FLIPBOOKBLENDING_ON UNITY_NO_DXT5nm UNITY_FRAMEBUFFER_FETCH_AVAILABLE UNITY_METAL_SHADOWS_USE_POINT_FILTERING UNITY_NO_SCREENSPACE_SHADOWS UNITY_PBS_USE_BRDF2 UNITY_PBS_USE_BRDF3 UNITY_HARDWARE_TIER1 UNITY_HARDWARE_TIER2 UNITY_HARDWARE_TIER3 UNITY_COLORSPACE_GAMMA UNITY_LIGHTMAP_DLDR_ENCODING UNITY_LIGHTMAP_RGBM_ENCODING UNITY_VIRTUAL_TEXTURING UNITY_PRETRANSFORM_TO_DISPLAY_ORIENTATION UNITY_ASTC_NORMALMAP_ENCODING SHADER_API_GLES30 SHADER_API_GLES31 SHADER_API_GLES32 UNITY_UNIFIED_SHADER_PRECISION_MODEL flags=0 lang=3 type=Fragment platform=d3d11 reqs=1 mask=6 start=391
RunExternalCompiler: begin name=FXC
RunExternalCompiler: end
compileSnippet complete
 ok=1 outsize=322

Cmd: compileSnippet
  insize=1249 file=Packages/com.unity.render-pipelines.universal/Shaders/Utils/ScreenSpaceAmbientOcclusion.shader name=Hidden/Universal Render Pipeline/ScreenSpaceAmbientOcclusion pass=SSAO_Bilateral_HorizontalBlur ppOnly=0 stripLineD=0 buildPlatform=19 rsLen=0 pKW=UNITY_ENABLE_REFLECTION_BUFFERS UNITY_USE_DITHER_MASK_FOR_ALPHABLENDED_SHADOWS UNITY_PBS_USE_BRDF1 UNITY_SPECCUBE_BOX_PROJECTION UNITY_SPECCUBE_BLENDING UNITY_ENABLE_DETAIL_NORMALMAP SHADER_API_DESKTOP UNITY_LIGHT_PROBE_PROXY_VOLUME UNITY_LIGHTMAP_FULL_HDR UNITY_PLATFORM_SUPPORTS_DEPTH_FETCH uKW= dKW=UNITY_NO_DXT5nm UNITY_FRAMEBUFFER_FETCH_AVAILABLE UNITY_METAL_SHADOWS_USE_POINT_FILTERING UNITY_NO_SCREENSPACE_SHADOWS UNITY_PBS_USE_BRDF2 UNITY_PBS_USE_BRDF3 UNITY_HARDWARE_TIER1 UNITY_HARDWARE_TIER2 UNITY_HARDWARE_TIER3 UNITY_COLORSPACE_GAMMA UNITY_LIGHTMAP_DLDR_ENCODING UNITY_LIGHTMAP_RGBM_ENCODING UNITY_VIRTUAL_TEXTURING UNITY_PRETRANSFORM_TO_DISPLAY_ORIENTATION UNITY_ASTC_NORMALMAP_ENCODING SHADER_API_GLES30 SHADER_API_GLES31 SHADER_API_GLES32 UNITY_UNIFIED_SHADER_PRECISION_MODEL flags=0 lang=3 type=Vertex platform=d3d11 reqs=33 mask=6 start=56
RunExternalCompiler: begin name=FXC
RunExternalCompiler: end
compileSnippet complete
 ok=1 outsize=582

Cmd: compileSnippet
  insize=1244 file=Packages/com.unity.render-pipelines.universal/Shaders/Utils/ScreenSpaceAmbientOcclusion.shader name=Hidden/Universal Render Pipeline/ScreenSpaceAmbientOcclusion pass=SSAO_Bilateral_FinalBlur ppOnly=0 stripLineD=0 buildPlatform=19 rsLen=0 pKW=UNITY_ENABLE_REFLECTION_BUFFERS UNITY_USE_DITHER_MASK_FOR_ALPHABLENDED_SHADOWS UNITY_PBS_USE_BRDF1 UNITY_SPECCUBE_BOX_PROJECTION UNITY_SPECCUBE_BLENDING UNITY_ENABLE_DETAIL_NORMALMAP SHADER_API_DESKTOP UNITY_LIGHT_PROBE_PROXY_VOLUME UNITY_LIGHTMAP_FULL_HDR UNITY_PLATFORM_SUPPORTS_DEPTH_FETCH uKW= dKW=UNITY_NO_DXT5nm UNITY_FRAMEBUFFER_FETCH_AVAILABLE UNITY_METAL_SHADOWS_USE_POINT_FILTERING UNITY_NO_SCREENSPACE_SHADOWS UNITY_PBS_USE_BRDF2 UNITY_PBS_USE_BRDF3 UNITY_HARDWARE_TIER1 UNITY_HARDWARE_TIER2 UNITY_HARDWARE_TIER3 UNITY_COLORSPACE_GAMMA UNITY_LIGHTMAP_DLDR_ENCODING UNITY_LIGHTMAP_RGBM_ENCODING UNITY_VIRTUAL_TEXTURING UNITY_PRETRANSFORM_TO_DISPLAY_ORIENTATION UNITY_ASTC_NORMALMAP_ENCODING SHADER_API_GLES30 SHADER_API_GLES31 SHADER_API_GLES32 UNITY_UNIFIED_SHADER_PRECISION_MODEL flags=0 lang=3 type=Fragment platform=d3d11 reqs=33 mask=6 start=82
RunExternalCompiler: begin name=FXC
RunExternalCompiler: end
compileSnippet complete
 ok=1 outsize=2146

Cmd: compileSnippet
  insize=1247 file=Packages/com.unity.render-pipelines.universal/Shaders/Utils/ScreenSpaceAmbientOcclusion.shader name=Hidden/Universal Render Pipeline/ScreenSpaceAmbientOcclusion pass=SSAO_Kawase ppOnly=0 stripLineD=0 buildPlatform=19 rsLen=0 pKW=UNITY_ENABLE_REFLECTION_BUFFERS UNITY_USE_DITHER_MASK_FOR_ALPHABLENDED_SHADOWS UNITY_PBS_USE_BRDF1 UNITY_SPECCUBE_BOX_PROJECTION UNITY_SPECCUBE_BLENDING UNITY_ENABLE_DETAIL_NORMALMAP SHADER_API_DESKTOP UNITY_LIGHT_PROBE_PROXY_VOLUME UNITY_LIGHTMAP_FULL_HDR UNITY_PLATFORM_SUPPORTS_DEPTH_FETCH uKW= dKW=UNITY_NO_DXT5nm UNITY_FRAMEBUFFER_FETCH_AVAILABLE UNITY_METAL_SHADOWS_USE_POINT_FILTERING UNITY_NO_SCREENSPACE_SHADOWS UNITY_PBS_USE_BRDF2 UNITY_PBS_USE_BRDF3 UNITY_HARDWARE_TIER1 UNITY_HARDWARE_TIER2 UNITY_HARDWARE_TIER3 UNITY_COLORSPACE_GAMMA UNITY_LIGHTMAP_DLDR_ENCODING UNITY_LIGHTMAP_RGBM_ENCODING UNITY_VIRTUAL_TEXTURING UNITY_PRETRANSFORM_TO_DISPLAY_ORIENTATION UNITY_ASTC_NORMALMAP_ENCODING SHADER_API_GLES30 SHADER_API_GLES31 SHADER_API_GLES32 UNITY_UNIFIED_SHADER_PRECISION_MODEL flags=0 lang=3 type=Vertex platform=d3d11 reqs=33 mask=6 start=183
RunExternalCompiler: begin name=FXC
RunExternalCompiler: end
compileSnippet complete
 ok=1 outsize=582

Cmd: compileSnippet
  insize=10958 file=Packages/com.unity.render-pipelines.universal/Runtime/RendererFeatures/OnTileUberPost.shader name=OnTileUberPost pass=OnTileUberPostMSSoftwareVisMesh ppOnly=0 stripLineD=0 buildPlatform=19 rsLen=0 pKW=UNITY_ENABLE_REFLECTION_BUFFERS UNITY_USE_DITHER_MASK_FOR_ALPHABLENDED_SHADOWS UNITY_PBS_USE_BRDF1 UNITY_SPECCUBE_BOX_PROJECTION UNITY_SPECCUBE_BLENDING UNITY_ENABLE_DETAIL_NORMALMAP SHADER_API_DESKTOP UNITY_LIGHT_PROBE_PROXY_VOLUME UNITY_LIGHTMAP_FULL_HDR UNITY_PLATFORM_SUPPORTS_DEPTH_FETCH uKW= dKW=_MSAA_2 _MSAA_4 _HDR_GRADING _TONEMAP_ACES _TONEMAP_NEUTRAL _FILM_GRAIN _DITHERING _GAMMA_20 _LINEAR_TO_SRGB_CONVERSION _USE_FAST_SRGB_LINEAR_CONVERSION _ENABLE_ALPHA_OUTPUT UNITY_NO_DXT5nm UNITY_FRAMEBUFFER_FETCH_AVAILABLE UNITY_METAL_SHADOWS_USE_POINT_FILTERING UNITY_NO_SCREENSPACE_SHADOWS UNITY_PBS_USE_BRDF2 UNITY_PBS_USE_BRDF3 UNITY_HARDWARE_TIER1 UNITY_HARDWARE_TIER2 UNITY_HARDWARE_TIER3 UNITY_COLORSPACE_GAMMA UNITY_LIGHTMAP_DLDR_ENCODING UNITY_LIGHTMAP_RGBM_ENCODING UNITY_VIRTUAL_TEXTURING UNITY_PRETRANSFORM_TO_DISPLAY_ORIENTATION UNITY_ASTC_NORMALMAP_ENCODING SHADER_API_GLES30 SHADER_API_GLES31 SHADER_API_GLES32 UNITY_UNIFIED_SHADER_PRECISION_MODEL flags=0 lang=3 type=Fragment platform=d3d11 reqs=1101803 mask=6 start=300
RunExternalCompiler: begin name=FXC
RunExternalCompiler: end
compileSnippet complete
 ok=1 outsize=2530

Cmd: compileSnippet
  insize=3199 file=Assets/TextMesh Pro/Shaders/TMP_Bitmap-Mobile.shader name=TextMeshPro/Mobile/Bitmap pass=<Unnamed Pass 0> ppOnly=0 stripLineD=0 buildPlatform=19 rsLen=0 pKW=UNITY_ENABLE_REFLECTION_BUFFERS UNITY_USE_DITHER_MASK_FOR_ALPHABLENDED_SHADOWS UNITY_PBS_USE_BRDF1 UNITY_SPECCUBE_BOX_PROJECTION UNITY_SPECCUBE_BLENDING UNITY_ENABLE_DETAIL_NORMALMAP SHADER_API_DESKTOP UNITY_LIGHT_PROBE_PROXY_VOLUME UNITY_LIGHTMAP_FULL_HDR UNITY_PLATFORM_SUPPORTS_DEPTH_FETCH uKW= dKW=UNITY_UI_CLIP_RECT UNITY_UI_ALPHACLIP UNITY_NO_DXT5nm UNITY_FRAMEBUFFER_FETCH_AVAILABLE UNITY_METAL_SHADOWS_USE_POINT_FILTERING UNITY_NO_SCREENSPACE_SHADOWS UNITY_PBS_USE_BRDF2 UNITY_PBS_USE_BRDF3 UNITY_HARDWARE_TIER1 UNITY_HARDWARE_TIER2 UNITY_HARDWARE_TIER3 UNITY_COLORSPACE_GAMMA UNITY_LIGHTMAP_DLDR_ENCODING UNITY_LIGHTMAP_RGBM_ENCODING UNITY_VIRTUAL_TEXTURING UNITY_PRETRANSFORM_TO_DISPLAY_ORIENTATION UNITY_ASTC_NORMALMAP_ENCODING SHADER_API_GLES30 SHADER_API_GLES31 SHADER_API_GLES32 UNITY_UNIFIED_SHADER_PRECISION_MODEL flags=0 lang=0 type=Vertex platform=d3d11 reqs=33 mask=6 start=48
RunExternalCompiler: begin name=FXC
RunExternalCompiler: end
compileSnippet complete
 ok=1 outsize=1898

Cmd: compileSnippet
  insize=1518 file=Packages/com.unity.render-pipelines.universal/Shaders/2D/Mesh2D-Unlit-Default.shader name=Universal Render Pipeline/2D/Mesh2D-Unlit-Default pass=<Unnamed Pass 0> ppOnly=0 stripLineD=0 buildPlatform=19 rsLen=0 pKW=UNITY_ENABLE_REFLECTION_BUFFERS UNITY_USE_DITHER_MASK_FOR_ALPHABLENDED_SHADOWS UNITY_PBS_USE_BRDF1 UNITY_SPECCUBE_BOX_PROJECTION UNITY_SPECCUBE_BLENDING UNITY_ENABLE_DETAIL_NORMALMAP SHADER_API_DESKTOP UNITY_LIGHT_PROBE_PROXY_VOLUME UNITY_LIGHTMAP_FULL_HDR UNITY_PLATFORM_SUPPORTS_DEPTH_FETCH uKW= dKW=INSTANCING_ON UNITY_NO_DXT5nm UNITY_FRAMEBUFFER_FETCH_AVAILABLE UNITY_METAL_SHADOWS_USE_POINT_FILTERING UNITY_NO_SCREENSPACE_SHADOWS UNITY_PBS_USE_BRDF2 UNITY_PBS_USE_BRDF3 UNITY_HARDWARE_TIER1 UNITY_HARDWARE_TIER2 UNITY_HARDWARE_TIER3 UNITY_COLORSPACE_GAMMA UNITY_LIGHTMAP_DLDR_ENCODING UNITY_LIGHTMAP_RGBM_ENCODING UNITY_VIRTUAL_TEXTURING UNITY_PRETRANSFORM_TO_DISPLAY_ORIENTATION UNITY_ASTC_NORMALMAP_ENCODING SHADER_API_GLES30 SHADER_API_GLES31 SHADER_API_GLES32 UNITY_UNIFIED_SHADER_PRECISION_MODEL flags=0 lang=3 type=Vertex platform=d3d11 reqs=33 mask=6 start=33
RunExternalCompiler: begin name=FXC
RunExternalCompiler: end
compileSnippet complete
 ok=1 outsize=714

Cmd: compileSnippet
  insize=8577 file=Packages/com.unity.render-pipelines.universal/Shaders/PostProcessing/GaussianDepthOfField.shader name=Hidden/Universal Render Pipeline/GaussianDepthOfField pass=Gaussian Depth Of Field Blur Horizontal ppOnly=0 stripLineD=0 buildPlatform=19 rsLen=0 pKW=UNITY_ENABLE_REFLECTION_BUFFERS UNITY_USE_DITHER_MASK_FOR_ALPHABLENDED_SHADOWS UNITY_PBS_USE_BRDF1 UNITY_SPECCUBE_BOX_PROJECTION UNITY_SPECCUBE_BLENDING UNITY_ENABLE_DETAIL_NORMALMAP SHADER_API_DESKTOP UNITY_LIGHT_PROBE_PROXY_VOLUME UNITY_LIGHTMAP_FULL_HDR UNITY_PLATFORM_SUPPORTS_DEPTH_FETCH uKW= dKW=_ENABLE_ALPHA_OUTPUT UNITY_NO_DXT5nm UNITY_FRAMEBUFFER_FETCH_AVAILABLE UNITY_METAL_SHADOWS_USE_POINT_FILTERING UNITY_NO_SCREENSPACE_SHADOWS UNITY_PBS_USE_BRDF2 UNITY_PBS_USE_BRDF3 UNITY_HARDWARE_TIER1 UNITY_HARDWARE_TIER2 UNITY_HARDWARE_TIER3 UNITY_COLORSPACE_GAMMA UNITY_LIGHTMAP_DLDR_ENCODING UNITY_LIGHTMAP_RGBM_ENCODING UNITY_VIRTUAL_TEXTURING UNITY_PRETRANSFORM_TO_DISPLAY_ORIENTATION UNITY_ASTC_NORMALMAP_ENCODING SHADER_API_GLES30 SHADER_API_GLES31 SHADER_API_GLES32 UNITY_UNIFIED_SHADER_PRECISION_MODEL flags=0 lang=3 type=Fragment platform=d3d11 reqs=4075 mask=6 start=259
RunExternalCompiler: begin name=FXC
RunExternalCompiler: end
compileSnippet complete
 ok=1 outsize=1474

Cmd: compileSnippet
  insize=2854 file=Packages/com.unity.xr.arfoundation/Assets/Shaders/SimulationLegacySynthetic.shader name=Hidden/Simulation/Legacy/Synthetic pass=FORWARD_DELTA ppOnly=0 stripLineD=0 buildPlatform=19 rsLen=0 pKW=UNITY_ENABLE_REFLECTION_BUFFERS UNITY_USE_DITHER_MASK_FOR_ALPHABLENDED_SHADOWS UNITY_PBS_USE_BRDF1 UNITY_SPECCUBE_BOX_PROJECTION UNITY_SPECCUBE_BLENDING UNITY_ENABLE_DETAIL_NORMALMAP SHADER_API_DESKTOP UNITY_LIGHT_PROBE_PROXY_VOLUME UNITY_LIGHTMAP_FULL_HDR UNITY_PLATFORM_SUPPORTS_DEPTH_FETCH UNITY_PASS_FORWARDADD uKW=POINT dKW=_NORMALMAP _ALPHATEST_ON _ALPHABLEND_ON _ALPHAPREMULTIPLY_ON _METALLICGLOSSMAP _SMOOTHNESS_TEXTURE_ALBEDO_CHANNEL_A _SPECULARHIGHLIGHTS_OFF _DETAIL_MULX2 _PARALLAXMAP FOG_LINEAR FOG_EXP FOG_EXP2 DIRECTIONAL SPOT POINT_COOKIE DIRECTIONAL_COOKIE SHADOWS_SHADOWMASK LIGHTMAP_SHADOW_MIXING SHADOWS_DEPTH SHADOWS_SOFT SHADOWS_SCREEN SHADOWS_CUBE UNITY_NO_DXT5nm UNITY_FRAMEBUFFER_FETCH_AVAILABLE UNITY_METAL_SHADOWS_USE_POINT_FILTERING UNITY_NO_SCREENSPACE_SHADOWS UNITY_PBS_USE_BRDF2 UNITY_PBS_USE_BRDF3 UNITY_HARDWARE_TIER1 UNITY_HARDWARE_TIER2 UNITY_HARDWARE_TIER3 UNITY_COLORSPACE_GAMMA UNITY_LIGHTMAP_DLDR_ENCODING UNITY_LIGHTMAP_RGBM_ENCODING UNITY_VIRTUAL_TEXTURING UNITY_PRETRANSFORM_TO_DISPLAY_ORIENTATION UNITY_ASTC_NORMALMAP_ENCODING SHADER_API_GLES30 SHADER_API_GLES31 SHADER_API_GLES32 UNITY_UNIFIED_SHADER_PRECISION_MODEL flags=0 lang=0 type=Fragment platform=d3d11 reqs=227 mask=6 start=118
RunExternalCompiler: begin name=FXC
RunExternalCompiler: end
compileSnippet complete
 ok=1 outsize=3754

Cmd: compileSnippet
  insize=1794 file=Packages/com.unity.render-pipelines.universal/Shaders/2D/RenderAs2D-Flattening.shader name=2D/RenderAs2D-Flattening pass=<Unnamed Pass 0> ppOnly=0 stripLineD=0 buildPlatform=19 rsLen=0 pKW=UNITY_ENABLE_REFLECTION_BUFFERS UNITY_USE_DITHER_MASK_FOR_ALPHABLENDED_SHADOWS UNITY_PBS_USE_BRDF1 UNITY_SPECCUBE_BOX_PROJECTION UNITY_SPECCUBE_BLENDING UNITY_ENABLE_DETAIL_NORMALMAP SHADER_API_DESKTOP UNITY_LIGHT_PROBE_PROXY_VOLUME UNITY_LIGHTMAP_FULL_HDR UNITY_PLATFORM_SUPPORTS_DEPTH_FETCH uKW= dKW=UNITY_NO_DXT5nm UNITY_FRAMEBUFFER_FETCH_AVAILABLE UNITY_METAL_SHADOWS_USE_POINT_FILTERING UNITY_NO_SCREENSPACE_SHADOWS UNITY_PBS_USE_BRDF2 UNITY_PBS_USE_BRDF3 UNITY_HARDWARE_TIER1 UNITY_HARDWARE_TIER2 UNITY_HARDWARE_TIER3 UNITY_COLORSPACE_GAMMA UNITY_LIGHTMAP_DLDR_ENCODING UNITY_LIGHTMAP_RGBM_ENCODING UNITY_VIRTUAL_TEXTURING UNITY_PRETRANSFORM_TO_DISPLAY_ORIENTATION UNITY_ASTC_NORMALMAP_ENCODING SHADER_API_GLES30 SHADER_API_GLES31 SHADER_API_GLES32 UNITY_UNIFIED_SHADER_PRECISION_MODEL flags=0 lang=3 type=Fragment platform=d3d11 reqs=33 mask=6 start=36
RunExternalCompiler: begin name=FXC
RunExternalCompiler: end
compileSnippet complete
 ok=1 outsize=250

Cmd: compileSnippet
  insize=2472 file=Packages/com.unity.render-pipelines.universal/Shaders/2D/Sprite-Lit-Default.shader name=Universal Render Pipeline/2D/Sprite-Lit-Default pass=<Unnamed Pass 1> ppOnly=0 stripLineD=0 buildPlatform=19 rsLen=0 pKW=UNITY_ENABLE_REFLECTION_BUFFERS UNITY_USE_DITHER_MASK_FOR_ALPHABLENDED_SHADOWS UNITY_PBS_USE_BRDF1 UNITY_SPECCUBE_BOX_PROJECTION UNITY_SPECCUBE_BLENDING UNITY_ENABLE_DETAIL_NORMALMAP SHADER_API_DESKTOP UNITY_LIGHT_PROBE_PROXY_VOLUME UNITY_LIGHTMAP_FULL_HDR UNITY_PLATFORM_SUPPORTS_DEPTH_FETCH uKW= dKW=SKINNED_SPRITE INSTANCING_ON UNITY_NO_DXT5nm UNITY_FRAMEBUFFER_FETCH_AVAILABLE UNITY_METAL_SHADOWS_USE_POINT_FILTERING UNITY_NO_SCREENSPACE_SHADOWS UNITY_PBS_USE_BRDF2 UNITY_PBS_USE_BRDF3 UNITY_HARDWARE_TIER1 UNITY_HARDWARE_TIER2 UNITY_HARDWARE_TIER3 UNITY_COLORSPACE_GAMMA UNITY_LIGHTMAP_DLDR_ENCODING UNITY_LIGHTMAP_RGBM_ENCODING UNITY_VIRTUAL_TEXTURING UNITY_PRETRANSFORM_TO_DISPLAY_ORIENTATION UNITY_ASTC_NORMALMAP_ENCODING SHADER_API_GLES30 SHADER_API_GLES31 SHADER_API_GLES32 UNITY_UNIFIED_SHADER_PRECISION_MODEL flags=0 lang=3 type=Fragment platform=d3d11 reqs=33 mask=6 start=85
RunExternalCompiler: begin name=FXC
RunExternalCompiler: end
compileSnippet complete
 ok=1 outsize=1070

Cmd: compileSnippet
  insize=5864 file=Packages/com.unity.render-pipelines.universal/Shaders/PostProcessing/CameraMotionBlur.shader name=Hidden/Universal Render Pipeline/CameraMotionBlur pass=Camera And Object Motion Blur - Low Quality ppOnly=0 stripLineD=0 buildPlatform=19 rsLen=0 pKW=UNITY_ENABLE_REFLECTION_BUFFERS UNITY_USE_DITHER_MASK_FOR_ALPHABLENDED_SHADOWS UNITY_PBS_USE_BRDF1 UNITY_SPECCUBE_BOX_PROJECTION UNITY_SPECCUBE_BLENDING UNITY_ENABLE_DETAIL_NORMALMAP SHADER_API_DESKTOP UNITY_LIGHT_PROBE_PROXY_VOLUME UNITY_LIGHTMAP_FULL_HDR UNITY_PLATFORM_SUPPORTS_DEPTH_FETCH uKW= dKW=UNITY_NO_DXT5nm UNITY_FRAMEBUFFER_FETCH_AVAILABLE UNITY_METAL_SHADOWS_USE_POINT_FILTERING UNITY_NO_SCREENSPACE_SHADOWS UNITY_PBS_USE_BRDF2 UNITY_PBS_USE_BRDF3 UNITY_HARDWARE_TIER1 UNITY_HARDWARE_TIER2 UNITY_HARDWARE_TIER3 UNITY_COLORSPACE_GAMMA UNITY_LIGHTMAP_DLDR_ENCODING UNITY_LIGHTMAP_RGBM_ENCODING UNITY_VIRTUAL_TEXTURING UNITY_PRETRANSFORM_TO_DISPLAY_ORIENTATION UNITY_ASTC_NORMALMAP_ENCODING SHADER_API_GLES30 SHADER_API_GLES31 SHADER_API_GLES32 UNITY_UNIFIED_SHADER_PRECISION_MODEL flags=0 lang=3 type=Vertex platform=d3d11 reqs=33 mask=6 start=190
RunExternalCompiler: begin name=FXC
RunExternalCompiler: end
compileSnippet complete
 ok=1 outsize=662

Cmd: compileSnippet
  insize=1865 file=Packages/com.unity.render-pipelines.universal/Editor/Overrides/Shaders/CurveBackground.shader name=Hidden/Universal Render Pipeline/Editor/CurveBackground pass=<Unnamed Pass 0> ppOnly=0 stripLineD=0 buildPlatform=19 rsLen=0 pKW=UNITY_ENABLE_REFLECTION_BUFFERS UNITY_USE_DITHER_MASK_FOR_ALPHABLENDED_SHADOWS UNITY_PBS_USE_BRDF1 UNITY_SPECCUBE_BOX_PROJECTION UNITY_SPECCUBE_BLENDING UNITY_ENABLE_DETAIL_NORMALMAP SHADER_API_DESKTOP UNITY_LIGHT_PROBE_PROXY_VOLUME UNITY_LIGHTMAP_FULL_HDR UNITY_PLATFORM_SUPPORTS_DEPTH_FETCH uKW= dKW=UNITY_NO_DXT5nm UNITY_FRAMEBUFFER_FETCH_AVAILABLE UNITY_METAL_SHADOWS_USE_POINT_FILTERING UNITY_NO_SCREENSPACE_SHADOWS UNITY_PBS_USE_BRDF2 UNITY_PBS_USE_BRDF3 UNITY_HARDWARE_TIER1 UNITY_HARDWARE_TIER2 UNITY_HARDWARE_TIER3 UNITY_COLORSPACE_GAMMA UNITY_LIGHTMAP_DLDR_ENCODING UNITY_LIGHTMAP_RGBM_ENCODING UNITY_VIRTUAL_TEXTURING UNITY_PRETRANSFORM_TO_DISPLAY_ORIENTATION UNITY_ASTC_NORMALMAP_ENCODING SHADER_API_GLES30 SHADER_API_GLES31 SHADER_API_GLES32 UNITY_UNIFIED_SHADER_PRECISION_MODEL flags=0 lang=0 type=Vertex platform=d3d11 reqs=227 mask=6 start=44
RunExternalCompiler: begin name=FXC
RunExternalCompiler: end
compileSnippet complete
 ok=1 outsize=682

Cmd: compileSnippet
  insize=1865 file=Packages/com.unity.render-pipelines.universal/Editor/Overrides/Shaders/CurveBackground.shader name=Hidden/Universal Render Pipeline/Editor/CurveBackground pass=<Unnamed Pass 1> ppOnly=0 stripLineD=0 buildPlatform=19 rsLen=0 pKW=UNITY_ENABLE_REFLECTION_BUFFERS UNITY_USE_DITHER_MASK_FOR_ALPHABLENDED_SHADOWS UNITY_PBS_USE_BRDF1 UNITY_SPECCUBE_BOX_PROJECTION UNITY_SPECCUBE_BLENDING UNITY_ENABLE_DETAIL_NORMALMAP SHADER_API_DESKTOP UNITY_LIGHT_PROBE_PROXY_VOLUME UNITY_LIGHTMAP_FULL_HDR UNITY_PLATFORM_SUPPORTS_DEPTH_FETCH uKW= dKW=UNITY_NO_DXT5nm UNITY_FRAMEBUFFER_FETCH_AVAILABLE UNITY_METAL_SHADOWS_USE_POINT_FILTERING UNITY_NO_SCREENSPACE_SHADOWS UNITY_PBS_USE_BRDF2 UNITY_PBS_USE_BRDF3 UNITY_HARDWARE_TIER1 UNITY_HARDWARE_TIER2 UNITY_HARDWARE_TIER3 UNITY_COLORSPACE_GAMMA UNITY_LIGHTMAP_DLDR_ENCODING UNITY_LIGHTMAP_RGBM_ENCODING UNITY_VIRTUAL_TEXTURING UNITY_PRETRANSFORM_TO_DISPLAY_ORIENTATION UNITY_ASTC_NORMALMAP_ENCODING SHADER_API_GLES30 SHADER_API_GLES31 SHADER_API_GLES32 UNITY_UNIFIED_SHADER_PRECISION_MODEL flags=0 lang=0 type=Fragment platform=d3d11 reqs=227 mask=6 start=55
RunExternalCompiler: begin name=FXC
RunExternalCompiler: end
compileSnippet complete
 ok=1 outsize=746

Cmd: compileSnippet
  insize=1193 file=Packages/com.unity.render-pipelines.universal/Shaders/Utils/StencilDitherMaskSeed.shader name=Hidden/Universal Render Pipeline/StencilDitherMaskSeed pass=StencilDitherMaskSeed ppOnly=0 stripLineD=0 buildPlatform=19 rsLen=0 pKW=UNITY_ENABLE_REFLECTION_BUFFERS UNITY_USE_DITHER_MASK_FOR_ALPHABLENDED_SHADOWS UNITY_PBS_USE_BRDF1 UNITY_SPECCUBE_BOX_PROJECTION UNITY_SPECCUBE_BLENDING UNITY_ENABLE_DETAIL_NORMALMAP SHADER_API_DESKTOP UNITY_LIGHT_PROBE_PROXY_VOLUME UNITY_LIGHTMAP_FULL_HDR UNITY_PLATFORM_SUPPORTS_DEPTH_FETCH uKW= dKW=UNITY_NO_DXT5nm UNITY_FRAMEBUFFER_FETCH_AVAILABLE UNITY_METAL_SHADOWS_USE_POINT_FILTERING UNITY_NO_SCREENSPACE_SHADOWS UNITY_PBS_USE_BRDF2 UNITY_PBS_USE_BRDF3 UNITY_HARDWARE_TIER1 UNITY_HARDWARE_TIER2 UNITY_HARDWARE_TIER3 UNITY_COLORSPACE_GAMMA UNITY_LIGHTMAP_DLDR_ENCODING UNITY_LIGHTMAP_RGBM_ENCODING UNITY_VIRTUAL_TEXTURING UNITY_PRETRANSFORM_TO_DISPLAY_ORIENTATION UNITY_ASTC_NORMALMAP_ENCODING SHADER_API_GLES30 SHADER_API_GLES31 SHADER_API_GLES32 UNITY_UNIFIED_SHADER_PRECISION_MODEL flags=0 lang=3 type=Vertex platform=d3d11 reqs=33 mask=6 start=35
RunExternalCompiler: begin name=FXC
RunExternalCompiler: end
compileSnippet complete
 ok=1 outsize=582

Cmd: compileSnippet
  insize=1860 file=Packages/com.unity.render-pipelines.universal/Shaders/Utils/CoreBlit.shader name=Hidden/Universal/CoreBlit pass=BilinearQuadPaddingRepeat ppOnly=0 stripLineD=0 buildPlatform=19 rsLen=0 pKW=UNITY_ENABLE_REFLECTION_BUFFERS UNITY_USE_DITHER_MASK_FOR_ALPHABLENDED_SHADOWS UNITY_PBS_USE_BRDF1 UNITY_SPECCUBE_BOX_PROJECTION UNITY_SPECCUBE_BLENDING UNITY_ENABLE_DETAIL_NORMALMAP SHADER_API_DESKTOP UNITY_LIGHT_PROBE_PROXY_VOLUME UNITY_LIGHTMAP_FULL_HDR UNITY_PLATFORM_SUPPORTS_DEPTH_FETCH uKW= dKW=UNITY_NO_DXT5nm UNITY_FRAMEBUFFER_FETCH_AVAILABLE UNITY_METAL_SHADOWS_USE_POINT_FILTERING UNITY_NO_SCREENSPACE_SHADOWS UNITY_PBS_USE_BRDF2 UNITY_PBS_USE_BRDF3 UNITY_HARDWARE_TIER1 UNITY_HARDWARE_TIER2 UNITY_HARDWARE_TIER3 UNITY_COLORSPACE_GAMMA UNITY_LIGHTMAP_DLDR_ENCODING UNITY_LIGHTMAP_RGBM_ENCODING UNITY_VIRTUAL_TEXTURING UNITY_PRETRANSFORM_TO_DISPLAY_ORIENTATION UNITY_ASTC_NORMALMAP_ENCODING SHADER_API_GLES30 SHADER_API_GLES31 SHADER_API_GLES32 UNITY_UNIFIED_SHADER_PRECISION_MODEL flags=0 lang=3 type=Fragment platform=d3d11 reqs=1 mask=6 start=133
RunExternalCompiler: begin name=FXC
RunExternalCompiler: end
compileSnippet complete
 ok=1 outsize=358

Cmd: compileSnippet
  insize=1901 file=Packages/com.unity.render-pipelines.universal/Shaders/Utils/CoreBlit.shader name=Hidden/Universal/CoreBlit pass=BilinearQuadPaddingAlphaBlendRepeat ppOnly=0 stripLineD=0 buildPlatform=19 rsLen=0 pKW=UNITY_ENABLE_REFLECTION_BUFFERS UNITY_USE_DITHER_MASK_FOR_ALPHABLENDED_SHADOWS UNITY_PBS_USE_BRDF1 UNITY_SPECCUBE_BOX_PROJECTION UNITY_SPECCUBE_BLENDING UNITY_ENABLE_DETAIL_NORMALMAP SHADER_API_DESKTOP UNITY_LIGHT_PROBE_PROXY_VOLUME UNITY_LIGHTMAP_FULL_HDR UNITY_PLATFORM_SUPPORTS_DEPTH_FETCH uKW= dKW=UNITY_NO_DXT5nm UNITY_FRAMEBUFFER_FETCH_AVAILABLE UNITY_METAL_SHADOWS_USE_POINT_FILTERING UNITY_NO_SCREENSPACE_SHADOWS UNITY_PBS_USE_BRDF2 UNITY_PBS_USE_BRDF3 UNITY_HARDWARE_TIER1 UNITY_HARDWARE_TIER2 UNITY_HARDWARE_TIER3 UNITY_COLORSPACE_GAMMA UNITY_LIGHTMAP_DLDR_ENCODING UNITY_LIGHTMAP_RGBM_ENCODING UNITY_VIRTUAL_TEXTURING UNITY_PRETRANSFORM_TO_DISPLAY_ORIENTATION UNITY_ASTC_NORMALMAP_ENCODING SHADER_API_GLES30 SHADER_API_GLES31 SHADER_API_GLES32 UNITY_UNIFIED_SHADER_PRECISION_MODEL flags=0 lang=3 type=Fragment platform=d3d11 reqs=1 mask=6 start=197
RunExternalCompiler: begin name=FXC
RunExternalCompiler: end
compileSnippet complete
 ok=1 outsize=358

Cmd: compileSnippet
  insize=1856 file=Packages/com.unity.render-pipelines.universal/Shaders/Utils/CoreBlit.shader name=Hidden/Universal/CoreBlit pass=BilinearQuadRed ppOnly=0 stripLineD=0 buildPlatform=19 rsLen=0 pKW=UNITY_ENABLE_REFLECTION_BUFFERS UNITY_USE_DITHER_MASK_FOR_ALPHABLENDED_SHADOWS UNITY_PBS_USE_BRDF1 UNITY_SPECCUBE_BOX_PROJECTION UNITY_SPECCUBE_BLENDING UNITY_ENABLE_DETAIL_NORMALMAP SHADER_API_DESKTOP UNITY_LIGHT_PROBE_PROXY_VOLUME UNITY_LIGHTMAP_FULL_HDR UNITY_PLATFORM_SUPPORTS_DEPTH_FETCH uKW= dKW=UNITY_NO_DXT5nm UNITY_FRAMEBUFFER_FETCH_AVAILABLE UNITY_METAL_SHADOWS_USE_POINT_FILTERING UNITY_NO_SCREENSPACE_SHADOWS UNITY_PBS_USE_BRDF2 UNITY_PBS_USE_BRDF3 UNITY_HARDWARE_TIER1 UNITY_HARDWARE_TIER2 UNITY_HARDWARE_TIER3 UNITY_COLORSPACE_GAMMA UNITY_LIGHTMAP_DLDR_ENCODING UNITY_LIGHTMAP_RGBM_ENCODING UNITY_VIRTUAL_TEXTURING UNITY_PRETRANSFORM_TO_DISPLAY_ORIENTATION UNITY_ASTC_NORMALMAP_ENCODING SHADER_API_GLES30 SHADER_API_GLES31 SHADER_API_GLES32 UNITY_UNIFIED_SHADER_PRECISION_MODEL flags=0 lang=3 type=Vertex platform=d3d11 reqs=1 mask=6 start=295
RunExternalCompiler: begin name=FXC
RunExternalCompiler: end
compileSnippet complete
 ok=1 outsize=786

Cmd: compileSnippet
  insize=2302 file=Packages/com.unity.render-pipelines.universal/Shaders/Utils/CoreBlit.shader name=Hidden/Universal/CoreBlit pass=NearestDebugDraw ppOnly=0 stripLineD=0 buildPlatform=19 rsLen=0 pKW=UNITY_ENABLE_REFLECTION_BUFFERS UNITY_USE_DITHER_MASK_FOR_ALPHABLENDED_SHADOWS UNITY_PBS_USE_BRDF1 UNITY_SPECCUBE_BOX_PROJECTION UNITY_SPECCUBE_BLENDING UNITY_ENABLE_DETAIL_NORMALMAP SHADER_API_DESKTOP UNITY_LIGHT_PROBE_PROXY_VOLUME UNITY_LIGHTMAP_FULL_HDR UNITY_PLATFORM_SUPPORTS_DEPTH_FETCH uKW= dKW=_LINEAR_TO_SRGB_CONVERSION DEBUG_DISPLAY UNITY_NO_DXT5nm UNITY_FRAMEBUFFER_FETCH_AVAILABLE UNITY_METAL_SHADOWS_USE_POINT_FILTERING UNITY_NO_SCREENSPACE_SHADOWS UNITY_PBS_USE_BRDF2 UNITY_PBS_USE_BRDF3 UNITY_HARDWARE_TIER1 UNITY_HARDWARE_TIER2 UNITY_HARDWARE_TIER3 UNITY_COLORSPACE_GAMMA UNITY_LIGHTMAP_DLDR_ENCODING UNITY_LIGHTMAP_RGBM_ENCODING UNITY_VIRTUAL_TEXTURING UNITY_PRETRANSFORM_TO_DISPLAY_ORIENTATION UNITY_ASTC_NORMALMAP_ENCODING SHADER_API_GLES30 SHADER_API_GLES31 SHADER_API_GLES32 UNITY_UNIFIED_SHADER_PRECISION_MODEL flags=0 lang=3 type=Fragment platform=d3d11 reqs=1 mask=6 start=352
RunExternalCompiler: begin name=FXC
RunExternalCompiler: end
compileSnippet complete
 ok=1 outsize=358

Cmd: compileSnippet
  insize=1255 file=Packages/com.unity.render-pipelines.universal/Shaders/PostProcessing/LensFlareScreenSpace.shader name=Hidden/Universal Render Pipeline/LensFlareScreenSpace pass=LensFlareScreenSpace Write to BloomTexture ppOnly=0 stripLineD=0 buildPlatform=19 rsLen=0 pKW=UNITY_ENABLE_REFLECTION_BUFFERS UNITY_USE_DITHER_MASK_FOR_ALPHABLENDED_SHADOWS UNITY_PBS_USE_BRDF1 UNITY_SPECCUBE_BOX_PROJECTION UNITY_SPECCUBE_BLENDING UNITY_ENABLE_DETAIL_NORMALMAP SHADER_API_DESKTOP UNITY_LIGHT_PROBE_PROXY_VOLUME UNITY_LIGHTMAP_FULL_HDR UNITY_PLATFORM_SUPPORTS_DEPTH_FETCH uKW= dKW=UNITY_NO_DXT5nm UNITY_FRAMEBUFFER_FETCH_AVAILABLE UNITY_METAL_SHADOWS_USE_POINT_FILTERING UNITY_NO_SCREENSPACE_SHADOWS UNITY_PBS_USE_BRDF2 UNITY_PBS_USE_BRDF3 UNITY_HARDWARE_TIER1 UNITY_HARDWARE_TIER2 UNITY_HARDWARE_TIER3 UNITY_COLORSPACE_GAMMA UNITY_LIGHTMAP_DLDR_ENCODING UNITY_LIGHTMAP_RGBM_ENCODING UNITY_VIRTUAL_TEXTURING UNITY_PRETRANSFORM_TO_DISPLAY_ORIENTATION UNITY_ASTC_NORMALMAP_ENCODING SHADER_API_GLES30 SHADER_API_GLES31 SHADER_API_GLES32 UNITY_UNIFIED_SHADER_PRECISION_MODEL flags=0 lang=3 type=Fragment platform=d3d11 reqs=227 mask=6 start=138
RunExternalCompiler: begin name=FXC
RunExternalCompiler: end
compileSnippet complete
 ok=1 outsize=494

Cmd: compileSnippet
  insize=11852 file=Packages/com.unity.render-pipelines.universal/Shaders/PostProcessing/Bloom.shader name=Hidden/Universal Render Pipeline/Bloom pass=Bloom Kawase ppOnly=0 stripLineD=0 buildPlatform=19 rsLen=0 pKW=UNITY_ENABLE_REFLECTION_BUFFERS UNITY_USE_DITHER_MASK_FOR_ALPHABLENDED_SHADOWS UNITY_PBS_USE_BRDF1 UNITY_SPECCUBE_BOX_PROJECTION UNITY_SPECCUBE_BLENDING UNITY_ENABLE_DETAIL_NORMALMAP SHADER_API_DESKTOP UNITY_LIGHT_PROBE_PROXY_VOLUME UNITY_LIGHTMAP_FULL_HDR UNITY_PLATFORM_SUPPORTS_DEPTH_FETCH uKW= dKW=UNITY_NO_DXT5nm UNITY_FRAMEBUFFER_FETCH_AVAILABLE UNITY_METAL_SHADOWS_USE_POINT_FILTERING UNITY_NO_SCREENSPACE_SHADOWS UNITY_PBS_USE_BRDF2 UNITY_PBS_USE_BRDF3 UNITY_HARDWARE_TIER1 UNITY_HARDWARE_TIER2 UNITY_HARDWARE_TIER3 UNITY_COLORSPACE_GAMMA UNITY_LIGHTMAP_DLDR_ENCODING UNITY_LIGHTMAP_RGBM_ENCODING UNITY_VIRTUAL_TEXTURING UNITY_PRETRANSFORM_TO_DISPLAY_ORIENTATION UNITY_ASTC_NORMALMAP_ENCODING SHADER_API_GLES30 SHADER_API_GLES31 SHADER_API_GLES32 UNITY_UNIFIED_SHADER_PRECISION_MODEL flags=0 lang=3 type=Vertex platform=d3d11 reqs=33 mask=6 start=301
RunExternalCompiler: begin name=FXC
RunExternalCompiler: end
compileSnippet complete
 ok=1 outsize=582

Cmd: compileSnippet
  insize=1533 file=Packages/com.unity.render-pipelines.universal/Shaders/2D/Shadow2D-Projected.shader name=Hidden/ShadowProjected2D pass=Projected Unshadow (G) - Stencil: Ref 1, Comp Eq, Pass Keep ppOnly=0 stripLineD=0 buildPlatform=19 rsLen=0 pKW=UNITY_ENABLE_REFLECTION_BUFFERS UNITY_USE_DITHER_MASK_FOR_ALPHABLENDED_SHADOWS UNITY_PBS_USE_BRDF1 UNITY_SPECCUBE_BOX_PROJECTION UNITY_SPECCUBE_BLENDING UNITY_ENABLE_DETAIL_NORMALMAP SHADER_API_DESKTOP UNITY_LIGHT_PROBE_PROXY_VOLUME UNITY_LIGHTMAP_FULL_HDR UNITY_PLATFORM_SUPPORTS_DEPTH_FETCH uKW= dKW=UNITY_NO_DXT5nm UNITY_FRAMEBUFFER_FETCH_AVAILABLE UNITY_METAL_SHADOWS_USE_POINT_FILTERING UNITY_NO_SCREENSPACE_SHADOWS UNITY_PBS_USE_BRDF2 UNITY_PBS_USE_BRDF3 UNITY_HARDWARE_TIER1 UNITY_HARDWARE_TIER2 UNITY_HARDWARE_TIER3 UNITY_COLORSPACE_GAMMA UNITY_LIGHTMAP_DLDR_ENCODING UNITY_LIGHTMAP_RGBM_ENCODING UNITY_VIRTUAL_TEXTURING UNITY_PRETRANSFORM_TO_DISPLAY_ORIENTATION UNITY_ASTC_NORMALMAP_ENCODING SHADER_API_GLES30 SHADER_API_GLES31 SHADER_API_GLES32 UNITY_UNIFIED_SHADER_PRECISION_MODEL flags=0 lang=3 type=Vertex platform=d3d11 reqs=33 mask=6 start=80
RunExternalCompiler: begin name=FXC
RunExternalCompiler: end
compileSnippet complete
 ok=1 outsize=2442

Cmd: compileSnippet
  insize=2015 file=Packages/com.unity.render-pipelines.universal/Shaders/Nature/SpeedTree7.shader name=Universal Render Pipeline/Nature/SpeedTree7 pass=DepthOnly ppOnly=0 stripLineD=0 buildPlatform=19 rsLen=0 pKW=UNITY_ENABLE_REFLECTION_BUFFERS UNITY_USE_DITHER_MASK_FOR_ALPHABLENDED_SHADOWS UNITY_PBS_USE_BRDF1 UNITY_SPECCUBE_BOX_PROJECTION UNITY_SPECCUBE_BLENDING UNITY_ENABLE_DETAIL_NORMALMAP SHADER_API_DESKTOP UNITY_LIGHT_PROBE_PROXY_VOLUME UNITY_LIGHTMAP_FULL_HDR UNITY_PLATFORM_SUPPORTS_DEPTH_FETCH uKW=GEOM_TYPE_BRANCH dKW=LOD_FADE_CROSSFADE INSTANCING_ON GEOM_TYPE_BRANCH_DETAIL GEOM_TYPE_FROND GEOM_TYPE_LEAF GEOM_TYPE_MESH UNITY_NO_DXT5nm UNITY_FRAMEBUFFER_FETCH_AVAILABLE UNITY_METAL_SHADOWS_USE_POINT_FILTERING UNITY_NO_SCREENSPACE_SHADOWS UNITY_PBS_USE_BRDF2 UNITY_PBS_USE_BRDF3 UNITY_HARDWARE_TIER1 UNITY_HARDWARE_TIER2 UNITY_HARDWARE_TIER3 UNITY_COLORSPACE_GAMMA UNITY_LIGHTMAP_DLDR_ENCODING UNITY_LIGHTMAP_RGBM_ENCODING UNITY_VIRTUAL_TEXTURING UNITY_PRETRANSFORM_TO_DISPLAY_ORIENTATION UNITY_ASTC_NORMALMAP_ENCODING SHADER_API_GLES30 SHADER_API_GLES31 SHADER_API_GLES32 UNITY_UNIFIED_SHADER_PRECISION_MODEL flags=0 lang=3 type=Fragment platform=d3d11 reqs=33 mask=6 start=188
RunExternalCompiler: begin name=FXC
RunExternalCompiler: end
compileSnippet complete
 ok=1 outsize=346

Cmd: compileSnippet
  insize=1316 file=Packages/com.unity.render-pipelines.universal/Shaders/Nature/SpeedTree7Billboard.shader name=Universal Render Pipeline/Nature/SpeedTree7 Billboard pass=DepthNormals ppOnly=0 stripLineD=0 buildPlatform=19 rsLen=0 pKW=UNITY_ENABLE_REFLECTION_BUFFERS UNITY_USE_DITHER_MASK_FOR_ALPHABLENDED_SHADOWS UNITY_PBS_USE_BRDF1 UNITY_SPECCUBE_BOX_PROJECTION UNITY_SPECCUBE_BLENDING UNITY_ENABLE_DETAIL_NORMALMAP SHADER_API_DESKTOP UNITY_LIGHT_PROBE_PROXY_VOLUME UNITY_LIGHTMAP_FULL_HDR UNITY_PLATFORM_SUPPORTS_DEPTH_FETCH uKW= dKW=BILLBOARD_FACE_CAMERA_POS LOD_FADE_CROSSFADE EFFECT_BUMP UNITY_NO_DXT5nm UNITY_FRAMEBUFFER_FETCH_AVAILABLE UNITY_METAL_SHADOWS_USE_POINT_FILTERING UNITY_NO_SCREENSPACE_SHADOWS UNITY_PBS_USE_BRDF2 UNITY_PBS_USE_BRDF3 UNITY_HARDWARE_TIER1 UNITY_HARDWARE_TIER2 UNITY_HARDWARE_TIER3 UNITY_COLORSPACE_GAMMA UNITY_LIGHTMAP_DLDR_ENCODING UNITY_LIGHTMAP_RGBM_ENCODING UNITY_VIRTUAL_TEXTURING UNITY_PRETRANSFORM_TO_DISPLAY_ORIENTATION UNITY_ASTC_NORMALMAP_ENCODING SHADER_API_GLES30 SHADER_API_GLES31 SHADER_API_GLES32 UNITY_UNIFIED_SHADER_PRECISION_MODEL flags=0 lang=3 type=Fragment platform=d3d11 reqs=33 mask=6 start=156
RunExternalCompiler: begin name=FXC
RunExternalCompiler: end
compileSnippet complete
 ok=1 outsize=1054

Cmd: compileSnippet
  insize=1425 file=Packages/com.unity.render-pipelines.universal/Shaders/PostProcessing/TemporalAA.shader name=Hidden/Universal Render Pipeline/TemporalAA pass=TemporalAA - Accumulate - Quality Very High ppOnly=0 stripLineD=0 buildPlatform=19 rsLen=0 pKW=UNITY_ENABLE_REFLECTION_BUFFERS UNITY_USE_DITHER_MASK_FOR_ALPHABLENDED_SHADOWS UNITY_PBS_USE_BRDF1 UNITY_SPECCUBE_BOX_PROJECTION UNITY_SPECCUBE_BLENDING UNITY_ENABLE_DETAIL_NORMALMAP SHADER_API_DESKTOP UNITY_LIGHT_PROBE_PROXY_VOLUME UNITY_LIGHTMAP_FULL_HDR UNITY_PLATFORM_SUPPORTS_DEPTH_FETCH uKW= dKW=UNITY_NO_DXT5nm UNITY_FRAMEBUFFER_FETCH_AVAILABLE UNITY_METAL_SHADOWS_USE_POINT_FILTERING UNITY_NO_SCREENSPACE_SHADOWS UNITY_PBS_USE_BRDF2 UNITY_PBS_USE_BRDF3 UNITY_HARDWARE_TIER1 UNITY_HARDWARE_TIER2 UNITY_HARDWARE_TIER3 UNITY_COLORSPACE_GAMMA UNITY_LIGHTMAP_DLDR_ENCODING UNITY_LIGHTMAP_RGBM_ENCODING UNITY_VIRTUAL_TEXTURING UNITY_PRETRANSFORM_TO_DISPLAY_ORIENTATION UNITY_ASTC_NORMALMAP_ENCODING SHADER_API_GLES30 SHADER_API_GLES31 SHADER_API_GLES32 UNITY_UNIFIED_SHADER_PRECISION_MODEL flags=0 lang=3 type=Vertex platform=d3d11 reqs=33 mask=6 start=86
RunExternalCompiler: begin name=FXC
RunExternalCompiler: end
compileSnippet complete
 ok=1 outsize=582

Cmd: compileSnippet
  insize=2430 file=Packages/com.unity.render-pipelines.universal/Shaders/ComplexLit.shader name=Universal Render Pipeline/Complex Lit pass=ShadowCaster ppOnly=0 stripLineD=0 buildPlatform=19 rsLen=0 pKW=UNITY_ENABLE_REFLECTION_BUFFERS UNITY_USE_DITHER_MASK_FOR_ALPHABLENDED_SHADOWS UNITY_PBS_USE_BRDF1 UNITY_SPECCUBE_BOX_PROJECTION UNITY_SPECCUBE_BLENDING UNITY_ENABLE_DETAIL_NORMALMAP SHADER_API_DESKTOP UNITY_LIGHT_PROBE_PROXY_VOLUME UNITY_LIGHTMAP_FULL_HDR UNITY_PLATFORM_SUPPORTS_DEPTH_FETCH UNITY_PASS_SHADOWCASTER uKW= dKW=DOTS_INSTANCING_ON LOD_FADE_CROSSFADE INSTANCING_ON _SMOOTHNESS_TEXTURE_ALBEDO_CHANNEL_A _ALPHATEST_ON UNITY_NO_DXT5nm UNITY_FRAMEBUFFER_FETCH_AVAILABLE UNITY_METAL_SHADOWS_USE_POINT_FILTERING UNITY_NO_SCREENSPACE_SHADOWS UNITY_PBS_USE_BRDF2 UNITY_PBS_USE_BRDF3 UNITY_HARDWARE_TIER1 UNITY_HARDWARE_TIER2 UNITY_HARDWARE_TIER3 UNITY_COLORSPACE_GAMMA UNITY_LIGHTMAP_DLDR_ENCODING UNITY_LIGHTMAP_RGBM_ENCODING UNITY_VIRTUAL_TEXTURING UNITY_PRETRANSFORM_TO_DISPLAY_ORIENTATION UNITY_ASTC_NORMALMAP_ENCODING SHADER_API_GLES30 SHADER_API_GLES31 SHADER_API_GLES32 UNITY_UNIFIED_SHADER_PRECISION_MODEL flags=0 lang=3 type=Fragment platform=d3d11 reqs=1 mask=6 start=207
RunExternalCompiler: begin name=FXC
RunExternalCompiler: end
compileSnippet complete
 ok=1 outsize=250

Cmd: compileSnippet
  insize=3096 file=Packages/com.unity.render-pipelines.universal/Shaders/ComplexLit.shader name=Universal Render Pipeline/Complex Lit pass=DepthNormalsOnly ppOnly=0 stripLineD=0 buildPlatform=19 rsLen=0 pKW=UNITY_ENABLE_REFLECTION_BUFFERS UNITY_USE_DITHER_MASK_FOR_ALPHABLENDED_SHADOWS UNITY_PBS_USE_BRDF1 UNITY_SPECCUBE_BOX_PROJECTION UNITY_SPECCUBE_BLENDING UNITY_ENABLE_DETAIL_NORMALMAP SHADER_API_DESKTOP UNITY_LIGHT_PROBE_PROXY_VOLUME UNITY_LIGHTMAP_FULL_HDR UNITY_PLATFORM_SUPPORTS_DEPTH_FETCH uKW= dKW=_GBUFFER_NORMALS_OCT _WRITE_RENDERING_LAYERS LOD_FADE_CROSSFADE DOTS_INSTANCING_ON INSTANCING_ON _SMOOTHNESS_TEXTURE_ALBEDO_CHANNEL_A _NORMALMAP _PARALLAXMAP _DETAIL_MULX2 _DETAIL_SCALED _ALPHATEST_ON UNITY_NO_DXT5nm UNITY_FRAMEBUFFER_FETCH_AVAILABLE UNITY_METAL_SHADOWS_USE_POINT_FILTERING UNITY_NO_SCREENSPACE_SHADOWS UNITY_PBS_USE_BRDF2 UNITY_PBS_USE_BRDF3 UNITY_HARDWARE_TIER1 UNITY_HARDWARE_TIER2 UNITY_HARDWARE_TIER3 UNITY_COLORSPACE_GAMMA UNITY_LIGHTMAP_DLDR_ENCODING UNITY_LIGHTMAP_RGBM_ENCODING UNITY_VIRTUAL_TEXTURING UNITY_PRETRANSFORM_TO_DISPLAY_ORIENTATION UNITY_ASTC_NORMALMAP_ENCODING SHADER_API_GLES30 SHADER_API_GLES31 SHADER_API_GLES32 UNITY_UNIFIED_SHADER_PRECISION_MODEL flags=0 lang=3 type=Fragment platform=d3d11 reqs=1 mask=6 start=387
RunExternalCompiler: begin name=FXC
RunExternalCompiler: end
compileSnippet complete
 ok=1 outsize=394

Cmd: compileSnippet
  insize=3269 file=Packages/com.unity.render-pipelines.universal/Shaders/Utils/StencilDeferred.shader name=Hidden/Universal Render Pipeline/StencilDeferred pass=Deferred Punctual Light (SimpleLit) ppOnly=0 stripLineD=0 buildPlatform=19 rsLen=0 pKW=UNITY_ENABLE_REFLECTION_BUFFERS UNITY_USE_DITHER_MASK_FOR_ALPHABLENDED_SHADOWS UNITY_PBS_USE_BRDF1 UNITY_SPECCUBE_BOX_PROJECTION UNITY_SPECCUBE_BLENDING UNITY_ENABLE_DETAIL_NORMALMAP SHADER_API_DESKTOP UNITY_LIGHT_PROBE_PROXY_VOLUME UNITY_LIGHTMAP_FULL_HDR UNITY_PLATFORM_SUPPORTS_DEPTH_FETCH uKW=_POINT dKW=_SPOT _LIGHT_LAYERS UNITY_NO_DXT5nm UNITY_FRAMEBUFFER_FETCH_AVAILABLE UNITY_METAL_SHADOWS_USE_POINT_FILTERING UNITY_NO_SCREENSPACE_SHADOWS UNITY_PBS_USE_BRDF2 UNITY_PBS_USE_BRDF3 UNITY_HARDWARE_TIER1 UNITY_HARDWARE_TIER2 UNITY_HARDWARE_TIER3 UNITY_COLORSPACE_GAMMA UNITY_LIGHTMAP_DLDR_ENCODING UNITY_LIGHTMAP_RGBM_ENCODING UNITY_VIRTUAL_TEXTURING UNITY_PRETRANSFORM_TO_DISPLAY_ORIENTATION UNITY_ASTC_NORMALMAP_ENCODING SHADER_API_GLES30 SHADER_API_GLES31 SHADER_API_GLES32 UNITY_UNIFIED_SHADER_PRECISION_MODEL flags=0 lang=3 type=Vertex platform=d3d11 reqs=1101803 mask=6 start=174
RunExternalCompiler: begin name=FXC
RunExternalCompiler: end
compileSnippet complete
 ok=1 outsize=790

Cmd: compileSnippet
  insize=1406 file=Assets/TextMesh Pro/Shaders/TMP_SDF-Surface-Mobile.shader name=TextMeshPro/Mobile/Distance Field (Surface) pass=Caster ppOnly=0 stripLineD=0 buildPlatform=19 rsLen=0 pKW=UNITY_ENABLE_REFLECTION_BUFFERS UNITY_USE_DITHER_MASK_FOR_ALPHABLENDED_SHADOWS UNITY_PBS_USE_BRDF1 UNITY_SPECCUBE_BOX_PROJECTION UNITY_SPECCUBE_BLENDING UNITY_ENABLE_DETAIL_NORMALMAP SHADER_API_DESKTOP UNITY_LIGHT_PROBE_PROXY_VOLUME UNITY_LIGHTMAP_FULL_HDR UNITY_PLATFORM_SUPPORTS_DEPTH_FETCH UNITY_PASS_SHADOWCASTER uKW=SHADOWS_DEPTH dKW=SHADOWS_CUBE UNITY_NO_DXT5nm UNITY_FRAMEBUFFER_FETCH_AVAILABLE UNITY_METAL_SHADOWS_USE_POINT_FILTERING UNITY_NO_SCREENSPACE_SHADOWS UNITY_PBS_USE_BRDF2 UNITY_PBS_USE_BRDF3 UNITY_HARDWARE_TIER1 UNITY_HARDWARE_TIER2 UNITY_HARDWARE_TIER3 UNITY_COLORSPACE_GAMMA UNITY_LIGHTMAP_DLDR_ENCODING UNITY_LIGHTMAP_RGBM_ENCODING UNITY_VIRTUAL_TEXTURING UNITY_PRETRANSFORM_TO_DISPLAY_ORIENTATION UNITY_ASTC_NORMALMAP_ENCODING SHADER_API_GLES30 SHADER_API_GLES31 SHADER_API_GLES32 UNITY_UNIFIED_SHADER_PRECISION_MODEL flags=0 lang=0 type=Fragment platform=d3d11 reqs=33 mask=6 start=96
RunExternalCompiler: begin name=FXC
RunExternalCompiler: end
compileSnippet complete
 ok=1 outsize=502

Cmd: compileSnippet
  insize=3397 file=Packages/com.unity.render-pipelines.universal/Editor/Overrides/Shaders/ShadowsMidtonesHighlightsCurves.shader name=Hidden/Universal Render Pipeline/Editor/Shadows Midtones Highlights Curve pass=<Unnamed Pass 0> ppOnly=0 stripLineD=0 buildPlatform=19 rsLen=0 pKW=UNITY_ENABLE_REFLECTION_BUFFERS UNITY_USE_DITHER_MASK_FOR_ALPHABLENDED_SHADOWS UNITY_PBS_USE_BRDF1 UNITY_SPECCUBE_BOX_PROJECTION UNITY_SPECCUBE_BLENDING UNITY_ENABLE_DETAIL_NORMALMAP SHADER_API_DESKTOP UNITY_LIGHT_PROBE_PROXY_VOLUME UNITY_LIGHTMAP_FULL_HDR UNITY_PLATFORM_SUPPORTS_DEPTH_FETCH uKW= dKW=UNITY_NO_DXT5nm UNITY_FRAMEBUFFER_FETCH_AVAILABLE UNITY_METAL_SHADOWS_USE_POINT_FILTERING UNITY_NO_SCREENSPACE_SHADOWS UNITY_PBS_USE_BRDF2 UNITY_PBS_USE_BRDF3 UNITY_HARDWARE_TIER1 UNITY_HARDWARE_TIER2 UNITY_HARDWARE_TIER3 UNITY_COLORSPACE_GAMMA UNITY_LIGHTMAP_DLDR_ENCODING UNITY_LIGHTMAP_RGBM_ENCODING UNITY_VIRTUAL_TEXTURING UNITY_PRETRANSFORM_TO_DISPLAY_ORIENTATION UNITY_ASTC_NORMALMAP_ENCODING SHADER_API_GLES30 SHADER_API_GLES31 SHADER_API_GLES32 UNITY_UNIFIED_SHADER_PRECISION_MODEL flags=0 lang=0 type=Vertex platform=d3d11 reqs=4075 mask=6 start=71
RunExternalCompiler: begin name=FXC
RunExternalCompiler: end
compileSnippet complete
 ok=1 outsize=682

Cmd: compileSnippet
  insize=4056 file=Packages/com.unity.render-pipelines.universal/Shaders/Terrain/TerrainLitBasemapGen.shader name=Hidden/Universal Render Pipeline/Terrain/Lit (Basemap Gen) pass=<Unnamed Pass 0> ppOnly=0 stripLineD=0 buildPlatform=19 rsLen=0 pKW=UNITY_ENABLE_REFLECTION_BUFFERS UNITY_USE_DITHER_MASK_FOR_ALPHABLENDED_SHADOWS UNITY_PBS_USE_BRDF1 UNITY_SPECCUBE_BOX_PROJECTION UNITY_SPECCUBE_BLENDING UNITY_ENABLE_DETAIL_NORMALMAP SHADER_API_DESKTOP UNITY_LIGHT_PROBE_PROXY_VOLUME UNITY_LIGHTMAP_FULL_HDR UNITY_PLATFORM_SUPPORTS_DEPTH_FETCH uKW= dKW=_TERRAIN_BLEND_HEIGHT _MASKMAP UNITY_NO_DXT5nm UNITY_FRAMEBUFFER_FETCH_AVAILABLE UNITY_METAL_SHADOWS_USE_POINT_FILTERING UNITY_NO_SCREENSPACE_SHADOWS UNITY_PBS_USE_BRDF2 UNITY_PBS_USE_BRDF3 UNITY_HARDWARE_TIER1 UNITY_HARDWARE_TIER2 UNITY_HARDWARE_TIER3 UNITY_COLORSPACE_GAMMA UNITY_LIGHTMAP_DLDR_ENCODING UNITY_LIGHTMAP_RGBM_ENCODING UNITY_VIRTUAL_TEXTURING UNITY_PRETRANSFORM_TO_DISPLAY_ORIENTATION UNITY_ASTC_NORMALMAP_ENCODING SHADER_API_GLES30 SHADER_API_GLES31 SHADER_API_GLES32 UNITY_UNIFIED_SHADER_PRECISION_MODEL flags=0 lang=3 type=Fragment platform=d3d11 reqs=227 mask=6 start=58
RunExternalCompiler: begin name=FXC
RunExternalCompiler: end
compileSnippet complete
 ok=1 outsize=2470

Cmd: compileSnippet
  insize=2719 file=Assets/VRTemplateAssets/Shaders/FauxBlurURP.shader name=SpatialFramework/FauxBackgroundOverlayBlurURP pass=<Unnamed Pass 0> ppOnly=0 stripLineD=0 buildPlatform=19 rsLen=0 pKW=UNITY_ENABLE_REFLECTION_BUFFERS UNITY_USE_DITHER_MASK_FOR_ALPHABLENDED_SHADOWS UNITY_PBS_USE_BRDF1 UNITY_SPECCUBE_BOX_PROJECTION UNITY_SPECCUBE_BLENDING UNITY_ENABLE_DETAIL_NORMALMAP SHADER_API_DESKTOP UNITY_LIGHT_PROBE_PROXY_VOLUME UNITY_LIGHTMAP_FULL_HDR UNITY_PLATFORM_SUPPORTS_DEPTH_FETCH uKW= dKW=UNITY_NO_DXT5nm UNITY_FRAMEBUFFER_FETCH_AVAILABLE UNITY_METAL_SHADOWS_USE_POINT_FILTERING UNITY_NO_SCREENSPACE_SHADOWS UNITY_PBS_USE_BRDF2 UNITY_PBS_USE_BRDF3 UNITY_HARDWARE_TIER1 UNITY_HARDWARE_TIER2 UNITY_HARDWARE_TIER3 UNITY_COLORSPACE_GAMMA UNITY_LIGHTMAP_DLDR_ENCODING UNITY_LIGHTMAP_RGBM_ENCODING UNITY_VIRTUAL_TEXTURING UNITY_PRETRANSFORM_TO_DISPLAY_ORIENTATION UNITY_ASTC_NORMALMAP_ENCODING SHADER_API_GLES30 SHADER_API_GLES31 SHADER_API_GLES32 UNITY_UNIFIED_SHADER_PRECISION_MODEL flags=0 lang=3 type=Fragment platform=d3d11 reqs=33 mask=6 start=29
RunExternalCompiler: begin name=FXC
RunExternalCompiler: end
compileSnippet complete
 ok=1 outsize=1502

Cmd: compileSnippet
  insize=2097 file=Packages/com.unity.render-pipelines.core/Tests/Runtime/PathTracing/UniformAlbedoMetaPass.shader name=PathIteratorTesting/UniformAlbedoMetaPass pass=META ppOnly=0 stripLineD=0 buildPlatform=19 rsLen=0 pKW=UNITY_ENABLE_REFLECTION_BUFFERS UNITY_USE_DITHER_MASK_FOR_ALPHABLENDED_SHADOWS UNITY_PBS_USE_BRDF1 UNITY_SPECCUBE_BOX_PROJECTION UNITY_SPECCUBE_BLENDING UNITY_ENABLE_DETAIL_NORMALMAP SHADER_API_DESKTOP UNITY_LIGHT_PROBE_PROXY_VOLUME UNITY_LIGHTMAP_FULL_HDR UNITY_PLATFORM_SUPPORTS_DEPTH_FETCH UNITY_PASS_META uKW= dKW=_EMISSION UNITY_NO_DXT5nm UNITY_FRAMEBUFFER_FETCH_AVAILABLE UNITY_METAL_SHADOWS_USE_POINT_FILTERING UNITY_NO_SCREENSPACE_SHADOWS UNITY_PBS_USE_BRDF2 UNITY_PBS_USE_BRDF3 UNITY_HARDWARE_TIER1 UNITY_HARDWARE_TIER2 UNITY_HARDWARE_TIER3 UNITY_COLORSPACE_GAMMA UNITY_LIGHTMAP_DLDR_ENCODING UNITY_LIGHTMAP_RGBM_ENCODING UNITY_VIRTUAL_TEXTURING UNITY_PRETRANSFORM_TO_DISPLAY_ORIENTATION UNITY_ASTC_NORMALMAP_ENCODING SHADER_API_GLES30 SHADER_API_GLES31 SHADER_API_GLES32 UNITY_UNIFIED_SHADER_PRECISION_MODEL flags=0 lang=0 type=Fragment platform=d3d11 reqs=33 mask=6 start=14
RunExternalCompiler: begin name=FXC
RunExternalCompiler: end
compileSnippet complete
 ok=1 outsize=422

Cmd: compileSnippet
  insize=5328 file=Packages/com.unity.render-pipelines.universal/Shaders/Nature/SpeedTree8.shader name=Universal Render Pipeline/Nature/SpeedTree8 pass=GBuffer ppOnly=0 stripLineD=0 buildPlatform=19 rsLen=0 pKW=UNITY_ENABLE_REFLECTION_BUFFERS UNITY_USE_DITHER_MASK_FOR_ALPHABLENDED_SHADOWS UNITY_PBS_USE_BRDF1 UNITY_SPECCUBE_BOX_PROJECTION UNITY_SPECCUBE_BLENDING UNITY_ENABLE_DETAIL_NORMALMAP SHADER_API_DESKTOP UNITY_LIGHT_PROBE_PROXY_VOLUME UNITY_LIGHTMAP_FULL_HDR UNITY_PLATFORM_SUPPORTS_DEPTH_FETCH uKW=LOD_FADE_PERCENTAGE dKW=_REFLECTION_PROBE_BLENDING _REFLECTION_PROBE_BOX_PROJECTION _SHADOWS_SOFT _SHADOWS_SOFT_LOW _SHADOWS_SOFT_MEDIUM _SHADOWS_SOFT_HIGH _GBUFFER_NORMALS_OCT _RENDER_PASS_ENABLED _WRITE_RENDERING_LAYERS _MAIN_LIGHT_SHADOWS _MAIN_LIGHT_SHADOWS_CASCADE _MAIN_LIGHT_SHADOWS_SCREEN LOD_FADE_CROSSFADE _CLUSTER_LIGHT_LOOP EVALUATE_SH_MIXED EVALUATE_SH_VERTEX PROBE_VOLUMES_L1 PROBE_VOLUMES_L2 INSTANCING_ON EFFECT_HUE_VARIATION EFFECT_SUBSURFACE EFFECT_EXTRA_TEX EFFECT_BILLBOARD EFFECT_BUMP UNITY_NO_DXT5nm UNITY_FRAMEBUFFER_FETCH_AVAILABLE UNITY_METAL_SHADOWS_USE_POINT_FILTERING UNITY_NO_SCREENSPACE_SHADOWS UNITY_PBS_USE_BRDF2 UNITY_PBS_USE_BRDF3 UNITY_HARDWARE_TIER1 UNITY_HARDWARE_TIER2 UNITY_HARDWARE_TIER3 UNITY_COLORSPACE_GAMMA UNITY_LIGHTMAP_DLDR_ENCODING UNITY_LIGHTMAP_RGBM_ENCODING UNITY_VIRTUAL_TEXTURING UNITY_PRETRANSFORM_TO_DISPLAY_ORIENTATION UNITY_ASTC_NORMALMAP_ENCODING SHADER_API_GLES30 SHADER_API_GLES31 SHADER_API_GLES32 UNITY_UNIFIED_SHADER_PRECISION_MODEL flags=0 lang=3 type=Fragment platform=d3d11 reqs=1101803 mask=6 start=132
RunExternalCompiler: begin name=FXC
RunExternalCompiler: end
compileSnippet complete
 ok=1 outsize=3122

Cmd: compileSnippet
  insize=1380 file=Packages/com.unity.render-pipelines.universal/Shaders/Terrain/WavingGrass.shader name=Hidden/TerrainEngine/Details/UniversalPipeline/WavingDoublePass pass=DepthOnly ppOnly=0 stripLineD=0 buildPlatform=19 rsLen=0 pKW=UNITY_ENABLE_REFLECTION_BUFFERS UNITY_USE_DITHER_MASK_FOR_ALPHABLENDED_SHADOWS UNITY_PBS_USE_BRDF1 UNITY_SPECCUBE_BOX_PROJECTION UNITY_SPECCUBE_BLENDING UNITY_ENABLE_DETAIL_NORMALMAP SHADER_API_DESKTOP UNITY_LIGHT_PROBE_PROXY_VOLUME UNITY_LIGHTMAP_FULL_HDR UNITY_PLATFORM_SUPPORTS_DEPTH_FETCH uKW= dKW=INSTANCING_ON _GLOSSINESS_FROM_BASE_ALPHA UNITY_NO_DXT5nm UNITY_FRAMEBUFFER_FETCH_AVAILABLE UNITY_METAL_SHADOWS_USE_POINT_FILTERING UNITY_NO_SCREENSPACE_SHADOWS UNITY_PBS_USE_BRDF2 UNITY_PBS_USE_BRDF3 UNITY_HARDWARE_TIER1 UNITY_HARDWARE_TIER2 UNITY_HARDWARE_TIER3 UNITY_COLORSPACE_GAMMA UNITY_LIGHTMAP_DLDR_ENCODING UNITY_LIGHTMAP_RGBM_ENCODING UNITY_VIRTUAL_TEXTURING UNITY_PRETRANSFORM_TO_DISPLAY_ORIENTATION UNITY_ASTC_NORMALMAP_ENCODING SHADER_API_GLES30 SHADER_API_GLES31 SHADER_API_GLES32 UNITY_UNIFIED_SHADER_PRECISION_MODEL flags=0 lang=3 type=Fragment platform=d3d11 reqs=1 mask=6 start=141
RunExternalCompiler: begin name=FXC
RunExternalCompiler: end
compileSnippet complete
 ok=1 outsize=978

Cmd: compileSnippet
  insize=1984 file=Packages/com.unity.render-pipelines.universal/Shaders/BRGPicking.shader name=Hidden/Universal Render Pipeline/BRGPicking pass=ScenePickingPass ppOnly=0 stripLineD=0 buildPlatform=19 rsLen=0 pKW=UNITY_ENABLE_REFLECTION_BUFFERS UNITY_USE_DITHER_MASK_FOR_ALPHABLENDED_SHADOWS UNITY_PBS_USE_BRDF1 UNITY_SPECCUBE_BOX_PROJECTION UNITY_SPECCUBE_BLENDING UNITY_ENABLE_DETAIL_NORMALMAP SHADER_API_DESKTOP UNITY_LIGHT_PROBE_PROXY_VOLUME UNITY_LIGHTMAP_FULL_HDR UNITY_PLATFORM_SUPPORTS_DEPTH_FETCH uKW=DOTS_INSTANCING_ON dKW=UNITY_NO_DXT5nm UNITY_FRAMEBUFFER_FETCH_AVAILABLE UNITY_METAL_SHADOWS_USE_POINT_FILTERING UNITY_NO_SCREENSPACE_SHADOWS UNITY_PBS_USE_BRDF2 UNITY_PBS_USE_BRDF3 UNITY_HARDWARE_TIER1 UNITY_HARDWARE_TIER2 UNITY_HARDWARE_TIER3 UNITY_COLORSPACE_GAMMA UNITY_LIGHTMAP_DLDR_ENCODING UNITY_LIGHTMAP_RGBM_ENCODING UNITY_VIRTUAL_TEXTURING UNITY_PRETRANSFORM_TO_DISPLAY_ORIENTATION UNITY_ASTC_NORMALMAP_ENCODING SHADER_API_GLES30 SHADER_API_GLES31 SHADER_API_GLES32 UNITY_UNIFIED_SHADER_PRECISION_MODEL flags=0 lang=3 type=Fragment platform=d3d11 reqs=1101803 mask=6 start=29
RunExternalCompiler: begin name=FXC
RunExternalCompiler: end
compileSnippet complete
 ok=1 outsize=1154

Cmd: compileSnippet
  insize=16007 file=Packages/com.unity.render-pipelines.universal/Tests/Editor/PostProcessDataTests/2.shader name=Custom/Test Shader pass=DEFERRED ppOnly=0 stripLineD=0 buildPlatform=19 rsLen=0 pKW=UNITY_ENABLE_REFLECTION_BUFFERS UNITY_USE_DITHER_MASK_FOR_ALPHABLENDED_SHADOWS UNITY_PBS_USE_BRDF1 UNITY_SPECCUBE_BOX_PROJECTION UNITY_SPECCUBE_BLENDING UNITY_ENABLE_DETAIL_NORMALMAP SHADER_API_DESKTOP UNITY_LIGHT_PROBE_PROXY_VOLUME UNITY_LIGHTMAP_FULL_HDR UNITY_PLATFORM_SUPPORTS_DEPTH_FETCH UNITY_PASS_DEFERRED uKW= dKW=INSTANCING_ON LIGHTPROBE_SH DYNAMICLIGHTMAP_ON SHADOWS_SHADOWMASK LIGHTMAP_ON DIRLIGHTMAP_COMBINED UNITY_HDR_ON UNITY_NO_DXT5nm UNITY_FRAMEBUFFER_FETCH_AVAILABLE UNITY_METAL_SHADOWS_USE_POINT_FILTERING UNITY_NO_SCREENSPACE_SHADOWS UNITY_PBS_USE_BRDF2 UNITY_PBS_USE_BRDF3 UNITY_HARDWARE_TIER1 UNITY_HARDWARE_TIER2 UNITY_HARDWARE_TIER3 UNITY_COLORSPACE_GAMMA UNITY_LIGHTMAP_DLDR_ENCODING UNITY_LIGHTMAP_RGBM_ENCODING UNITY_VIRTUAL_TEXTURING UNITY_PRETRANSFORM_TO_DISPLAY_ORIENTATION UNITY_ASTC_NORMALMAP_ENCODING SHADER_API_GLES30 SHADER_API_GLES31 SHADER_API_GLES32 UNITY_UNIFIED_SHADER_PRECISION_MODEL flags=0 lang=0 type=Vertex platform=d3d11 reqs=227 mask=6 start=153
RunExternalCompiler: begin name=FXC
RunExternalCompiler: end
compileSnippet complete
 ok=1 outsize=1250

Cmd: compileSnippet
  insize=16007 file=Packages/com.unity.render-pipelines.universal/Tests/Editor/PostProcessDataTests/1.shader name=Custom/Test Shader pass=DEFERRED ppOnly=0 stripLineD=0 buildPlatform=19 rsLen=0 pKW=UNITY_ENABLE_REFLECTION_BUFFERS UNITY_USE_DITHER_MASK_FOR_ALPHABLENDED_SHADOWS UNITY_PBS_USE_BRDF1 UNITY_SPECCUBE_BOX_PROJECTION UNITY_SPECCUBE_BLENDING UNITY_ENABLE_DETAIL_NORMALMAP SHADER_API_DESKTOP UNITY_LIGHT_PROBE_PROXY_VOLUME UNITY_LIGHTMAP_FULL_HDR UNITY_PLATFORM_SUPPORTS_DEPTH_FETCH UNITY_PASS_DEFERRED uKW= dKW=INSTANCING_ON LIGHTPROBE_SH DYNAMICLIGHTMAP_ON SHADOWS_SHADOWMASK LIGHTMAP_ON DIRLIGHTMAP_COMBINED UNITY_HDR_ON UNITY_NO_DXT5nm UNITY_FRAMEBUFFER_FETCH_AVAILABLE UNITY_METAL_SHADOWS_USE_POINT_FILTERING UNITY_NO_SCREENSPACE_SHADOWS UNITY_PBS_USE_BRDF2 UNITY_PBS_USE_BRDF3 UNITY_HARDWARE_TIER1 UNITY_HARDWARE_TIER2 UNITY_HARDWARE_TIER3 UNITY_COLORSPACE_GAMMA UNITY_LIGHTMAP_DLDR_ENCODING UNITY_LIGHTMAP_RGBM_ENCODING UNITY_VIRTUAL_TEXTURING UNITY_PRETRANSFORM_TO_DISPLAY_ORIENTATION UNITY_ASTC_NORMALMAP_ENCODING SHADER_API_GLES30 SHADER_API_GLES31 SHADER_API_GLES32 UNITY_UNIFIED_SHADER_PRECISION_MODEL flags=0 lang=0 type=Vertex platform=d3d11 reqs=227 mask=6 start=153
RunExternalCompiler: begin name=FXC
RunExternalCompiler: end
compileSnippet complete
 ok=1 outsize=1250

Cmd: compileSnippet
  insize=8380 file=Assets/TextMesh Pro/Shaders/TMP_SDF Overlay.shader name=TextMeshPro/Distance Field Overlay pass=<Unnamed Pass 0> ppOnly=0 stripLineD=0 buildPlatform=19 rsLen=0 pKW=UNITY_ENABLE_REFLECTION_BUFFERS UNITY_USE_DITHER_MASK_FOR_ALPHABLENDED_SHADOWS UNITY_PBS_USE_BRDF1 UNITY_SPECCUBE_BOX_PROJECTION UNITY_SPECCUBE_BLENDING UNITY_ENABLE_DETAIL_NORMALMAP SHADER_API_DESKTOP UNITY_LIGHT_PROBE_PROXY_VOLUME UNITY_LIGHTMAP_FULL_HDR UNITY_PLATFORM_SUPPORTS_DEPTH_FETCH uKW= dKW=BEVEL_ON UNDERLAY_ON UNDERLAY_INNER GLOW_ON UNITY_UI_CLIP_RECT UNITY_UI_ALPHACLIP UNITY_NO_DXT5nm UNITY_FRAMEBUFFER_FETCH_AVAILABLE UNITY_METAL_SHADOWS_USE_POINT_FILTERING UNITY_NO_SCREENSPACE_SHADOWS UNITY_PBS_USE_BRDF2 UNITY_PBS_USE_BRDF3 UNITY_HARDWARE_TIER1 UNITY_HARDWARE_TIER2 UNITY_HARDWARE_TIER3 UNITY_COLORSPACE_GAMMA UNITY_LIGHTMAP_DLDR_ENCODING UNITY_LIGHTMAP_RGBM_ENCODING UNITY_VIRTUAL_TEXTURING UNITY_PRETRANSFORM_TO_DISPLAY_ORIENTATION UNITY_ASTC_NORMALMAP_ENCODING SHADER_API_GLES30 SHADER_API_GLES31 SHADER_API_GLES32 UNITY_UNIFIED_SHADER_PRECISION_MODEL flags=0 lang=0 type=Vertex platform=d3d11 reqs=227 mask=6 start=114
RunExternalCompiler: begin name=FXC
RunExternalCompiler: end
compileSnippet complete
 ok=1 outsize=3326

Cmd: compileSnippet
  insize=10815 file=Packages/com.unity.render-pipelines.universal/Shaders/PostProcessing/BokehDepthOfField.shader name=Hidden/Universal Render Pipeline/BokehDepthOfField pass=Bokeh Depth Of Field Blur ppOnly=0 stripLineD=0 buildPlatform=19 rsLen=0 pKW=UNITY_ENABLE_REFLECTION_BUFFERS UNITY_USE_DITHER_MASK_FOR_ALPHABLENDED_SHADOWS UNITY_PBS_USE_BRDF1 UNITY_SPECCUBE_BOX_PROJECTION UNITY_SPECCUBE_BLENDING UNITY_ENABLE_DETAIL_NORMALMAP SHADER_API_DESKTOP UNITY_LIGHT_PROBE_PROXY_VOLUME UNITY_LIGHTMAP_FULL_HDR UNITY_PLATFORM_SUPPORTS_DEPTH_FETCH uKW= dKW=UNITY_NO_DXT5nm UNITY_FRAMEBUFFER_FETCH_AVAILABLE UNITY_METAL_SHADOWS_USE_POINT_FILTERING UNITY_NO_SCREENSPACE_SHADOWS UNITY_PBS_USE_BRDF2 UNITY_PBS_USE_BRDF3 UNITY_HARDWARE_TIER1 UNITY_HARDWARE_TIER2 UNITY_HARDWARE_TIER3 UNITY_COLORSPACE_GAMMA UNITY_LIGHTMAP_DLDR_ENCODING UNITY_LIGHTMAP_RGBM_ENCODING UNITY_VIRTUAL_TEXTURING UNITY_PRETRANSFORM_TO_DISPLAY_ORIENTATION UNITY_ASTC_NORMALMAP_ENCODING SHADER_API_GLES30 SHADER_API_GLES31 SHADER_API_GLES32 UNITY_UNIFIED_SHADER_PRECISION_MODEL flags=0 lang=3 type=Vertex platform=d3d11 reqs=1101803 mask=6 start=266
RunExternalCompiler: begin name=FXC
RunExternalCompiler: end
compileSnippet complete
 ok=1 outsize=574

Cmd: compileSnippet
  insize=10820 file=Packages/com.unity.render-pipelines.universal/Shaders/PostProcessing/BokehDepthOfField.shader name=Hidden/Universal Render Pipeline/BokehDepthOfField pass=Bokeh Depth Of Field Prefilter ppOnly=0 stripLineD=0 buildPlatform=19 rsLen=0 pKW=UNITY_ENABLE_REFLECTION_BUFFERS UNITY_USE_DITHER_MASK_FOR_ALPHABLENDED_SHADOWS UNITY_PBS_USE_BRDF1 UNITY_SPECCUBE_BOX_PROJECTION UNITY_SPECCUBE_BLENDING UNITY_ENABLE_DETAIL_NORMALMAP SHADER_API_DESKTOP UNITY_LIGHT_PROBE_PROXY_VOLUME UNITY_LIGHTMAP_FULL_HDR UNITY_PLATFORM_SUPPORTS_DEPTH_FETCH uKW= dKW=_USE_FAST_SRGB_LINEAR_CONVERSION UNITY_NO_DXT5nm UNITY_FRAMEBUFFER_FETCH_AVAILABLE UNITY_METAL_SHADOWS_USE_POINT_FILTERING UNITY_NO_SCREENSPACE_SHADOWS UNITY_PBS_USE_BRDF2 UNITY_PBS_USE_BRDF3 UNITY_HARDWARE_TIER1 UNITY_HARDWARE_TIER2 UNITY_HARDWARE_TIER3 UNITY_COLORSPACE_GAMMA UNITY_LIGHTMAP_DLDR_ENCODING UNITY_LIGHTMAP_RGBM_ENCODING UNITY_VIRTUAL_TEXTURING UNITY_PRETRANSFORM_TO_DISPLAY_ORIENTATION UNITY_ASTC_NORMALMAP_ENCODING SHADER_API_GLES30 SHADER_API_GLES31 SHADER_API_GLES32 UNITY_UNIFIED_SHADER_PRECISION_MODEL flags=0 lang=3 type=Fragment platform=d3d11 reqs=4075 mask=6 start=319
RunExternalCompiler: begin name=FXC
RunExternalCompiler: end
compileSnippet complete
 ok=1 outsize=1610

Cmd: compileSnippet
  insize=2405 file=Packages/com.unity.render-pipelines.universal/Shaders/BakedLit.shader name=Universal Render Pipeline/Baked Lit pass=DepthNormalsOnly ppOnly=0 stripLineD=0 buildPlatform=19 rsLen=0 pKW=UNITY_ENABLE_REFLECTION_BUFFERS UNITY_USE_DITHER_MASK_FOR_ALPHABLENDED_SHADOWS UNITY_PBS_USE_BRDF1 UNITY_SPECCUBE_BOX_PROJECTION UNITY_SPECCUBE_BLENDING UNITY_ENABLE_DETAIL_NORMALMAP SHADER_API_DESKTOP UNITY_LIGHT_PROBE_PROXY_VOLUME UNITY_LIGHTMAP_FULL_HDR UNITY_PLATFORM_SUPPORTS_DEPTH_FETCH uKW= dKW=LOD_FADE_CROSSFADE DOTS_INSTANCING_ON INSTANCING_ON _NORMALMAP UNITY_NO_DXT5nm UNITY_FRAMEBUFFER_FETCH_AVAILABLE UNITY_METAL_SHADOWS_USE_POINT_FILTERING UNITY_NO_SCREENSPACE_SHADOWS UNITY_PBS_USE_BRDF2 UNITY_PBS_USE_BRDF3 UNITY_HARDWARE_TIER1 UNITY_HARDWARE_TIER2 UNITY_HARDWARE_TIER3 UNITY_COLORSPACE_GAMMA UNITY_LIGHTMAP_DLDR_ENCODING UNITY_LIGHTMAP_RGBM_ENCODING UNITY_VIRTUAL_TEXTURING UNITY_PRETRANSFORM_TO_DISPLAY_ORIENTATION UNITY_ASTC_NORMALMAP_ENCODING SHADER_API_GLES30 SHADER_API_GLES31 SHADER_API_GLES32 UNITY_UNIFIED_SHADER_PRECISION_MODEL flags=0 lang=3 type=Vertex platform=d3d11 reqs=1 mask=6 start=217
RunExternalCompiler: begin name=FXC
RunExternalCompiler: end
compileSnippet complete
 ok=1 outsize=1026

Cmd: compileSnippet
  insize=1576 file=Packages/com.unity.render-pipelines.universal/Shaders/BakedLit.shader name=Universal Render Pipeline/Baked Lit pass=MotionVectors ppOnly=0 stripLineD=0 buildPlatform=19 rsLen=0 pKW=UNITY_ENABLE_REFLECTION_BUFFERS UNITY_USE_DITHER_MASK_FOR_ALPHABLENDED_SHADOWS UNITY_PBS_USE_BRDF1 UNITY_SPECCUBE_BOX_PROJECTION UNITY_SPECCUBE_BLENDING UNITY_ENABLE_DETAIL_NORMALMAP SHADER_API_DESKTOP UNITY_LIGHT_PROBE_PROXY_VOLUME UNITY_LIGHTMAP_FULL_HDR UNITY_PLATFORM_SUPPORTS_DEPTH_FETCH UNITY_PASS_MOTIONVECTORS uKW= dKW=LOD_FADE_CROSSFADE DOTS_INSTANCING_ON INSTANCING_ON _ALPHATEST_ON UNITY_NO_DXT5nm UNITY_FRAMEBUFFER_FETCH_AVAILABLE UNITY_METAL_SHADOWS_USE_POINT_FILTERING UNITY_NO_SCREENSPACE_SHADOWS UNITY_PBS_USE_BRDF2 UNITY_PBS_USE_BRDF3 UNITY_HARDWARE_TIER1 UNITY_HARDWARE_TIER2 UNITY_HARDWARE_TIER3 UNITY_COLORSPACE_GAMMA UNITY_LIGHTMAP_DLDR_ENCODING UNITY_LIGHTMAP_RGBM_ENCODING UNITY_VIRTUAL_TEXTURING UNITY_PRETRANSFORM_TO_DISPLAY_ORIENTATION UNITY_ASTC_NORMALMAP_ENCODING SHADER_API_GLES30 SHADER_API_GLES31 SHADER_API_GLES32 UNITY_UNIFIED_SHADER_PRECISION_MODEL flags=0 lang=3 type=Fragment platform=d3d11 reqs=4075 mask=6 start=371
RunExternalCompiler: begin name=FXC
RunExternalCompiler: end
compileSnippet complete
 ok=1 outsize=646

Cmd: compileSnippet
  insize=8396 file=Packages/com.unity.render-pipelines.universal/Shaders/Lit.shader name=Universal Render Pipeline/Lit pass=GBuffer ppOnly=0 stripLineD=0 buildPlatform=19 rsLen=0 pKW=UNITY_ENABLE_REFLECTION_BUFFERS UNITY_USE_DITHER_MASK_FOR_ALPHABLENDED_SHADOWS UNITY_PBS_USE_BRDF1 UNITY_SPECCUBE_BOX_PROJECTION UNITY_SPECCUBE_BLENDING UNITY_ENABLE_DETAIL_NORMALMAP SHADER_API_DESKTOP UNITY_LIGHT_PROBE_PROXY_VOLUME UNITY_LIGHTMAP_FULL_HDR UNITY_PLATFORM_SUPPORTS_DEPTH_FETCH uKW= dKW=_REFLECTION_PROBE_BLENDING _REFLECTION_PROBE_BOX_PROJECTION _SHADOWS_SOFT _SHADOWS_SOFT_LOW _SHADOWS_SOFT_MEDIUM _SHADOWS_SOFT_HIGH _DBUFFER_MRT1 _DBUFFER_MRT2 _DBUFFER_MRT3 _RENDER_PASS_ENABLED _WRITE_RENDERING_LAYERS LIGHTMAP_BICUBIC_SAMPLING REFLECTION_PROBE_ROTATION _GBUFFER_NORMALS_OCT _SCREEN_SPACE_IRRADIANCE _MAIN_LIGHT_SHADOWS _MAIN_LIGHT_SHADOWS_CASCADE _MAIN_LIGHT_SHADOWS_SCREEN _CLUSTER_LIGHT_LOOP EVALUATE_SH_MIXED EVALUATE_SH_VERTEX LIGHTMAP_SHADOW_MIXING SHADOWS_SHADOWMASK DIRLIGHTMAP_COMBINED LIGHTMAP_ON DYNAMICLIGHTMAP_ON USE_LEGACY_LIGHTMAPS LOD_FADE_CROSSFADE PROBE_VOLUMES_L1 PROBE_VOLUMES_L2 DOTS_INSTANCING_ON INSTANCING_ON _ALPHATEST_ON _EMISSION _METALLICSPECGLOSSMAP _SMOOTHNESS_TEXTURE_ALBEDO_CHANNEL_A _OCCLUSIONMAP _SPECULARHIGHLIGHTS_OFF _ENVIRONMENTREFLECTIONS_OFF _SPECULAR_SETUP _NORMALMAP _PARALLAXMAP _DETAIL_MULX2 _DETAIL_SCALED _RECEIVE_SHADOWS_OFF UNITY_NO_DXT5nm UNITY_FRAMEBUFFER_FETCH_AVAILABLE UNITY_METAL_SHADOWS_USE_POINT_FILTERING UNITY_NO_SCREENSPACE_SHADOWS UNITY_PBS_USE_BRDF2 UNITY_PBS_USE_BRDF3 UNITY_HARDWARE_TIER1 UNITY_HARDWARE_TIER2 UNITY_HARDWARE_TIER3 UNITY_COLORSPACE_GAMMA UNITY_LIGHTMAP_DLDR_ENCODING UNITY_LIGHTMAP_RGBM_ENCODING UNITY_VIRTUAL_TEXTURING UNITY_PRETRANSFORM_TO_DISPLAY_ORIENTATION UNITY_ASTC_NORMALMAP_ENCODING SHADER_API_GLES30 SHADER_API_GLES31 SHADER_API_GLES32 UNITY_UNIFIED_SHADER_PRECISION_MODEL flags=0 lang=3 type=Fragment platform=d3d11 reqs=1101803 mask=6 start=255
RunExternalCompiler: begin name=FXC
RunExternalCompiler: end
compileSnippet complete
 ok=1 outsize=2730

Cmd: compileSnippet
  insize=3334 file=Assets/TextMesh Pro/Shaders/TMP_Bitmap-Custom-Atlas.shader name=TextMeshPro/Bitmap Custom Atlas pass=<Unnamed Pass 0> ppOnly=0 stripLineD=0 buildPlatform=19 rsLen=0 pKW=UNITY_ENABLE_REFLECTION_BUFFERS UNITY_USE_DITHER_MASK_FOR_ALPHABLENDED_SHADOWS UNITY_PBS_USE_BRDF1 UNITY_SPECCUBE_BOX_PROJECTION UNITY_SPECCUBE_BLENDING UNITY_ENABLE_DETAIL_NORMALMAP SHADER_API_DESKTOP UNITY_LIGHT_PROBE_PROXY_VOLUME UNITY_LIGHTMAP_FULL_HDR UNITY_PLATFORM_SUPPORTS_DEPTH_FETCH uKW= dKW=UNITY_UI_CLIP_RECT UNITY_UI_ALPHACLIP UNITY_NO_DXT5nm UNITY_FRAMEBUFFER_FETCH_AVAILABLE UNITY_METAL_SHADOWS_USE_POINT_FILTERING UNITY_NO_SCREENSPACE_SHADOWS UNITY_PBS_USE_BRDF2 UNITY_PBS_USE_BRDF3 UNITY_HARDWARE_TIER1 UNITY_HARDWARE_TIER2 UNITY_HARDWARE_TIER3 UNITY_COLORSPACE_GAMMA UNITY_LIGHTMAP_DLDR_ENCODING UNITY_LIGHTMAP_RGBM_ENCODING UNITY_VIRTUAL_TEXTURING UNITY_PRETRANSFORM_TO_DISPLAY_ORIENTATION UNITY_ASTC_NORMALMAP_ENCODING SHADER_API_GLES30 SHADER_API_GLES31 SHADER_API_GLES32 UNITY_UNIFIED_SHADER_PRECISION_MODEL flags=0 lang=0 type=Fragment platform=d3d11 reqs=33 mask=6 start=49
RunExternalCompiler: begin name=FXC
RunExternalCompiler: end
compileSnippet complete
 ok=1 outsize=558

Cmd: compileSnippet
  insize=4903 file=Packages/com.unity.render-pipelines.universal/Shaders/Terrain/TerrainDetailLit.shader name=Hidden/TerrainEngine/Details/UniversalPipeline/Vertexlit pass=TerrainDetailVertex ppOnly=0 stripLineD=0 buildPlatform=19 rsLen=0 pKW=UNITY_ENABLE_REFLECTION_BUFFERS UNITY_USE_DITHER_MASK_FOR_ALPHABLENDED_SHADOWS UNITY_PBS_USE_BRDF1 UNITY_SPECCUBE_BOX_PROJECTION UNITY_SPECCUBE_BLENDING UNITY_ENABLE_DETAIL_NORMALMAP SHADER_API_DESKTOP UNITY_LIGHT_PROBE_PROXY_VOLUME UNITY_LIGHTMAP_FULL_HDR UNITY_PLATFORM_SUPPORTS_DEPTH_FETCH uKW= dKW=_MAIN_LIGHT_SHADOWS _MAIN_LIGHT_SHADOWS_CASCADE _MAIN_LIGHT_SHADOWS_SCREEN _ADDITIONAL_LIGHTS_VERTEX _ADDITIONAL_LIGHTS LIGHTMAP_SHADOW_MIXING SHADOWS_SHADOWMASK _CLUSTER_LIGHT_LOOP DIRLIGHTMAP_COMBINED LIGHTMAP_ON PROBE_VOLUMES_L1 PROBE_VOLUMES_L2 DEBUG_DISPLAY FOG_LINEAR FOG_EXP FOG_EXP2 UNITY_NO_DXT5nm UNITY_FRAMEBUFFER_FETCH_AVAILABLE UNITY_METAL_SHADOWS_USE_POINT_FILTERING UNITY_NO_SCREENSPACE_SHADOWS UNITY_PBS_USE_BRDF2 UNITY_PBS_USE_BRDF3 UNITY_HARDWARE_TIER1 UNITY_HARDWARE_TIER2 UNITY_HARDWARE_TIER3 UNITY_COLORSPACE_GAMMA UNITY_LIGHTMAP_DLDR_ENCODING UNITY_LIGHTMAP_RGBM_ENCODING UNITY_VIRTUAL_TEXTURING UNITY_PRETRANSFORM_TO_DISPLAY_ORIENTATION UNITY_ASTC_NORMALMAP_ENCODING SHADER_API_GLES30 SHADER_API_GLES31 SHADER_API_GLES32 UNITY_UNIFIED_SHADER_PRECISION_MODEL flags=0 lang=3 type=Vertex platform=d3d11 reqs=1 mask=6 start=18
RunExternalCompiler: begin name=FXC
RunExternalCompiler: end
compileSnippet complete
 ok=1 outsize=1214

Cmd: compileSnippet
  insize=1017 file=Packages/com.unity.render-pipelines.core/Editor/PostProcessing/LensFlareResource/LensFlareDataDriven.shader name=Hidden/Core/LensFlareDataDrivenPreview2 pass=LensFlarePremultiply ppOnly=0 stripLineD=0 buildPlatform=19 rsLen=0 pKW=UNITY_ENABLE_REFLECTION_BUFFERS UNITY_USE_DITHER_MASK_FOR_ALPHABLENDED_SHADOWS UNITY_PBS_USE_BRDF1 UNITY_SPECCUBE_BOX_PROJECTION UNITY_SPECCUBE_BLENDING UNITY_ENABLE_DETAIL_NORMALMAP SHADER_API_DESKTOP UNITY_LIGHT_PROBE_PROXY_VOLUME UNITY_LIGHTMAP_FULL_HDR UNITY_PLATFORM_SUPPORTS_DEPTH_FETCH uKW= dKW=UNITY_NO_DXT5nm UNITY_FRAMEBUFFER_FETCH_AVAILABLE UNITY_METAL_SHADOWS_USE_POINT_FILTERING UNITY_NO_SCREENSPACE_SHADOWS UNITY_PBS_USE_BRDF2 UNITY_PBS_USE_BRDF3 UNITY_HARDWARE_TIER1 UNITY_HARDWARE_TIER2 UNITY_HARDWARE_TIER3 UNITY_COLORSPACE_GAMMA UNITY_LIGHTMAP_DLDR_ENCODING UNITY_LIGHTMAP_RGBM_ENCODING UNITY_VIRTUAL_TEXTURING UNITY_PRETRANSFORM_TO_DISPLAY_ORIENTATION UNITY_ASTC_NORMALMAP_ENCODING SHADER_API_GLES30 SHADER_API_GLES31 SHADER_API_GLES32 UNITY_UNIFIED_SHADER_PRECISION_MODEL flags=0 lang=3 type=Vertex platform=d3d11 reqs=227 mask=6 start=73
RunExternalCompiler: begin name=FXC
RunExternalCompiler: end
compileSnippet complete
 ok=1 outsize=1062

Cmd: compileSnippet
  insize=1510 file=Assets/TextMesh Pro/Shaders/TMP_SDF-Mobile SSD.shader name=TextMeshPro/Mobile/Distance Field SSD pass=<Unnamed Pass 0> ppOnly=0 stripLineD=0 buildPlatform=19 rsLen=0 pKW=UNITY_ENABLE_REFLECTION_BUFFERS UNITY_USE_DITHER_MASK_FOR_ALPHABLENDED_SHADOWS UNITY_PBS_USE_BRDF1 UNITY_SPECCUBE_BOX_PROJECTION UNITY_SPECCUBE_BLENDING UNITY_ENABLE_DETAIL_NORMALMAP SHADER_API_DESKTOP UNITY_LIGHT_PROBE_PROXY_VOLUME UNITY_LIGHTMAP_FULL_HDR UNITY_PLATFORM_SUPPORTS_DEPTH_FETCH uKW= dKW=OUTLINE_ON UNDERLAY_ON UNDERLAY_INNER UNITY_UI_CLIP_RECT UNITY_UI_ALPHACLIP UNITY_NO_DXT5nm UNITY_FRAMEBUFFER_FETCH_AVAILABLE UNITY_METAL_SHADOWS_USE_POINT_FILTERING UNITY_NO_SCREENSPACE_SHADOWS UNITY_PBS_USE_BRDF2 UNITY_PBS_USE_BRDF3 UNITY_HARDWARE_TIER1 UNITY_HARDWARE_TIER2 UNITY_HARDWARE_TIER3 UNITY_COLORSPACE_GAMMA UNITY_LIGHTMAP_DLDR_ENCODING UNITY_LIGHTMAP_RGBM_ENCODING UNITY_VIRTUAL_TEXTURING UNITY_PRETRANSFORM_TO_DISPLAY_ORIENTATION UNITY_ASTC_NORMALMAP_ENCODING SHADER_API_GLES30 SHADER_API_GLES31 SHADER_API_GLES32 UNITY_UNIFIED_SHADER_PRECISION_MODEL flags=0 lang=0 type=Fragment platform=d3d11 reqs=33 mask=6 start=86
RunExternalCompiler: begin name=FXC
RunExternalCompiler: end
compileSnippet complete
 ok=1 outsize=942

Cmd: compileSnippet
  insize=1754 file=Assets/VRTemplateAssets/Materials/Skybox/Horizontal Skybox.shader name=Skybox/Horizontal Skybox pass=<Unnamed Pass 0> ppOnly=0 stripLineD=0 buildPlatform=19 rsLen=0 pKW=UNITY_ENABLE_REFLECTION_BUFFERS UNITY_USE_DITHER_MASK_FOR_ALPHABLENDED_SHADOWS UNITY_PBS_USE_BRDF1 UNITY_SPECCUBE_BOX_PROJECTION UNITY_SPECCUBE_BLENDING UNITY_ENABLE_DETAIL_NORMALMAP SHADER_API_DESKTOP UNITY_LIGHT_PROBE_PROXY_VOLUME UNITY_LIGHTMAP_FULL_HDR UNITY_PLATFORM_SUPPORTS_DEPTH_FETCH uKW= dKW=UNITY_NO_DXT5nm UNITY_FRAMEBUFFER_FETCH_AVAILABLE UNITY_METAL_SHADOWS_USE_POINT_FILTERING UNITY_NO_SCREENSPACE_SHADOWS UNITY_PBS_USE_BRDF2 UNITY_PBS_USE_BRDF3 UNITY_HARDWARE_TIER1 UNITY_HARDWARE_TIER2 UNITY_HARDWARE_TIER3 UNITY_COLORSPACE_GAMMA UNITY_LIGHTMAP_DLDR_ENCODING UNITY_LIGHTMAP_RGBM_ENCODING UNITY_VIRTUAL_TEXTURING UNITY_PRETRANSFORM_TO_DISPLAY_ORIENTATION UNITY_ASTC_NORMALMAP_ENCODING SHADER_API_GLES30 SHADER_API_GLES31 SHADER_API_GLES32 UNITY_UNIFIED_SHADER_PRECISION_MODEL flags=0 lang=0 type=Fragment platform=d3d11 reqs=33 mask=6 start=70
RunExternalCompiler: begin name=FXC
RunExternalCompiler: end
compileSnippet complete
 ok=1 outsize=850

Cmd: compileSnippet
  insize=6140 file=Packages/com.unity.render-pipelines.universal/Shaders/SpatialMappingWireframe.shader name=Universal Render Pipeline/VR/SpatialMapping/Wireframe pass=Spatial Mapping Wireframe ppOnly=0 stripLineD=0 buildPlatform=19 rsLen=0 pKW=UNITY_ENABLE_REFLECTION_BUFFERS UNITY_USE_DITHER_MASK_FOR_ALPHABLENDED_SHADOWS UNITY_PBS_USE_BRDF1 UNITY_SPECCUBE_BOX_PROJECTION UNITY_SPECCUBE_BLENDING UNITY_ENABLE_DETAIL_NORMALMAP SHADER_API_DESKTOP UNITY_LIGHT_PROBE_PROXY_VOLUME UNITY_LIGHTMAP_FULL_HDR UNITY_PLATFORM_SUPPORTS_DEPTH_FETCH uKW= dKW=INSTANCING_ON UNITY_NO_DXT5nm UNITY_FRAMEBUFFER_FETCH_AVAILABLE UNITY_METAL_SHADOWS_USE_POINT_FILTERING UNITY_NO_SCREENSPACE_SHADOWS UNITY_PBS_USE_BRDF2 UNITY_PBS_USE_BRDF3 UNITY_HARDWARE_TIER1 UNITY_HARDWARE_TIER2 UNITY_HARDWARE_TIER3 UNITY_COLORSPACE_GAMMA UNITY_LIGHTMAP_DLDR_ENCODING UNITY_LIGHTMAP_RGBM_ENCODING UNITY_VIRTUAL_TEXTURING UNITY_PRETRANSFORM_TO_DISPLAY_ORIENTATION UNITY_ASTC_NORMALMAP_ENCODING SHADER_API_GLES30 SHADER_API_GLES31 SHADER_API_GLES32 UNITY_UNIFIED_SHADER_PRECISION_MODEL flags=0 lang=3 type=Geometry platform=d3d11 reqs=4129 mask=14 start=19
RunExternalCompiler: begin name=FXC
RunExternalCompiler: end
compileSnippet complete
 ok=1 outsize=1618

Cmd: compileSnippet
  insize=1519 file=Packages/com.unity.render-pipelines.universal/Shaders/SimpleLit.shader name=Universal Render Pipeline/Simple Lit pass=Meta ppOnly=0 stripLineD=0 buildPlatform=19 rsLen=0 pKW=UNITY_ENABLE_REFLECTION_BUFFERS UNITY_USE_DITHER_MASK_FOR_ALPHABLENDED_SHADOWS UNITY_PBS_USE_BRDF1 UNITY_SPECCUBE_BOX_PROJECTION UNITY_SPECCUBE_BLENDING UNITY_ENABLE_DETAIL_NORMALMAP SHADER_API_DESKTOP UNITY_LIGHT_PROBE_PROXY_VOLUME UNITY_LIGHTMAP_FULL_HDR UNITY_PLATFORM_SUPPORTS_DEPTH_FETCH UNITY_PASS_META uKW= dKW=EDITOR_VISUALIZATION UNITY_NO_DXT5nm UNITY_FRAMEBUFFER_FETCH_AVAILABLE UNITY_METAL_SHADOWS_USE_POINT_FILTERING UNITY_NO_SCREENSPACE_SHADOWS UNITY_PBS_USE_BRDF2 UNITY_PBS_USE_BRDF3 UNITY_HARDWARE_TIER1 UNITY_HARDWARE_TIER2 UNITY_HARDWARE_TIER3 UNITY_COLORSPACE_GAMMA UNITY_LIGHTMAP_DLDR_ENCODING UNITY_LIGHTMAP_RGBM_ENCODING UNITY_VIRTUAL_TEXTURING UNITY_PRETRANSFORM_TO_DISPLAY_ORIENTATION UNITY_ASTC_NORMALMAP_ENCODING SHADER_API_GLES30 SHADER_API_GLES31 SHADER_API_GLES32 UNITY_UNIFIED_SHADER_PRECISION_MODEL flags=0 lang=3 type=Vertex platform=d3d11 reqs=1 mask=6 start=388
RunExternalCompiler: begin name=FXC
RunExternalCompiler: end
compileSnippet complete
 ok=1 outsize=970

Cmd: compileSnippet
  insize=2294 file=Packages/com.unity.render-pipelines.universal/Shaders/Unlit.shader name=Universal Render Pipeline/Unlit pass=DepthNormalsOnly ppOnly=0 stripLineD=0 buildPlatform=19 rsLen=0 pKW=UNITY_ENABLE_REFLECTION_BUFFERS UNITY_USE_DITHER_MASK_FOR_ALPHABLENDED_SHADOWS UNITY_PBS_USE_BRDF1 UNITY_SPECCUBE_BOX_PROJECTION UNITY_SPECCUBE_BLENDING UNITY_ENABLE_DETAIL_NORMALMAP SHADER_API_DESKTOP UNITY_LIGHT_PROBE_PROXY_VOLUME UNITY_LIGHTMAP_FULL_HDR UNITY_PLATFORM_SUPPORTS_DEPTH_FETCH uKW= dKW=LOD_FADE_CROSSFADE DOTS_INSTANCING_ON INSTANCING_ON _ALPHATEST_ON UNITY_NO_DXT5nm UNITY_FRAMEBUFFER_FETCH_AVAILABLE UNITY_METAL_SHADOWS_USE_POINT_FILTERING UNITY_NO_SCREENSPACE_SHADOWS UNITY_PBS_USE_BRDF2 UNITY_PBS_USE_BRDF3 UNITY_HARDWARE_TIER1 UNITY_HARDWARE_TIER2 UNITY_HARDWARE_TIER3 UNITY_COLORSPACE_GAMMA UNITY_LIGHTMAP_DLDR_ENCODING UNITY_LIGHTMAP_RGBM_ENCODING UNITY_VIRTUAL_TEXTURING UNITY_PRETRANSFORM_TO_DISPLAY_ORIENTATION UNITY_ASTC_NORMALMAP_ENCODING SHADER_API_GLES30 SHADER_API_GLES31 SHADER_API_GLES32 UNITY_UNIFIED_SHADER_PRECISION_MODEL flags=0 lang=3 type=Vertex platform=d3d11 reqs=1 mask=6 start=199
RunExternalCompiler: begin name=FXC
RunExternalCompiler: end
compileSnippet complete
 ok=1 outsize=1002

Cmd: compileSnippet
  insize=813 file=Packages/com.unity.render-pipelines.core/Editor/PostProcessing/LensFlareResource/LensFlareDataDrivenPreview.shader name=Hidden/Core/LensFlareDataDrivenPreview pass=FlarePreviewNotInverted ppOnly=0 stripLineD=0 buildPlatform=19 rsLen=0 pKW=UNITY_ENABLE_REFLECTION_BUFFERS UNITY_USE_DITHER_MASK_FOR_ALPHABLENDED_SHADOWS UNITY_PBS_USE_BRDF1 UNITY_SPECCUBE_BOX_PROJECTION UNITY_SPECCUBE_BLENDING UNITY_ENABLE_DETAIL_NORMALMAP SHADER_API_DESKTOP UNITY_LIGHT_PROBE_PROXY_VOLUME UNITY_LIGHTMAP_FULL_HDR UNITY_PLATFORM_SUPPORTS_DEPTH_FETCH uKW= dKW=UNITY_NO_DXT5nm UNITY_FRAMEBUFFER_FETCH_AVAILABLE UNITY_METAL_SHADOWS_USE_POINT_FILTERING UNITY_NO_SCREENSPACE_SHADOWS UNITY_PBS_USE_BRDF2 UNITY_PBS_USE_BRDF3 UNITY_HARDWARE_TIER1 UNITY_HARDWARE_TIER2 UNITY_HARDWARE_TIER3 UNITY_COLORSPACE_GAMMA UNITY_LIGHTMAP_DLDR_ENCODING UNITY_LIGHTMAP_RGBM_ENCODING UNITY_VIRTUAL_TEXTURING UNITY_PRETRANSFORM_TO_DISPLAY_ORIENTATION UNITY_ASTC_NORMALMAP_ENCODING SHADER_API_GLES30 SHADER_API_GLES31 SHADER_API_GLES32 UNITY_UNIFIED_SHADER_PRECISION_MODEL flags=0 lang=3 type=Fragment platform=d3d11 reqs=227 mask=6 start=21
RunExternalCompiler: begin name=FXC
RunExternalCompiler: end
compileSnippet complete
 ok=1 outsize=7950

Cmd: compileSnippet
  insize=1572 file=Packages/com.unity.render-pipelines.universal/Shaders/2D/Mesh2D-Lit-Default.shader name=Universal Render Pipeline/2D/Mesh2D-Lit-Default pass=<Unnamed Pass 1> ppOnly=0 stripLineD=0 buildPlatform=19 rsLen=0 pKW=UNITY_ENABLE_REFLECTION_BUFFERS UNITY_USE_DITHER_MASK_FOR_ALPHABLENDED_SHADOWS UNITY_PBS_USE_BRDF1 UNITY_SPECCUBE_BOX_PROJECTION UNITY_SPECCUBE_BLENDING UNITY_ENABLE_DETAIL_NORMALMAP SHADER_API_DESKTOP UNITY_LIGHT_PROBE_PROXY_VOLUME UNITY_LIGHTMAP_FULL_HDR UNITY_PLATFORM_SUPPORTS_DEPTH_FETCH uKW= dKW=INSTANCING_ON UNITY_NO_DXT5nm UNITY_FRAMEBUFFER_FETCH_AVAILABLE UNITY_METAL_SHADOWS_USE_POINT_FILTERING UNITY_NO_SCREENSPACE_SHADOWS UNITY_PBS_USE_BRDF2 UNITY_PBS_USE_BRDF3 UNITY_HARDWARE_TIER1 UNITY_HARDWARE_TIER2 UNITY_HARDWARE_TIER3 UNITY_COLORSPACE_GAMMA UNITY_LIGHTMAP_DLDR_ENCODING UNITY_LIGHTMAP_RGBM_ENCODING UNITY_VIRTUAL_TEXTURING UNITY_PRETRANSFORM_TO_DISPLAY_ORIENTATION UNITY_ASTC_NORMALMAP_ENCODING SHADER_API_GLES30 SHADER_API_GLES31 SHADER_API_GLES32 UNITY_UNIFIED_SHADER_PRECISION_MODEL flags=0 lang=3 type=Vertex platform=d3d11 reqs=33 mask=6 start=72
RunExternalCompiler: begin name=FXC
RunExternalCompiler: end
compileSnippet complete
 ok=1 outsize=1446

Cmd: compileSnippet
  insize=9560 file=Packages/com.unity.render-pipelines.universal/Shaders/Lit.shader name=Universal Render Pipeline/Lit pass=ForwardLit ppOnly=0 stripLineD=0 buildPlatform=19 rsLen=0 pKW=UNITY_ENABLE_REFLECTION_BUFFERS UNITY_USE_DITHER_MASK_FOR_ALPHABLENDED_SHADOWS UNITY_PBS_USE_BRDF1 UNITY_SPECCUBE_BOX_PROJECTION UNITY_SPECCUBE_BLENDING UNITY_ENABLE_DETAIL_NORMALMAP SHADER_API_DESKTOP UNITY_LIGHT_PROBE_PROXY_VOLUME UNITY_LIGHTMAP_FULL_HDR UNITY_PLATFORM_SUPPORTS_DEPTH_FETCH uKW=_MAIN_LIGHT_SHADOWS LIGHTMAP_SHADOW_MIXING SHADOWS_SHADOWMASK FOG_EXP2 _SHADOWS_SOFT dKW=_ADDITIONAL_LIGHT_SHADOWS _REFLECTION_PROBE_BLENDING _REFLECTION_PROBE_BOX_PROJECTION _REFLECTION_PROBE_ATLAS _SHADOWS_SOFT_LOW _SHADOWS_SOFT_MEDIUM _SHADOWS_SOFT_HIGH _SCREEN_SPACE_OCCLUSION _SCREEN_SPACE_IRRADIANCE _DBUFFER_MRT1 _DBUFFER_MRT2 _DBUFFER_MRT3 _LIGHT_COOKIES _WRITE_RENDERING_LAYERS LIGHTMAP_BICUBIC_SAMPLING REFLECTION_PROBE_ROTATION DEBUG_DISPLAY _MAIN_LIGHT_SHADOWS_CASCADE _MAIN_LIGHT_SHADOWS_SCREEN _ADDITIONAL_LIGHTS_VERTEX _ADDITIONAL_LIGHTS EVALUATE_SH_MIXED EVALUATE_SH_VERTEX _LIGHT_LAYERS _CLUSTER_LIGHT_LOOP DIRLIGHTMAP_COMBINED LIGHTMAP_ON DYNAMICLIGHTMAP_ON USE_LEGACY_LIGHTMAPS LOD_FADE_CROSSFADE PROBE_VOLUMES_L1 PROBE_VOLUMES_L2 DOTS_INSTANCING_ON FOG_LINEAR FOG_EXP INSTANCING_ON _SURFACE_TYPE_TRANSPARENT _ALPHATEST_ON _ALPHAPREMULTIPLY_ON _ALPHAMODULATE_ON _EMISSION _METALLICSPECGLOSSMAP _SMOOTHNESS_TEXTURE_ALBEDO_CHANNEL_A _OCCLUSIONMAP _SPECULARHIGHLIGHTS_OFF _ENVIRONMENTREFLECTIONS_OFF _SPECULAR_SETUP _NORMALMAP _PARALLAXMAP _RECEIVE_SHADOWS_OFF _DETAIL_MULX2 _DETAIL_SCALED UNITY_NO_DXT5nm UNITY_FRAMEBUFFER_FETCH_AVAILABLE UNITY_METAL_SHADOWS_USE_POINT_FILTERING UNITY_NO_SCREENSPACE_SHADOWS UNITY_PBS_USE_BRDF2 UNITY_PBS_USE_BRDF3 UNITY_HARDWARE_TIER1 UNITY_HARDWARE_TIER2 UNITY_HARDWARE_TIER3 UNITY_COLORSPACE_GAMMA UNITY_LIGHTMAP_DLDR_ENCODING UNITY_LIGHTMAP_RGBM_ENCODING UNITY_VIRTUAL_TEXTURING UNITY_PRETRANSFORM_TO_DISPLAY_ORIENTATION UNITY_ASTC_NORMALMAP_ENCODING SHADER_API_GLES30 SHADER_API_GLES31 SHADER_API_GLES32 UNITY_UNIFIED_SHADER_PRECISION_MODEL flags=0 lang=3 type=Fragment platform=d3d11 reqs=1 mask=6 start=111
RunExternalCompiler: begin name=FXC
RunExternalCompiler: end
compileSnippet complete
 ok=1 outsize=10126

Cmd: compileSnippet
  insize=9560 file=Packages/com.unity.render-pipelines.universal/Shaders/Lit.shader name=Universal Render Pipeline/Lit pass=ForwardLit ppOnly=0 stripLineD=0 buildPlatform=19 rsLen=0 pKW=UNITY_ENABLE_REFLECTION_BUFFERS UNITY_USE_DITHER_MASK_FOR_ALPHABLENDED_SHADOWS UNITY_PBS_USE_BRDF1 UNITY_SPECCUBE_BOX_PROJECTION UNITY_SPECCUBE_BLENDING UNITY_ENABLE_DETAIL_NORMALMAP SHADER_API_DESKTOP UNITY_LIGHT_PROBE_PROXY_VOLUME UNITY_LIGHTMAP_FULL_HDR UNITY_PLATFORM_SUPPORTS_DEPTH_FETCH uKW=_MAIN_LIGHT_SHADOWS LIGHTMAP_SHADOW_MIXING SHADOWS_SHADOWMASK FOG_EXP2 INSTANCING_ON dKW=_MAIN_LIGHT_SHADOWS_CASCADE _MAIN_LIGHT_SHADOWS_SCREEN _ADDITIONAL_LIGHTS_VERTEX _ADDITIONAL_LIGHTS EVALUATE_SH_MIXED EVALUATE_SH_VERTEX _LIGHT_LAYERS _CLUSTER_LIGHT_LOOP DIRLIGHTMAP_COMBINED LIGHTMAP_ON DYNAMICLIGHTMAP_ON USE_LEGACY_LIGHTMAPS LOD_FADE_CROSSFADE PROBE_VOLUMES_L1 PROBE_VOLUMES_L2 DOTS_INSTANCING_ON FOG_LINEAR FOG_EXP _NORMALMAP _PARALLAXMAP _RECEIVE_SHADOWS_OFF _DETAIL_MULX2 _DETAIL_SCALED UNITY_NO_DXT5nm UNITY_FRAMEBUFFER_FETCH_AVAILABLE UNITY_METAL_SHADOWS_USE_POINT_FILTERING UNITY_NO_SCREENSPACE_SHADOWS UNITY_PBS_USE_BRDF2 UNITY_PBS_USE_BRDF3 UNITY_HARDWARE_TIER1 UNITY_HARDWARE_TIER2 UNITY_HARDWARE_TIER3 UNITY_COLORSPACE_GAMMA UNITY_LIGHTMAP_DLDR_ENCODING UNITY_LIGHTMAP_RGBM_ENCODING UNITY_VIRTUAL_TEXTURING UNITY_PRETRANSFORM_TO_DISPLAY_ORIENTATION UNITY_ASTC_NORMALMAP_ENCODING SHADER_API_GLES30 SHADER_API_GLES31 SHADER_API_GLES32 UNITY_UNIFIED_SHADER_PRECISION_MODEL flags=0 lang=3 type=Vertex platform=d3d11 reqs=2049 mask=6 start=111
RunExternalCompiler: begin name=FXC
RunExternalCompiler: end
compileSnippet complete
 ok=1 outsize=1722

Cmd: compileSnippet
  insize=2015 file=Packages/com.unity.render-pipelines.universal/Shaders/Nature/SpeedTree7.shader name=Universal Render Pipeline/Nature/SpeedTree7 pass=DepthOnly ppOnly=0 stripLineD=0 buildPlatform=13 rsLen=0 pKW=UNITY_NO_DXT5nm UNITY_NO_RGBM UNITY_ENABLE_REFLECTION_BUFFERS UNITY_NO_CUBEMAP_ARRAY UNITY_NO_SCREENSPACE_SHADOWS UNITY_PBS_USE_BRDF2 SHADER_API_MOBILE UNITY_HARDWARE_TIER3 UNITY_LIGHTMAP_RGBM_ENCODING UNITY_PLATFORM_SUPPORTS_DEPTH_FETCH uKW=GEOM_TYPE_BRANCH dKW=LOD_FADE_CROSSFADE INSTANCING_ON GEOM_TYPE_BRANCH_DETAIL GEOM_TYPE_FROND GEOM_TYPE_LEAF GEOM_TYPE_MESH UNITY_FRAMEBUFFER_FETCH_AVAILABLE UNITY_METAL_SHADOWS_USE_POINT_FILTERING UNITY_USE_DITHER_MASK_FOR_ALPHABLENDED_SHADOWS UNITY_PBS_USE_BRDF1 UNITY_PBS_USE_BRDF3 UNITY_SPECCUBE_BOX_PROJECTION UNITY_SPECCUBE_BLENDING UNITY_ENABLE_DETAIL_NORMALMAP UNITY_HARDWARE_TIER1 UNITY_HARDWARE_TIER2 UNITY_COLORSPACE_GAMMA UNITY_LIGHT_PROBE_PROXY_VOLUME UNITY_LIGHTMAP_DLDR_ENCODING UNITY_LIGHTMAP_FULL_HDR UNITY_VIRTUAL_TEXTURING UNITY_PRETRANSFORM_TO_DISPLAY_ORIENTATION UNITY_ASTC_NORMALMAP_ENCODING SHADER_API_GLES30 SHADER_API_GLES31 SHADER_API_GLES32 UNITY_UNIFIED_SHADER_PRECISION_MODEL flags=268435456 lang=3 type=Fragment platform=d3d11 reqs=33 mask=6 start=188
RunExternalCompiler: begin name=FXC
RunExternalCompiler: end
compileSnippet complete
 ok=1 outsize=414

Cmd: compileSnippet
  insize=1256 file=Packages/com.unity.render-pipelines.universal/Shaders/PostProcessing/LensFlareScreenSpace.shader name=Hidden/Universal Render Pipeline/LensFlareScreenSpace pass=LensFlareScreenSpace Upsample ppOnly=0 stripLineD=0 buildPlatform=13 rsLen=0 pKW=UNITY_NO_DXT5nm UNITY_NO_RGBM UNITY_ENABLE_REFLECTION_BUFFERS UNITY_NO_CUBEMAP_ARRAY UNITY_NO_SCREENSPACE_SHADOWS UNITY_PBS_USE_BRDF2 SHADER_API_MOBILE UNITY_HARDWARE_TIER3 UNITY_LIGHTMAP_RGBM_ENCODING UNITY_PLATFORM_SUPPORTS_DEPTH_FETCH uKW= dKW=UNITY_FRAMEBUFFER_FETCH_AVAILABLE UNITY_METAL_SHADOWS_USE_POINT_FILTERING UNITY_USE_DITHER_MASK_FOR_ALPHABLENDED_SHADOWS UNITY_PBS_USE_BRDF1 UNITY_PBS_USE_BRDF3 UNITY_SPECCUBE_BOX_PROJECTION UNITY_SPECCUBE_BLENDING UNITY_ENABLE_DETAIL_NORMALMAP UNITY_HARDWARE_TIER1 UNITY_HARDWARE_TIER2 UNITY_COLORSPACE_GAMMA UNITY_LIGHT_PROBE_PROXY_VOLUME UNITY_LIGHTMAP_DLDR_ENCODING UNITY_LIGHTMAP_FULL_HDR UNITY_VIRTUAL_TEXTURING UNITY_PRETRANSFORM_TO_DISPLAY_ORIENTATION UNITY_ASTC_NORMALMAP_ENCODING SHADER_API_GLES30 SHADER_API_GLES31 SHADER_API_GLES32 UNITY_UNIFIED_SHADER_PRECISION_MODEL flags=268435456 lang=3 type=Vertex platform=d3d11 reqs=227 mask=6 start=77
RunExternalCompiler: begin name=FXC
RunExternalCompiler: end
compileSnippet complete
 ok=1 outsize=734

Cmd: compileSnippet
  insize=1249 file=Packages/com.unity.render-pipelines.universal/Shaders/Utils/ScreenSpaceAmbientOcclusion.shader name=Hidden/Universal Render Pipeline/ScreenSpaceAmbientOcclusion pass=SSAO_Bilateral_HorizontalBlur ppOnly=0 stripLineD=0 buildPlatform=13 rsLen=0 pKW=UNITY_NO_DXT5nm UNITY_NO_RGBM UNITY_ENABLE_REFLECTION_BUFFERS UNITY_NO_CUBEMAP_ARRAY UNITY_NO_SCREENSPACE_SHADOWS UNITY_PBS_USE_BRDF2 SHADER_API_MOBILE UNITY_HARDWARE_TIER3 UNITY_LIGHTMAP_RGBM_ENCODING UNITY_PLATFORM_SUPPORTS_DEPTH_FETCH uKW= dKW=UNITY_FRAMEBUFFER_FETCH_AVAILABLE UNITY_METAL_SHADOWS_USE_POINT_FILTERING UNITY_USE_DITHER_MASK_FOR_ALPHABLENDED_SHADOWS UNITY_PBS_USE_BRDF1 UNITY_PBS_USE_BRDF3 UNITY_SPECCUBE_BOX_PROJECTION UNITY_SPECCUBE_BLENDING UNITY_ENABLE_DETAIL_NORMALMAP UNITY_HARDWARE_TIER1 UNITY_HARDWARE_TIER2 UNITY_COLORSPACE_GAMMA UNITY_LIGHT_PROBE_PROXY_VOLUME UNITY_LIGHTMAP_DLDR_ENCODING UNITY_LIGHTMAP_FULL_HDR UNITY_VIRTUAL_TEXTURING UNITY_PRETRANSFORM_TO_DISPLAY_ORIENTATION UNITY_ASTC_NORMALMAP_ENCODING SHADER_API_GLES30 SHADER_API_GLES31 SHADER_API_GLES32 UNITY_UNIFIED_SHADER_PRECISION_MODEL flags=268435456 lang=3 type=Fragment platform=d3d11 reqs=33 mask=6 start=56
RunExternalCompiler: begin name=FXC
RunExternalCompiler: end
compileSnippet complete
 ok=1 outsize=2798

Cmd: compileSnippet
  insize=10818 file=Packages/com.unity.render-pipelines.universal/Runtime/RendererFeatures/OnTileUberPost.shader name=OnTileUberPost pass=OnTileUberPostMSSoftware ppOnly=0 stripLineD=0 buildPlatform=13 rsLen=0 pKW=UNITY_NO_DXT5nm UNITY_NO_RGBM UNITY_ENABLE_REFLECTION_BUFFERS UNITY_NO_CUBEMAP_ARRAY UNITY_NO_SCREENSPACE_SHADOWS UNITY_PBS_USE_BRDF2 SHADER_API_MOBILE UNITY_HARDWARE_TIER3 UNITY_LIGHTMAP_RGBM_ENCODING UNITY_PLATFORM_SUPPORTS_DEPTH_FETCH uKW= dKW=_MSAA_2 _MSAA_4 UNITY_FRAMEBUFFER_FETCH_AVAILABLE UNITY_METAL_SHADOWS_USE_POINT_FILTERING UNITY_USE_DITHER_MASK_FOR_ALPHABLENDED_SHADOWS UNITY_PBS_USE_BRDF1 UNITY_PBS_USE_BRDF3 UNITY_SPECCUBE_BOX_PROJECTION UNITY_SPECCUBE_BLENDING UNITY_ENABLE_DETAIL_NORMALMAP UNITY_HARDWARE_TIER1 UNITY_HARDWARE_TIER2 UNITY_COLORSPACE_GAMMA UNITY_LIGHT_PROBE_PROXY_VOLUME UNITY_LIGHTMAP_DLDR_ENCODING UNITY_LIGHTMAP_FULL_HDR UNITY_VIRTUAL_TEXTURING UNITY_PRETRANSFORM_TO_DISPLAY_ORIENTATION UNITY_ASTC_NORMALMAP_ENCODING SHADER_API_GLES30 SHADER_API_GLES31 SHADER_API_GLES32 UNITY_UNIFIED_SHADER_PRECISION_MODEL flags=268435456 lang=3 type=Vertex platform=d3d11 reqs=1101803 mask=6 start=205
RunExternalCompiler: begin name=FXC
RunExternalCompiler: end
compileSnippet complete
 ok=1 outsize=574

Cmd: compileSnippet
  insize=5023 file=Packages/com.unity.render-pipelines.universal/Shaders/Terrain/WavingGrass.shader name=Hidden/TerrainEngine/Details/UniversalPipeline/WavingDoublePass pass=GBuffer ppOnly=0 stripLineD=0 buildPlatform=13 rsLen=0 pKW=UNITY_NO_DXT5nm UNITY_NO_RGBM UNITY_ENABLE_REFLECTION_BUFFERS UNITY_NO_CUBEMAP_ARRAY UNITY_NO_SCREENSPACE_SHADOWS UNITY_PBS_USE_BRDF2 SHADER_API_MOBILE UNITY_HARDWARE_TIER3 UNITY_LIGHTMAP_RGBM_ENCODING UNITY_PLATFORM_SUPPORTS_DEPTH_FETCH uKW= dKW=_MAIN_LIGHT_SHADOWS _MAIN_LIGHT_SHADOWS_CASCADE _MAIN_LIGHT_SHADOWS_SCREEN EVALUATE_SH_MIXED EVALUATE_SH_VERTEX PROBE_VOLUMES_L1 PROBE_VOLUMES_L2 LIGHTMAP_ON SHADOWS_SHADOWMASK DIRLIGHTMAP_COMBINED LIGHTMAP_SHADOW_MIXING INSTANCING_ON UNITY_FRAMEBUFFER_FETCH_AVAILABLE UNITY_METAL_SHADOWS_USE_POINT_FILTERING UNITY_USE_DITHER_MASK_FOR_ALPHABLENDED_SHADOWS UNITY_PBS_USE_BRDF1 UNITY_PBS_USE_BRDF3 UNITY_SPECCUBE_BOX_PROJECTION UNITY_SPECCUBE_BLENDING UNITY_ENABLE_DETAIL_NORMALMAP UNITY_HARDWARE_TIER1 UNITY_HARDWARE_TIER2 UNITY_COLORSPACE_GAMMA UNITY_LIGHT_PROBE_PROXY_VOLUME UNITY_LIGHTMAP_DLDR_ENCODING UNITY_LIGHTMAP_FULL_HDR UNITY_VIRTUAL_TEXTURING UNITY_PRETRANSFORM_TO_DISPLAY_ORIENTATION UNITY_ASTC_NORMALMAP_ENCODING SHADER_API_GLES30 SHADER_API_GLES31 SHADER_API_GLES32 UNITY_UNIFIED_SHADER_PRECISION_MODEL flags=268435456 lang=3 type=Vertex platform=d3d11 reqs=1101803 mask=6 start=86
RunExternalCompiler: begin name=FXC
RunExternalCompiler: end
compileSnippet complete
 ok=1 outsize=2898

Cmd: compileSnippet
  insize=1727 file=Packages/com.unity.render-pipelines.universal/Shaders/PostProcessing/LensFlareDataDriven.shader name=Hidden/Universal Render Pipeline/LensFlareDataDriven pass=LensFlarePremultiply ppOnly=0 stripLineD=0 buildPlatform=13 rsLen=0 pKW=UNITY_NO_DXT5nm UNITY_NO_RGBM UNITY_ENABLE_REFLECTION_BUFFERS UNITY_NO_CUBEMAP_ARRAY UNITY_NO_SCREENSPACE_SHADOWS UNITY_PBS_USE_BRDF2 SHADER_API_MOBILE UNITY_HARDWARE_TIER3 UNITY_LIGHTMAP_RGBM_ENCODING UNITY_PLATFORM_SUPPORTS_DEPTH_FETCH uKW= dKW=FLARE_OPENGL3_OR_OPENGLCORE FLARE_HAS_OCCLUSION UNITY_FRAMEBUFFER_FETCH_AVAILABLE UNITY_METAL_SHADOWS_USE_POINT_FILTERING UNITY_USE_DITHER_MASK_FOR_ALPHABLENDED_SHADOWS UNITY_PBS_USE_BRDF1 UNITY_PBS_USE_BRDF3 UNITY_SPECCUBE_BOX_PROJECTION UNITY_SPECCUBE_BLENDING UNITY_ENABLE_DETAIL_NORMALMAP UNITY_HARDWARE_TIER1 UNITY_HARDWARE_TIER2 UNITY_COLORSPACE_GAMMA UNITY_LIGHT_PROBE_PROXY_VOLUME UNITY_LIGHTMAP_DLDR_ENCODING UNITY_LIGHTMAP_FULL_HDR UNITY_VIRTUAL_TEXTURING UNITY_PRETRANSFORM_TO_DISPLAY_ORIENTATION UNITY_ASTC_NORMALMAP_ENCODING SHADER_API_GLES30 SHADER_API_GLES31 SHADER_API_GLES32 UNITY_UNIFIED_SHADER_PRECISION_MODEL flags=268435456 lang=3 type=Vertex platform=d3d11 reqs=227 mask=6 start=93
RunExternalCompiler: begin name=FXC
RunExternalCompiler: end
compileSnippet complete
 ok=1 outsize=1094

Cmd: compileSnippet
  insize=9852 file=Packages/com.unity.render-pipelines.universal/Shaders/ComplexLit.shader name=Universal Render Pipeline/Complex Lit pass=ForwardLit ppOnly=0 stripLineD=0 buildPlatform=13 rsLen=0 pKW=UNITY_NO_DXT5nm UNITY_NO_RGBM UNITY_ENABLE_REFLECTION_BUFFERS UNITY_NO_CUBEMAP_ARRAY UNITY_NO_SCREENSPACE_SHADOWS UNITY_PBS_USE_BRDF2 SHADER_API_MOBILE UNITY_HARDWARE_TIER3 UNITY_LIGHTMAP_RGBM_ENCODING UNITY_PLATFORM_SUPPORTS_DEPTH_FETCH uKW= dKW=_MAIN_LIGHT_SHADOWS _MAIN_LIGHT_SHADOWS_CASCADE _MAIN_LIGHT_SHADOWS_SCREEN _ADDITIONAL_LIGHTS_VERTEX _ADDITIONAL_LIGHTS EVALUATE_SH_MIXED EVALUATE_SH_VERTEX _LIGHT_LAYERS _CLUSTER_LIGHT_LOOP LIGHTMAP_SHADOW_MIXING SHADOWS_SHADOWMASK DIRLIGHTMAP_COMBINED LIGHTMAP_ON DYNAMICLIGHTMAP_ON USE_LEGACY_LIGHTMAPS LOD_FADE_CROSSFADE PROBE_VOLUMES_L1 PROBE_VOLUMES_L2 DOTS_INSTANCING_ON FOG_LINEAR FOG_EXP FOG_EXP2 INSTANCING_ON _NORMALMAP _PARALLAXMAP _RECEIVE_SHADOWS_OFF _DETAIL_MULX2 _DETAIL_SCALED UNITY_FRAMEBUFFER_FETCH_AVAILABLE UNITY_METAL_SHADOWS_USE_POINT_FILTERING UNITY_USE_DITHER_MASK_FOR_ALPHABLENDED_SHADOWS UNITY_PBS_USE_BRDF1 UNITY_PBS_USE_BRDF3 UNITY_SPECCUBE_BOX_PROJECTION UNITY_SPECCUBE_BLENDING UNITY_ENABLE_DETAIL_NORMALMAP UNITY_HARDWARE_TIER1 UNITY_HARDWARE_TIER2 UNITY_COLORSPACE_GAMMA UNITY_LIGHT_PROBE_PROXY_VOLUME UNITY_LIGHTMAP_DLDR_ENCODING UNITY_LIGHTMAP_FULL_HDR UNITY_VIRTUAL_TEXTURING UNITY_PRETRANSFORM_TO_DISPLAY_ORIENTATION UNITY_ASTC_NORMALMAP_ENCODING SHADER_API_GLES30 SHADER_API_GLES31 SHADER_API_GLES32 UNITY_UNIFIED_SHADER_PRECISION_MODEL flags=268435456 lang=3 type=Vertex platform=d3d11 reqs=1 mask=6 start=110
RunExternalCompiler: begin name=FXC
RunExternalCompiler: end
compileSnippet complete
 ok=1 outsize=1390

Cmd: compileSnippet
  insize=1571 file=Packages/com.unity.render-pipelines.universal/Shaders/ComplexLit.shader name=Universal Render Pipeline/Complex Lit pass=MotionVectors ppOnly=0 stripLineD=0 buildPlatform=13 rsLen=0 pKW=UNITY_NO_DXT5nm UNITY_NO_RGBM UNITY_ENABLE_REFLECTION_BUFFERS UNITY_NO_CUBEMAP_ARRAY UNITY_NO_SCREENSPACE_SHADOWS UNITY_PBS_USE_BRDF2 SHADER_API_MOBILE UNITY_HARDWARE_TIER3 UNITY_LIGHTMAP_RGBM_ENCODING UNITY_PLATFORM_SUPPORTS_DEPTH_FETCH UNITY_PASS_MOTIONVECTORS uKW= dKW=LOD_FADE_CROSSFADE DOTS_INSTANCING_ON INSTANCING_ON _ALPHATEST_ON UNITY_FRAMEBUFFER_FETCH_AVAILABLE UNITY_METAL_SHADOWS_USE_POINT_FILTERING UNITY_USE_DITHER_MASK_FOR_ALPHABLENDED_SHADOWS UNITY_PBS_USE_BRDF1 UNITY_PBS_USE_BRDF3 UNITY_SPECCUBE_BOX_PROJECTION UNITY_SPECCUBE_BLENDING UNITY_ENABLE_DETAIL_NORMALMAP UNITY_HARDWARE_TIER1 UNITY_HARDWARE_TIER2 UNITY_COLORSPACE_GAMMA UNITY_LIGHT_PROBE_PROXY_VOLUME UNITY_LIGHTMAP_DLDR_ENCODING UNITY_LIGHTMAP_FULL_HDR UNITY_VIRTUAL_TEXTURING UNITY_PRETRANSFORM_TO_DISPLAY_ORIENTATION UNITY_ASTC_NORMALMAP_ENCODING SHADER_API_GLES30 SHADER_API_GLES31 SHADER_API_GLES32 UNITY_UNIFIED_SHADER_PRECISION_MODEL flags=268435456 lang=3 type=Fragment platform=d3d11 reqs=4075 mask=6 start=504
RunExternalCompiler: begin name=FXC
RunExternalCompiler: end
compileSnippet complete
 ok=1 outsize=646

Cmd: compileSnippet
  insize=1204 file=Packages/com.unity.render-pipelines.universal/Shaders/Nature/SpeedTree7Billboard.shader name=Universal Render Pipeline/Nature/SpeedTree7 Billboard pass=ShadowCaster ppOnly=0 stripLineD=0 buildPlatform=13 rsLen=0 pKW=UNITY_NO_DXT5nm UNITY_NO_RGBM UNITY_ENABLE_REFLECTION_BUFFERS UNITY_NO_CUBEMAP_ARRAY UNITY_NO_SCREENSPACE_SHADOWS UNITY_PBS_USE_BRDF2 SHADER_API_MOBILE UNITY_HARDWARE_TIER3 UNITY_LIGHTMAP_RGBM_ENCODING UNITY_PLATFORM_SUPPORTS_DEPTH_FETCH UNITY_PASS_SHADOWCASTER uKW= dKW=BILLBOARD_FACE_CAMERA_POS LOD_FADE_CROSSFADE UNITY_FRAMEBUFFER_FETCH_AVAILABLE UNITY_METAL_SHADOWS_USE_POINT_FILTERING UNITY_USE_DITHER_MASK_FOR_ALPHABLENDED_SHADOWS UNITY_PBS_USE_BRDF1 UNITY_PBS_USE_BRDF3 UNITY_SPECCUBE_BOX_PROJECTION UNITY_SPECCUBE_BLENDING UNITY_ENABLE_DETAIL_NORMALMAP UNITY_HARDWARE_TIER1 UNITY_HARDWARE_TIER2 UNITY_COLORSPACE_GAMMA UNITY_LIGHT_PROBE_PROXY_VOLUME UNITY_LIGHTMAP_DLDR_ENCODING UNITY_LIGHTMAP_FULL_HDR UNITY_VIRTUAL_TEXTURING UNITY_PRETRANSFORM_TO_DISPLAY_ORIENTATION UNITY_ASTC_NORMALMAP_ENCODING SHADER_API_GLES30 SHADER_API_GLES31 SHADER_API_GLES32 UNITY_UNIFIED_SHADER_PRECISION_MODEL flags=268435456 lang=3 type=Vertex platform=d3d11 reqs=33 mask=6 start=70
RunExternalCompiler: begin name=FXC
RunExternalCompiler: end
compileSnippet complete
 ok=1 outsize=3406

Cmd: compileSnippet
  insize=3654 file=Packages/com.unity.render-pipelines.universal/Shaders/Utils/StencilDeferred.shader name=Hidden/Universal Render Pipeline/StencilDeferred pass=Deferred Directional Light (SimpleLit) ppOnly=0 stripLineD=0 buildPlatform=13 rsLen=0 pKW=UNITY_NO_DXT5nm UNITY_NO_RGBM UNITY_ENABLE_REFLECTION_BUFFERS UNITY_NO_CUBEMAP_ARRAY UNITY_NO_SCREENSPACE_SHADOWS UNITY_PBS_USE_BRDF2 SHADER_API_MOBILE UNITY_HARDWARE_TIER3 UNITY_LIGHTMAP_RGBM_ENCODING UNITY_PLATFORM_SUPPORTS_DEPTH_FETCH uKW= dKW=_LIGHT_LAYERS UNITY_FRAMEBUFFER_FETCH_AVAILABLE UNITY_METAL_SHADOWS_USE_POINT_FILTERING UNITY_USE_DITHER_MASK_FOR_ALPHABLENDED_SHADOWS UNITY_PBS_USE_BRDF1 UNITY_PBS_USE_BRDF3 UNITY_SPECCUBE_BOX_PROJECTION UNITY_SPECCUBE_BLENDING UNITY_ENABLE_DETAIL_NORMALMAP UNITY_HARDWARE_TIER1 UNITY_HARDWARE_TIER2 UNITY_COLORSPACE_GAMMA UNITY_LIGHT_PROBE_PROXY_VOLUME UNITY_LIGHTMAP_DLDR_ENCODING UNITY_LIGHTMAP_FULL_HDR UNITY_VIRTUAL_TEXTURING UNITY_PRETRANSFORM_TO_DISPLAY_ORIENTATION UNITY_ASTC_NORMALMAP_ENCODING SHADER_API_GLES30 SHADER_API_GLES31 SHADER_API_GLES32 UNITY_UNIFIED_SHADER_PRECISION_MODEL flags=268435456 lang=3 type=Vertex platform=d3d11 reqs=1101803 mask=6 start=303
RunExternalCompiler: begin name=FXC
RunExternalCompiler: end
compileSnippet complete
 ok=1 outsize=510

Cmd: compileSnippet
  insize=1958 file=Packages/com.unity.render-pipelines.universal/Shaders/SpatialMappingOcclusion.shader name=Universal Render Pipeline/VR/SpatialMapping/Occlusion pass=Spatial Mapping Occlusion ppOnly=0 stripLineD=0 buildPlatform=13 rsLen=0 pKW=UNITY_NO_DXT5nm UNITY_NO_RGBM UNITY_ENABLE_REFLECTION_BUFFERS UNITY_NO_CUBEMAP_ARRAY UNITY_NO_SCREENSPACE_SHADOWS UNITY_PBS_USE_BRDF2 SHADER_API_MOBILE UNITY_HARDWARE_TIER3 UNITY_LIGHTMAP_RGBM_ENCODING UNITY_PLATFORM_SUPPORTS_DEPTH_FETCH uKW= dKW=INSTANCING_ON UNITY_FRAMEBUFFER_FETCH_AVAILABLE UNITY_METAL_SHADOWS_USE_POINT_FILTERING UNITY_USE_DITHER_MASK_FOR_ALPHABLENDED_SHADOWS UNITY_PBS_USE_BRDF1 UNITY_PBS_USE_BRDF3 UNITY_SPECCUBE_BOX_PROJECTION UNITY_SPECCUBE_BLENDING UNITY_ENABLE_DETAIL_NORMALMAP UNITY_HARDWARE_TIER1 UNITY_HARDWARE_TIER2 UNITY_COLORSPACE_GAMMA UNITY_LIGHT_PROBE_PROXY_VOLUME UNITY_LIGHTMAP_DLDR_ENCODING UNITY_LIGHTMAP_FULL_HDR UNITY_VIRTUAL_TEXTURING UNITY_PRETRANSFORM_TO_DISPLAY_ORIENTATION UNITY_ASTC_NORMALMAP_ENCODING SHADER_API_GLES30 SHADER_API_GLES31 SHADER_API_GLES32 UNITY_UNIFIED_SHADER_PRECISION_MODEL flags=268435456 lang=3 type=Vertex platform=d3d11 reqs=33 mask=6 start=17
RunExternalCompiler: begin name=FXC
RunExternalCompiler: end
compileSnippet complete
 ok=1 outsize=562

Cmd: compileSnippet
  insize=8594 file=Packages/com.unity.render-pipelines.universal/Shaders/PostProcessing/FinalPost.shader name=Hidden/Universal Render Pipeline/FinalPost pass=FinalPostXR ppOnly=0 stripLineD=0 buildPlatform=13 rsLen=0 pKW=UNITY_NO_DXT5nm UNITY_NO_RGBM UNITY_ENABLE_REFLECTION_BUFFERS UNITY_NO_CUBEMAP_ARRAY UNITY_NO_SCREENSPACE_SHADOWS UNITY_PBS_USE_BRDF2 SHADER_API_MOBILE UNITY_HARDWARE_TIER3 UNITY_LIGHTMAP_RGBM_ENCODING UNITY_PLATFORM_SUPPORTS_DEPTH_FETCH uKW= dKW=UNITY_FRAMEBUFFER_FETCH_AVAILABLE UNITY_METAL_SHADOWS_USE_POINT_FILTERING UNITY_USE_DITHER_MASK_FOR_ALPHABLENDED_SHADOWS UNITY_PBS_USE_BRDF1 UNITY_PBS_USE_BRDF3 UNITY_SPECCUBE_BOX_PROJECTION UNITY_SPECCUBE_BLENDING UNITY_ENABLE_DETAIL_NORMALMAP UNITY_HARDWARE_TIER1 UNITY_HARDWARE_TIER2 UNITY_COLORSPACE_GAMMA UNITY_LIGHT_PROBE_PROXY_VOLUME UNITY_LIGHTMAP_DLDR_ENCODING UNITY_LIGHTMAP_FULL_HDR UNITY_VIRTUAL_TEXTURING UNITY_PRETRANSFORM_TO_DISPLAY_ORIENTATION UNITY_ASTC_NORMALMAP_ENCODING SHADER_API_GLES30 SHADER_API_GLES31 SHADER_API_GLES32 UNITY_UNIFIED_SHADER_PRECISION_MODEL flags=268435456 lang=3 type=Vertex platform=d3d11 reqs=33 mask=6 start=217
RunExternalCompiler: begin name=FXC
RunExternalCompiler: end
compileSnippet complete
 ok=1 outsize=642

Cmd: compileSnippet
  insize=2074 file=Packages/com.unity.render-pipelines.universal/Shaders/Utils/ClusterDeferred.shader name=Hidden/Universal Render Pipeline/ClusterDeferred pass=Fog ppOnly=0 stripLineD=0 buildPlatform=13 rsLen=0 pKW=UNITY_NO_DXT5nm UNITY_NO_RGBM UNITY_ENABLE_REFLECTION_BUFFERS UNITY_NO_CUBEMAP_ARRAY UNITY_NO_SCREENSPACE_SHADOWS UNITY_PBS_USE_BRDF2 SHADER_API_MOBILE UNITY_HARDWARE_TIER3 UNITY_LIGHTMAP_RGBM_ENCODING UNITY_PLATFORM_SUPPORTS_DEPTH_FETCH uKW= dKW=_RENDER_PASS_ENABLED FOG_LINEAR FOG_EXP FOG_EXP2 UNITY_FRAMEBUFFER_FETCH_AVAILABLE UNITY_METAL_SHADOWS_USE_POINT_FILTERING UNITY_USE_DITHER_MASK_FOR_ALPHABLENDED_SHADOWS UNITY_PBS_USE_BRDF1 UNITY_PBS_USE_BRDF3 UNITY_SPECCUBE_BOX_PROJECTION UNITY_SPECCUBE_BLENDING UNITY_ENABLE_DETAIL_NORMALMAP UNITY_HARDWARE_TIER1 UNITY_HARDWARE_TIER2 UNITY_COLORSPACE_GAMMA UNITY_LIGHT_PROBE_PROXY_VOLUME UNITY_LIGHTMAP_DLDR_ENCODING UNITY_LIGHTMAP_FULL_HDR UNITY_VIRTUAL_TEXTURING UNITY_PRETRANSFORM_TO_DISPLAY_ORIENTATION UNITY_ASTC_NORMALMAP_ENCODING SHADER_API_GLES30 SHADER_API_GLES31 SHADER_API_GLES32 UNITY_UNIFIED_SHADER_PRECISION_MODEL flags=268435456 lang=3 type=Fragment platform=d3d11 reqs=1101803 mask=6 start=156
RunExternalCompiler: begin name=FXC
RunExternalCompiler: end
compileSnippet complete
 ok=1 outsize=334

Cmd: compileSnippet
  insize=2405 file=Packages/com.unity.render-pipelines.universal/Shaders/BakedLit.shader name=Universal Render Pipeline/Baked Lit pass=DepthNormalsOnly ppOnly=0 stripLineD=0 buildPlatform=13 rsLen=0 pKW=UNITY_NO_DXT5nm UNITY_NO_RGBM UNITY_ENABLE_REFLECTION_BUFFERS UNITY_NO_CUBEMAP_ARRAY UNITY_NO_SCREENSPACE_SHADOWS UNITY_PBS_USE_BRDF2 SHADER_API_MOBILE UNITY_HARDWARE_TIER3 UNITY_LIGHTMAP_RGBM_ENCODING UNITY_PLATFORM_SUPPORTS_DEPTH_FETCH uKW= dKW=LOD_FADE_CROSSFADE DOTS_INSTANCING_ON INSTANCING_ON _NORMALMAP UNITY_FRAMEBUFFER_FETCH_AVAILABLE UNITY_METAL_SHADOWS_USE_POINT_FILTERING UNITY_USE_DITHER_MASK_FOR_ALPHABLENDED_SHADOWS UNITY_PBS_USE_BRDF1 UNITY_PBS_USE_BRDF3 UNITY_SPECCUBE_BOX_PROJECTION UNITY_SPECCUBE_BLENDING UNITY_ENABLE_DETAIL_NORMALMAP UNITY_HARDWARE_TIER1 UNITY_HARDWARE_TIER2 UNITY_COLORSPACE_GAMMA UNITY_LIGHT_PROBE_PROXY_VOLUME UNITY_LIGHTMAP_DLDR_ENCODING UNITY_LIGHTMAP_FULL_HDR UNITY_VIRTUAL_TEXTURING UNITY_PRETRANSFORM_TO_DISPLAY_ORIENTATION UNITY_ASTC_NORMALMAP_ENCODING SHADER_API_GLES30 SHADER_API_GLES31 SHADER_API_GLES32 UNITY_UNIFIED_SHADER_PRECISION_MODEL flags=268435456 lang=3 type=Vertex platform=d3d11 reqs=1 mask=6 start=217
RunExternalCompiler: begin name=FXC
RunExternalCompiler: end
compileSnippet complete
 ok=1 outsize=1150

Cmd: compileSnippet
  insize=1296 file=Packages/com.unity.render-pipelines.universal/Shaders/BakedLit.shader name=Universal Render Pipeline/Baked Lit pass=Universal2D ppOnly=0 stripLineD=0 buildPlatform=13 rsLen=0 pKW=UNITY_NO_DXT5nm UNITY_NO_RGBM UNITY_ENABLE_REFLECTION_BUFFERS UNITY_NO_CUBEMAP_ARRAY UNITY_NO_SCREENSPACE_SHADOWS UNITY_PBS_USE_BRDF2 SHADER_API_MOBILE UNITY_HARDWARE_TIER3 UNITY_LIGHTMAP_RGBM_ENCODING UNITY_PLATFORM_SUPPORTS_DEPTH_FETCH uKW= dKW=UNITY_FRAMEBUFFER_FETCH_AVAILABLE UNITY_METAL_SHADOWS_USE_POINT_FILTERING UNITY_USE_DITHER_MASK_FOR_ALPHABLENDED_SHADOWS UNITY_PBS_USE_BRDF1 UNITY_PBS_USE_BRDF3 UNITY_SPECCUBE_BOX_PROJECTION UNITY_SPECCUBE_BLENDING UNITY_ENABLE_DETAIL_NORMALMAP UNITY_HARDWARE_TIER1 UNITY_HARDWARE_TIER2 UNITY_COLORSPACE_GAMMA UNITY_LIGHT_PROBE_PROXY_VOLUME UNITY_LIGHTMAP_DLDR_ENCODING UNITY_LIGHTMAP_FULL_HDR UNITY_VIRTUAL_TEXTURING UNITY_PRETRANSFORM_TO_DISPLAY_ORIENTATION UNITY_ASTC_NORMALMAP_ENCODING SHADER_API_GLES30 SHADER_API_GLES31 SHADER_API_GLES32 UNITY_UNIFIED_SHADER_PRECISION_MODEL flags=268435456 lang=3 type=Vertex platform=d3d11 reqs=1 mask=6 start=344
RunExternalCompiler: begin name=FXC
RunExternalCompiler: end
compileSnippet complete
 ok=1 outsize=714

Cmd: compileSnippet
  insize=1858 file=Packages/com.unity.render-pipelines.universal/Shaders/BakedLit.shader name=Universal Render Pipeline/Baked Lit pass=XRMotionVectors ppOnly=0 stripLineD=0 buildPlatform=13 rsLen=0 pKW=UNITY_NO_DXT5nm UNITY_NO_RGBM UNITY_ENABLE_REFLECTION_BUFFERS UNITY_NO_CUBEMAP_ARRAY UNITY_NO_SCREENSPACE_SHADOWS UNITY_PBS_USE_BRDF2 SHADER_API_MOBILE UNITY_HARDWARE_TIER3 UNITY_LIGHTMAP_RGBM_ENCODING UNITY_PLATFORM_SUPPORTS_DEPTH_FETCH uKW= dKW=LOD_FADE_CROSSFADE APPLICATION_SPACE_WARP_MOTION_TRANSPARENT DOTS_INSTANCING_ON INSTANCING_ON _ALPHATEST_ON UNITY_FRAMEBUFFER_FETCH_AVAILABLE UNITY_METAL_SHADOWS_USE_POINT_FILTERING UNITY_USE_DITHER_MASK_FOR_ALPHABLENDED_SHADOWS UNITY_PBS_USE_BRDF1 UNITY_PBS_USE_BRDF3 UNITY_SPECCUBE_BOX_PROJECTION UNITY_SPECCUBE_BLENDING UNITY_ENABLE_DETAIL_NORMALMAP UNITY_HARDWARE_TIER1 UNITY_HARDWARE_TIER2 UNITY_COLORSPACE_GAMMA UNITY_LIGHT_PROBE_PROXY_VOLUME UNITY_LIGHTMAP_DLDR_ENCODING UNITY_LIGHTMAP_FULL_HDR UNITY_VIRTUAL_TEXTURING UNITY_PRETRANSFORM_TO_DISPLAY_ORIENTATION UNITY_ASTC_NORMALMAP_ENCODING SHADER_API_GLES30 SHADER_API_GLES31 SHADER_API_GLES32 UNITY_UNIFIED_SHADER_PRECISION_MODEL flags=268435456 lang=3 type=Fragment platform=d3d11 reqs=4075 mask=6 start=396
RunExternalCompiler: begin name=FXC
RunExternalCompiler: end
compileSnippet complete
 ok=1 outsize=586

Cmd: compileSnippet
  insize=1236 file=Packages/com.unity.render-pipelines.universal/Shaders/PostProcessing/StopNaN.shader name=Hidden/Universal Render Pipeline/Stop NaN pass=Stop NaN ppOnly=0 stripLineD=0 buildPlatform=13 rsLen=0 pKW=UNITY_NO_DXT5nm UNITY_NO_RGBM UNITY_ENABLE_REFLECTION_BUFFERS UNITY_NO_CUBEMAP_ARRAY UNITY_NO_SCREENSPACE_SHADOWS UNITY_PBS_USE_BRDF2 SHADER_API_MOBILE UNITY_HARDWARE_TIER3 UNITY_LIGHTMAP_RGBM_ENCODING UNITY_PLATFORM_SUPPORTS_DEPTH_FETCH uKW= dKW=UNITY_FRAMEBUFFER_FETCH_AVAILABLE UNITY_METAL_SHADOWS_USE_POINT_FILTERING UNITY_USE_DITHER_MASK_FOR_ALPHABLENDED_SHADOWS UNITY_PBS_USE_BRDF1 UNITY_PBS_USE_BRDF3 UNITY_SPECCUBE_BOX_PROJECTION UNITY_SPECCUBE_BLENDING UNITY_ENABLE_DETAIL_NORMALMAP UNITY_HARDWARE_TIER1 UNITY_HARDWARE_TIER2 UNITY_COLORSPACE_GAMMA UNITY_LIGHT_PROBE_PROXY_VOLUME UNITY_LIGHTMAP_DLDR_ENCODING UNITY_LIGHTMAP_FULL_HDR UNITY_VIRTUAL_TEXTURING UNITY_PRETRANSFORM_TO_DISPLAY_ORIENTATION UNITY_ASTC_NORMALMAP_ENCODING SHADER_API_GLES30 SHADER_API_GLES31 SHADER_API_GLES32 UNITY_UNIFIED_SHADER_PRECISION_MODEL flags=268435456 lang=3 type=Vertex platform=d3d11 reqs=4075 mask=6 start=35
RunExternalCompiler: begin name=FXC
RunExternalCompiler: end
compileSnippet complete
 ok=1 outsize=582

Cmd: compileSnippet
  insize=931 file=Packages/com.unity.render-pipelines.universal/Shaders/Terrain/TerrainDetailLit.shader name=Hidden/TerrainEngine/Details/UniversalPipeline/Vertexlit pass=Meta ppOnly=0 stripLineD=0 buildPlatform=13 rsLen=0 pKW=UNITY_NO_DXT5nm UNITY_NO_RGBM UNITY_ENABLE_REFLECTION_BUFFERS UNITY_NO_CUBEMAP_ARRAY UNITY_NO_SCREENSPACE_SHADOWS UNITY_PBS_USE_BRDF2 SHADER_API_MOBILE UNITY_HARDWARE_TIER3 UNITY_LIGHTMAP_RGBM_ENCODING UNITY_PLATFORM_SUPPORTS_DEPTH_FETCH UNITY_PASS_META uKW= dKW=_SPECGLOSSMAP UNITY_FRAMEBUFFER_FETCH_AVAILABLE UNITY_METAL_SHADOWS_USE_POINT_FILTERING UNITY_USE_DITHER_MASK_FOR_ALPHABLENDED_SHADOWS UNITY_PBS_USE_BRDF1 UNITY_PBS_USE_BRDF3 UNITY_SPECCUBE_BOX_PROJECTION UNITY_SPECCUBE_BLENDING UNITY_ENABLE_DETAIL_NORMALMAP UNITY_HARDWARE_TIER1 UNITY_HARDWARE_TIER2 UNITY_COLORSPACE_GAMMA UNITY_LIGHT_PROBE_PROXY_VOLUME UNITY_LIGHTMAP_DLDR_ENCODING UNITY_LIGHTMAP_FULL_HDR UNITY_VIRTUAL_TEXTURING UNITY_PRETRANSFORM_TO_DISPLAY_ORIENTATION UNITY_ASTC_NORMALMAP_ENCODING SHADER_API_GLES30 SHADER_API_GLES31 SHADER_API_GLES32 UNITY_UNIFIED_SHADER_PRECISION_MODEL flags=268435456 lang=3 type=Fragment platform=d3d11 reqs=33 mask=6 start=249
RunExternalCompiler: begin name=FXC
RunExternalCompiler: end
compileSnippet complete
 ok=1 outsize=774

Cmd: compileSnippet
  insize=1411 file=Packages/com.unity.render-pipelines.universal/Shaders/Terrain/WavingGrassBillboard.shader name=Hidden/TerrainEngine/Details/UniversalPipeline/BillboardWavingDoublePass pass=DepthNormals ppOnly=0 stripLineD=0 buildPlatform=13 rsLen=0 pKW=UNITY_NO_DXT5nm UNITY_NO_RGBM UNITY_ENABLE_REFLECTION_BUFFERS UNITY_NO_CUBEMAP_ARRAY UNITY_NO_SCREENSPACE_SHADOWS UNITY_PBS_USE_BRDF2 SHADER_API_MOBILE UNITY_HARDWARE_TIER3 UNITY_LIGHTMAP_RGBM_ENCODING UNITY_PLATFORM_SUPPORTS_DEPTH_FETCH uKW= dKW=INSTANCING_ON _GLOSSINESS_FROM_BASE_ALPHA UNITY_FRAMEBUFFER_FETCH_AVAILABLE UNITY_METAL_SHADOWS_USE_POINT_FILTERING UNITY_USE_DITHER_MASK_FOR_ALPHABLENDED_SHADOWS UNITY_PBS_USE_BRDF1 UNITY_PBS_USE_BRDF3 UNITY_SPECCUBE_BOX_PROJECTION UNITY_SPECCUBE_BLENDING UNITY_ENABLE_DETAIL_NORMALMAP UNITY_HARDWARE_TIER1 UNITY_HARDWARE_TIER2 UNITY_COLORSPACE_GAMMA UNITY_LIGHT_PROBE_PROXY_VOLUME UNITY_LIGHTMAP_DLDR_ENCODING UNITY_LIGHTMAP_FULL_HDR UNITY_VIRTUAL_TEXTURING UNITY_PRETRANSFORM_TO_DISPLAY_ORIENTATION UNITY_ASTC_NORMALMAP_ENCODING SHADER_API_GLES30 SHADER_API_GLES31 SHADER_API_GLES32 UNITY_UNIFIED_SHADER_PRECISION_MODEL flags=268435456 lang=3 type=Fragment platform=d3d11 reqs=1 mask=6 start=152
RunExternalCompiler: begin name=FXC
RunExternalCompiler: end
compileSnippet complete
 ok=1 outsize=1318

Cmd: compileSnippet
  insize=780 file=Packages/com.unity.render-pipelines.universal/Shaders/2D/Sprite-Mask.shader name=Universal Render Pipeline/2D/Sprite-Mask pass=<Unnamed Pass 2> ppOnly=0 stripLineD=0 buildPlatform=13 rsLen=0 pKW=UNITY_NO_DXT5nm UNITY_NO_RGBM UNITY_ENABLE_REFLECTION_BUFFERS UNITY_NO_CUBEMAP_ARRAY UNITY_NO_SCREENSPACE_SHADOWS UNITY_PBS_USE_BRDF2 SHADER_API_MOBILE UNITY_HARDWARE_TIER3 UNITY_LIGHTMAP_RGBM_ENCODING UNITY_PLATFORM_SUPPORTS_DEPTH_FETCH uKW= dKW=UNITY_FRAMEBUFFER_FETCH_AVAILABLE UNITY_METAL_SHADOWS_USE_POINT_FILTERING UNITY_USE_DITHER_MASK_FOR_ALPHABLENDED_SHADOWS UNITY_PBS_USE_BRDF1 UNITY_PBS_USE_BRDF3 UNITY_SPECCUBE_BOX_PROJECTION UNITY_SPECCUBE_BLENDING UNITY_ENABLE_DETAIL_NORMALMAP UNITY_HARDWARE_TIER1 UNITY_HARDWARE_TIER2 UNITY_COLORSPACE_GAMMA UNITY_LIGHT_PROBE_PROXY_VOLUME UNITY_LIGHTMAP_DLDR_ENCODING UNITY_LIGHTMAP_FULL_HDR UNITY_VIRTUAL_TEXTURING UNITY_PRETRANSFORM_TO_DISPLAY_ORIENTATION UNITY_ASTC_NORMALMAP_ENCODING SHADER_API_GLES30 SHADER_API_GLES31 SHADER_API_GLES32 UNITY_UNIFIED_SHADER_PRECISION_MODEL flags=268435456 lang=3 type=Fragment platform=d3d11 reqs=33 mask=6 start=54
RunExternalCompiler: begin name=FXC
RunExternalCompiler: end
compileSnippet complete
 ok=1 outsize=546

Cmd: compileSnippet
  insize=5328 file=Packages/com.unity.render-pipelines.universal/Shaders/Nature/SpeedTree8.shader name=Universal Render Pipeline/Nature/SpeedTree8 pass=GBuffer ppOnly=0 stripLineD=0 buildPlatform=13 rsLen=0 pKW=UNITY_NO_DXT5nm UNITY_NO_RGBM UNITY_ENABLE_REFLECTION_BUFFERS UNITY_NO_CUBEMAP_ARRAY UNITY_NO_SCREENSPACE_SHADOWS UNITY_PBS_USE_BRDF2 SHADER_API_MOBILE UNITY_HARDWARE_TIER3 UNITY_LIGHTMAP_RGBM_ENCODING UNITY_PLATFORM_SUPPORTS_DEPTH_FETCH uKW=LOD_FADE_PERCENTAGE dKW=_REFLECTION_PROBE_BLENDING _REFLECTION_PROBE_BOX_PROJECTION _SHADOWS_SOFT _SHADOWS_SOFT_LOW _SHADOWS_SOFT_MEDIUM _SHADOWS_SOFT_HIGH _GBUFFER_NORMALS_OCT _RENDER_PASS_ENABLED _WRITE_RENDERING_LAYERS _MAIN_LIGHT_SHADOWS _MAIN_LIGHT_SHADOWS_CASCADE _MAIN_LIGHT_SHADOWS_SCREEN LOD_FADE_CROSSFADE _CLUSTER_LIGHT_LOOP EVALUATE_SH_MIXED EVALUATE_SH_VERTEX PROBE_VOLUMES_L1 PROBE_VOLUMES_L2 INSTANCING_ON EFFECT_HUE_VARIATION EFFECT_SUBSURFACE EFFECT_EXTRA_TEX EFFECT_BILLBOARD EFFECT_BUMP UNITY_FRAMEBUFFER_FETCH_AVAILABLE UNITY_METAL_SHADOWS_USE_POINT_FILTERING UNITY_USE_DITHER_MASK_FOR_ALPHABLENDED_SHADOWS UNITY_PBS_USE_BRDF1 UNITY_PBS_USE_BRDF3 UNITY_SPECCUBE_BOX_PROJECTION UNITY_SPECCUBE_BLENDING UNITY_ENABLE_DETAIL_NORMALMAP UNITY_HARDWARE_TIER1 UNITY_HARDWARE_TIER2 UNITY_COLORSPACE_GAMMA UNITY_LIGHT_PROBE_PROXY_VOLUME UNITY_LIGHTMAP_DLDR_ENCODING UNITY_LIGHTMAP_FULL_HDR UNITY_VIRTUAL_TEXTURING UNITY_PRETRANSFORM_TO_DISPLAY_ORIENTATION UNITY_ASTC_NORMALMAP_ENCODING SHADER_API_GLES30 SHADER_API_GLES31 SHADER_API_GLES32 UNITY_UNIFIED_SHADER_PRECISION_MODEL flags=268435456 lang=3 type=Fragment platform=d3d11 reqs=1101803 mask=6 start=132
RunExternalCompiler: begin name=FXC
RunExternalCompiler: end
compileSnippet complete
 ok=1 outsize=3994

Cmd: compileSnippet
  insize=2487 file=Packages/com.unity.render-pipelines.universal/Shaders/2D/RenderAs2D-Flattening.shader name=2D/RenderAs2D-Flattening pass=<Unnamed Pass 1> ppOnly=0 stripLineD=0 buildPlatform=13 rsLen=0 pKW=UNITY_NO_DXT5nm UNITY_NO_RGBM UNITY_ENABLE_REFLECTION_BUFFERS UNITY_NO_CUBEMAP_ARRAY UNITY_NO_SCREENSPACE_SHADOWS UNITY_PBS_USE_BRDF2 SHADER_API_MOBILE UNITY_HARDWARE_TIER3 UNITY_LIGHTMAP_RGBM_ENCODING UNITY_PLATFORM_SUPPORTS_DEPTH_FETCH uKW= dKW=UNITY_FRAMEBUFFER_FETCH_AVAILABLE UNITY_METAL_SHADOWS_USE_POINT_FILTERING UNITY_USE_DITHER_MASK_FOR_ALPHABLENDED_SHADOWS UNITY_PBS_USE_BRDF1 UNITY_PBS_USE_BRDF3 UNITY_SPECCUBE_BOX_PROJECTION UNITY_SPECCUBE_BLENDING UNITY_ENABLE_DETAIL_NORMALMAP UNITY_HARDWARE_TIER1 UNITY_HARDWARE_TIER2 UNITY_COLORSPACE_GAMMA UNITY_LIGHT_PROBE_PROXY_VOLUME UNITY_LIGHTMAP_DLDR_ENCODING UNITY_LIGHTMAP_FULL_HDR UNITY_VIRTUAL_TEXTURING UNITY_PRETRANSFORM_TO_DISPLAY_ORIENTATION UNITY_ASTC_NORMALMAP_ENCODING SHADER_API_GLES30 SHADER_API_GLES31 SHADER_API_GLES32 UNITY_UNIFIED_SHADER_PRECISION_MODEL flags=268435456 lang=3 type=Fragment platform=d3d11 reqs=33 mask=6 start=81
RunExternalCompiler: begin name=FXC
RunExternalCompiler: end
compileSnippet complete
 ok=1 outsize=474

Cmd: compileSnippet
  insize=2112 file=Packages/com.unity.render-pipelines.universal/Shaders/PostProcessing/EdgeAdaptiveSpatialUpsampling.shader name=Hidden/Universal Render Pipeline/Edge Adaptive Spatial Upsampling pass=EASU ppOnly=0 stripLineD=0 buildPlatform=13 rsLen=0 pKW=UNITY_NO_DXT5nm UNITY_NO_RGBM UNITY_ENABLE_REFLECTION_BUFFERS UNITY_NO_CUBEMAP_ARRAY UNITY_NO_SCREENSPACE_SHADOWS UNITY_PBS_USE_BRDF2 SHADER_API_MOBILE UNITY_HARDWARE_TIER3 UNITY_LIGHTMAP_RGBM_ENCODING UNITY_PLATFORM_SUPPORTS_DEPTH_FETCH uKW= dKW=UNITY_FRAMEBUFFER_FETCH_AVAILABLE UNITY_METAL_SHADOWS_USE_POINT_FILTERING UNITY_USE_DITHER_MASK_FOR_ALPHABLENDED_SHADOWS UNITY_PBS_USE_BRDF1 UNITY_PBS_USE_BRDF3 UNITY_SPECCUBE_BOX_PROJECTION UNITY_SPECCUBE_BLENDING UNITY_ENABLE_DETAIL_NORMALMAP UNITY_HARDWARE_TIER1 UNITY_HARDWARE_TIER2 UNITY_COLORSPACE_GAMMA UNITY_LIGHT_PROBE_PROXY_VOLUME UNITY_LIGHTMAP_DLDR_ENCODING UNITY_LIGHTMAP_FULL_HDR UNITY_VIRTUAL_TEXTURING UNITY_PRETRANSFORM_TO_DISPLAY_ORIENTATION UNITY_ASTC_NORMALMAP_ENCODING SHADER_API_GLES30 SHADER_API_GLES31 SHADER_API_GLES32 UNITY_UNIFIED_SHADER_PRECISION_MODEL flags=268435456 lang=3 type=Vertex platform=d3d11 reqs=1101803 mask=6 start=56
RunExternalCompiler: begin name=FXC
RunExternalCompiler: end
compileSnippet complete
 ok=1 outsize=574

Cmd: compileSnippet
  insize=2430 file=Packages/com.unity.render-pipelines.universal/Shaders/XR/XROcclusionMesh.shader name=Hidden/Universal Render Pipeline/XR/XROcclusionMesh pass=<Unnamed Pass 0> ppOnly=0 stripLineD=0 buildPlatform=13 rsLen=0 pKW=UNITY_NO_DXT5nm UNITY_NO_RGBM UNITY_ENABLE_REFLECTION_BUFFERS UNITY_NO_CUBEMAP_ARRAY UNITY_NO_SCREENSPACE_SHADOWS UNITY_PBS_USE_BRDF2 SHADER_API_MOBILE UNITY_HARDWARE_TIER3 UNITY_LIGHTMAP_RGBM_ENCODING UNITY_PLATFORM_SUPPORTS_DEPTH_FETCH uKW= dKW=XR_OCCLUSION_MESH_COMBINED UNITY_FRAMEBUFFER_FETCH_AVAILABLE UNITY_METAL_SHADOWS_USE_POINT_FILTERING UNITY_USE_DITHER_MASK_FOR_ALPHABLENDED_SHADOWS UNITY_PBS_USE_BRDF1 UNITY_PBS_USE_BRDF3 UNITY_SPECCUBE_BOX_PROJECTION UNITY_SPECCUBE_BLENDING UNITY_ENABLE_DETAIL_NORMALMAP UNITY_HARDWARE_TIER1 UNITY_HARDWARE_TIER2 UNITY_COLORSPACE_GAMMA UNITY_LIGHT_PROBE_PROXY_VOLUME UNITY_LIGHTMAP_DLDR_ENCODING UNITY_LIGHTMAP_FULL_HDR UNITY_VIRTUAL_TEXTURING UNITY_PRETRANSFORM_TO_DISPLAY_ORIENTATION UNITY_ASTC_NORMALMAP_ENCODING SHADER_API_GLES30 SHADER_API_GLES31 SHADER_API_GLES32 UNITY_UNIFIED_SHADER_PRECISION_MODEL flags=268435456 lang=3 type=Fragment platform=d3d11 reqs=33 mask=6 start=64
RunExternalCompiler: begin name=FXC
RunExternalCompiler: end
compileSnippet complete
 ok=1 outsize=214

Cmd: compileSnippet
  insize=11851 file=Packages/com.unity.render-pipelines.universal/Shaders/PostProcessing/Bloom.shader name=Hidden/Universal Render Pipeline/Bloom pass=Bloom Blur Horizontal ppOnly=0 stripLineD=0 buildPlatform=13 rsLen=0 pKW=UNITY_NO_DXT5nm UNITY_NO_RGBM UNITY_ENABLE_REFLECTION_BUFFERS UNITY_NO_CUBEMAP_ARRAY UNITY_NO_SCREENSPACE_SHADOWS UNITY_PBS_USE_BRDF2 SHADER_API_MOBILE UNITY_HARDWARE_TIER3 UNITY_LIGHTMAP_RGBM_ENCODING UNITY_PLATFORM_SUPPORTS_DEPTH_FETCH uKW= dKW=UNITY_FRAMEBUFFER_FETCH_AVAILABLE UNITY_METAL_SHADOWS_USE_POINT_FILTERING UNITY_USE_DITHER_MASK_FOR_ALPHABLENDED_SHADOWS UNITY_PBS_USE_BRDF1 UNITY_PBS_USE_BRDF3 UNITY_SPECCUBE_BOX_PROJECTION UNITY_SPECCUBE_BLENDING UNITY_ENABLE_DETAIL_NORMALMAP UNITY_HARDWARE_TIER1 UNITY_HARDWARE_TIER2 UNITY_COLORSPACE_GAMMA UNITY_LIGHT_PROBE_PROXY_VOLUME UNITY_LIGHTMAP_DLDR_ENCODING UNITY_LIGHTMAP_FULL_HDR UNITY_VIRTUAL_TEXTURING UNITY_PRETRANSFORM_TO_DISPLAY_ORIENTATION UNITY_ASTC_NORMALMAP_ENCODING SHADER_API_GLES30 SHADER_API_GLES31 SHADER_API_GLES32 UNITY_UNIFIED_SHADER_PRECISION_MODEL flags=268435456 lang=3 type=Fragment platform=d3d11 reqs=33 mask=6 start=270
RunExternalCompiler: begin name=FXC
RunExternalCompiler: end
compileSnippet complete
 ok=1 outsize=1770

Cmd: compileSnippet
  insize=1384 file=Packages/com.unity.render-pipelines.core/Runtime/Debug/ProbeVolumeFragmentationDebug.shader name=Hidden/Core/ProbeVolumeFragmentationDebug pass=<Unnamed Pass 0> ppOnly=0 stripLineD=0 buildPlatform=13 rsLen=0 pKW=UNITY_NO_DXT5nm UNITY_NO_RGBM UNITY_ENABLE_REFLECTION_BUFFERS UNITY_NO_CUBEMAP_ARRAY UNITY_NO_SCREENSPACE_SHADOWS UNITY_PBS_USE_BRDF2 SHADER_API_MOBILE UNITY_HARDWARE_TIER3 UNITY_LIGHTMAP_RGBM_ENCODING UNITY_PLATFORM_SUPPORTS_DEPTH_FETCH uKW= dKW=UNITY_FRAMEBUFFER_FETCH_AVAILABLE UNITY_METAL_SHADOWS_USE_POINT_FILTERING UNITY_USE_DITHER_MASK_FOR_ALPHABLENDED_SHADOWS UNITY_PBS_USE_BRDF1 UNITY_PBS_USE_BRDF3 UNITY_SPECCUBE_BOX_PROJECTION UNITY_SPECCUBE_BLENDING UNITY_ENABLE_DETAIL_NORMALMAP UNITY_HARDWARE_TIER1 UNITY_HARDWARE_TIER2 UNITY_COLORSPACE_GAMMA UNITY_LIGHT_PROBE_PROXY_VOLUME UNITY_LIGHTMAP_DLDR_ENCODING UNITY_LIGHTMAP_FULL_HDR UNITY_VIRTUAL_TEXTURING UNITY_PRETRANSFORM_TO_DISPLAY_ORIENTATION UNITY_ASTC_NORMALMAP_ENCODING SHADER_API_GLES30 SHADER_API_GLES31 SHADER_API_GLES32 UNITY_UNIFIED_SHADER_PRECISION_MODEL flags=268435456 lang=3 type=Vertex platform=d3d11 reqs=1101803 mask=6 start=13
RunExternalCompiler: begin name=FXC
RunExternalCompiler: end
compileSnippet complete
 ok=1 outsize=534

Cmd: compileSnippet
  insize=5864 file=Packages/com.unity.render-pipelines.universal/Shaders/PostProcessing/CameraMotionBlur.shader name=Hidden/Universal Render Pipeline/CameraMotionBlur pass=Camera And Object Motion Blur - Low Quality ppOnly=0 stripLineD=0 buildPlatform=13 rsLen=0 pKW=UNITY_NO_DXT5nm UNITY_NO_RGBM UNITY_ENABLE_REFLECTION_BUFFERS UNITY_NO_CUBEMAP_ARRAY UNITY_NO_SCREENSPACE_SHADOWS UNITY_PBS_USE_BRDF2 SHADER_API_MOBILE UNITY_HARDWARE_TIER3 UNITY_LIGHTMAP_RGBM_ENCODING UNITY_PLATFORM_SUPPORTS_DEPTH_FETCH uKW= dKW=_ENABLE_ALPHA_OUTPUT UNITY_FRAMEBUFFER_FETCH_AVAILABLE UNITY_METAL_SHADOWS_USE_POINT_FILTERING UNITY_USE_DITHER_MASK_FOR_ALPHABLENDED_SHADOWS UNITY_PBS_USE_BRDF1 UNITY_PBS_USE_BRDF3 UNITY_SPECCUBE_BOX_PROJECTION UNITY_SPECCUBE_BLENDING UNITY_ENABLE_DETAIL_NORMALMAP UNITY_HARDWARE_TIER1 UNITY_HARDWARE_TIER2 UNITY_COLORSPACE_GAMMA UNITY_LIGHT_PROBE_PROXY_VOLUME UNITY_LIGHTMAP_DLDR_ENCODING UNITY_LIGHTMAP_FULL_HDR UNITY_VIRTUAL_TEXTURING UNITY_PRETRANSFORM_TO_DISPLAY_ORIENTATION UNITY_ASTC_NORMALMAP_ENCODING SHADER_API_GLES30 SHADER_API_GLES31 SHADER_API_GLES32 UNITY_UNIFIED_SHADER_PRECISION_MODEL flags=268435456 lang=3 type=Fragment platform=d3d11 reqs=33 mask=6 start=190
RunExternalCompiler: begin name=FXC
RunExternalCompiler: end
compileSnippet complete
 ok=1 outsize=1366

Cmd: compileSnippet
  insize=954 file=Packages/com.unity.xr.compositionlayers/Runtime/Shaders/BlitCopyHDR.shader name=Unlit/XRCompositionLayers/BlitCopyHDR pass=FORWARD ppOnly=0 stripLineD=0 buildPlatform=13 rsLen=0 pKW=UNITY_NO_DXT5nm UNITY_NO_RGBM UNITY_ENABLE_REFLECTION_BUFFERS UNITY_NO_CUBEMAP_ARRAY UNITY_NO_SCREENSPACE_SHADOWS UNITY_PBS_USE_BRDF2 SHADER_API_MOBILE UNITY_HARDWARE_TIER3 UNITY_LIGHTMAP_RGBM_ENCODING UNITY_PLATFORM_SUPPORTS_DEPTH_FETCH UNITY_PASS_FORWARDBASE uKW= dKW=COMPOSITION_LAYERS_DISABLE_TEXTURE2D_X_ARRAY UNITY_FRAMEBUFFER_FETCH_AVAILABLE UNITY_METAL_SHADOWS_USE_POINT_FILTERING UNITY_USE_DITHER_MASK_FOR_ALPHABLENDED_SHADOWS UNITY_PBS_USE_BRDF1 UNITY_PBS_USE_BRDF3 UNITY_SPECCUBE_BOX_PROJECTION UNITY_SPECCUBE_BLENDING UNITY_ENABLE_DETAIL_NORMALMAP UNITY_HARDWARE_TIER1 UNITY_HARDWARE_TIER2 UNITY_COLORSPACE_GAMMA UNITY_LIGHT_PROBE_PROXY_VOLUME UNITY_LIGHTMAP_DLDR_ENCODING UNITY_LIGHTMAP_FULL_HDR UNITY_VIRTUAL_TEXTURING UNITY_PRETRANSFORM_TO_DISPLAY_ORIENTATION UNITY_ASTC_NORMALMAP_ENCODING SHADER_API_GLES30 SHADER_API_GLES31 SHADER_API_GLES32 UNITY_UNIFIED_SHADER_PRECISION_MODEL flags=268435456 lang=0 type=Fragment platform=d3d11 reqs=33 mask=6 start=123
RunExternalCompiler: begin name=FXC
RunExternalCompiler: end
compileSnippet complete
 ok=1 outsize=3006

Cmd: compileSnippet
  insize=2938 file=Packages/com.unity.render-pipelines.universal/Shaders/Particles/ParticlesUnlit.shader name=Universal Render Pipeline/Particles/Unlit pass=DepthNormalsOnly ppOnly=0 stripLineD=0 buildPlatform=13 rsLen=0 pKW=UNITY_NO_DXT5nm UNITY_NO_RGBM UNITY_ENABLE_REFLECTION_BUFFERS UNITY_NO_CUBEMAP_ARRAY UNITY_NO_SCREENSPACE_SHADOWS UNITY_PBS_USE_BRDF2 SHADER_API_MOBILE UNITY_HARDWARE_TIER3 UNITY_LIGHTMAP_RGBM_ENCODING UNITY_PLATFORM_SUPPORTS_DEPTH_FETCH uKW= dKW=DOTS_INSTANCING_ON INSTANCING_ON PROCEDURAL_INSTANCING_ON _NORMALMAP _ALPHATEST_ON UNITY_FRAMEBUFFER_FETCH_AVAILABLE UNITY_METAL_SHADOWS_USE_POINT_FILTERING UNITY_USE_DITHER_MASK_FOR_ALPHABLENDED_SHADOWS UNITY_PBS_USE_BRDF1 UNITY_PBS_USE_BRDF3 UNITY_SPECCUBE_BOX_PROJECTION UNITY_SPECCUBE_BLENDING UNITY_ENABLE_DETAIL_NORMALMAP UNITY_HARDWARE_TIER1 UNITY_HARDWARE_TIER2 UNITY_COLORSPACE_GAMMA UNITY_LIGHT_PROBE_PROXY_VOLUME UNITY_LIGHTMAP_DLDR_ENCODING UNITY_LIGHTMAP_FULL_HDR UNITY_VIRTUAL_TEXTURING UNITY_PRETRANSFORM_TO_DISPLAY_ORIENTATION UNITY_ASTC_NORMALMAP_ENCODING SHADER_API_GLES30 SHADER_API_GLES31 SHADER_API_GLES32 UNITY_UNIFIED_SHADER_PRECISION_MODEL flags=268435456 lang=3 type=Vertex platform=d3d11 reqs=1 mask=6 start=186
RunExternalCompiler: begin name=FXC
RunExternalCompiler: end
compileSnippet complete
 ok=1 outsize=1290

Cmd: compileSnippet
  insize=2951 file=Packages/com.unity.render-pipelines.universal/Shaders/Lit.shader name=Universal Render Pipeline/Lit pass=DepthNormals ppOnly=0 stripLineD=0 buildPlatform=13 rsLen=0 pKW=UNITY_NO_DXT5nm UNITY_NO_RGBM UNITY_ENABLE_REFLECTION_BUFFERS UNITY_NO_CUBEMAP_ARRAY UNITY_NO_SCREENSPACE_SHADOWS UNITY_PBS_USE_BRDF2 SHADER_API_MOBILE UNITY_HARDWARE_TIER3 UNITY_LIGHTMAP_RGBM_ENCODING UNITY_PLATFORM_SUPPORTS_DEPTH_FETCH uKW= dKW=_WRITE_RENDERING_LAYERS LOD_FADE_CROSSFADE DOTS_INSTANCING_ON INSTANCING_ON _SMOOTHNESS_TEXTURE_ALBEDO_CHANNEL_A _NORMALMAP _PARALLAXMAP _DETAIL_MULX2 _DETAIL_SCALED _ALPHATEST_ON UNITY_FRAMEBUFFER_FETCH_AVAILABLE UNITY_METAL_SHADOWS_USE_POINT_FILTERING UNITY_USE_DITHER_MASK_FOR_ALPHABLENDED_SHADOWS UNITY_PBS_USE_BRDF1 UNITY_PBS_USE_BRDF3 UNITY_SPECCUBE_BOX_PROJECTION UNITY_SPECCUBE_BLENDING UNITY_ENABLE_DETAIL_NORMALMAP UNITY_HARDWARE_TIER1 UNITY_HARDWARE_TIER2 UNITY_COLORSPACE_GAMMA UNITY_LIGHT_PROBE_PROXY_VOLUME UNITY_LIGHTMAP_DLDR_ENCODING UNITY_LIGHTMAP_FULL_HDR UNITY_VIRTUAL_TEXTURING UNITY_PRETRANSFORM_TO_DISPLAY_ORIENTATION UNITY_ASTC_NORMALMAP_ENCODING SHADER_API_GLES30 SHADER_API_GLES31 SHADER_API_GLES32 UNITY_UNIFIED_SHADER_PRECISION_MODEL flags=268435456 lang=3 type=Fragment platform=d3d11 reqs=1 mask=6 start=385
RunExternalCompiler: begin name=FXC
RunExternalCompiler: end
compileSnippet complete
 ok=1 outsize=498

Cmd: compileSnippet
  insize=2503 file=Packages/com.unity.render-pipelines.universal/Shaders/Particles/ParticlesSimpleLit.shader name=Universal Render Pipeline/Particles/Simple Lit pass=SceneSelectionPass ppOnly=0 stripLineD=0 buildPlatform=13 rsLen=0 pKW=UNITY_NO_DXT5nm UNITY_NO_RGBM UNITY_ENABLE_REFLECTION_BUFFERS UNITY_NO_CUBEMAP_ARRAY UNITY_NO_SCREENSPACE_SHADOWS UNITY_PBS_USE_BRDF2 SHADER_API_MOBILE UNITY_HARDWARE_TIER3 UNITY_LIGHTMAP_RGBM_ENCODING UNITY_PLATFORM_SUPPORTS_DEPTH_FETCH uKW= dKW=DOTS_INSTANCING_ON INSTANCING_ON PROCEDURAL_INSTANCING_ON _FLIPBOOKBLENDING_ON UNITY_FRAMEBUFFER_FETCH_AVAILABLE UNITY_METAL_SHADOWS_USE_POINT_FILTERING UNITY_USE_DITHER_MASK_FOR_ALPHABLENDED_SHADOWS UNITY_PBS_USE_BRDF1 UNITY_PBS_USE_BRDF3 UNITY_SPECCUBE_BOX_PROJECTION UNITY_SPECCUBE_BLENDING UNITY_ENABLE_DETAIL_NORMALMAP UNITY_HARDWARE_TIER1 UNITY_HARDWARE_TIER2 UNITY_COLORSPACE_GAMMA UNITY_LIGHT_PROBE_PROXY_VOLUME UNITY_LIGHTMAP_DLDR_ENCODING UNITY_LIGHTMAP_FULL_HDR UNITY_VIRTUAL_TEXTURING UNITY_PRETRANSFORM_TO_DISPLAY_ORIENTATION UNITY_ASTC_NORMALMAP_ENCODING SHADER_API_GLES30 SHADER_API_GLES31 SHADER_API_GLES32 UNITY_UNIFIED_SHADER_PRECISION_MODEL flags=268435456 lang=3 type=Vertex platform=d3d11 reqs=1 mask=6 start=353
RunExternalCompiler: begin name=FXC
RunExternalCompiler: end
compileSnippet complete
 ok=1 outsize=862

Cmd: compileSnippet
  insize=8577 file=Packages/com.unity.render-pipelines.universal/Shaders/PostProcessing/GaussianDepthOfField.shader name=Hidden/Universal Render Pipeline/GaussianDepthOfField pass=Gaussian Depth Of Field Blur Vertical ppOnly=0 stripLineD=0 buildPlatform=13 rsLen=0 pKW=UNITY_NO_DXT5nm UNITY_NO_RGBM UNITY_ENABLE_REFLECTION_BUFFERS UNITY_NO_CUBEMAP_ARRAY UNITY_NO_SCREENSPACE_SHADOWS UNITY_PBS_USE_BRDF2 SHADER_API_MOBILE UNITY_HARDWARE_TIER3 UNITY_LIGHTMAP_RGBM_ENCODING UNITY_PLATFORM_SUPPORTS_DEPTH_FETCH uKW= dKW=_ENABLE_ALPHA_OUTPUT UNITY_FRAMEBUFFER_FETCH_AVAILABLE UNITY_METAL_SHADOWS_USE_POINT_FILTERING UNITY_USE_DITHER_MASK_FOR_ALPHABLENDED_SHADOWS UNITY_PBS_USE_BRDF1 UNITY_PBS_USE_BRDF3 UNITY_SPECCUBE_BOX_PROJECTION UNITY_SPECCUBE_BLENDING UNITY_ENABLE_DETAIL_NORMALMAP UNITY_HARDWARE_TIER1 UNITY_HARDWARE_TIER2 UNITY_COLORSPACE_GAMMA UNITY_LIGHT_PROBE_PROXY_VOLUME UNITY_LIGHTMAP_DLDR_ENCODING UNITY_LIGHTMAP_FULL_HDR UNITY_VIRTUAL_TEXTURING UNITY_PRETRANSFORM_TO_DISPLAY_ORIENTATION UNITY_ASTC_NORMALMAP_ENCODING SHADER_API_GLES30 SHADER_API_GLES31 SHADER_API_GLES32 UNITY_UNIFIED_SHADER_PRECISION_MODEL flags=268435456 lang=3 type=Fragment platform=d3d11 reqs=4075 mask=6 start=271
RunExternalCompiler: begin name=FXC
RunExternalCompiler: end
compileSnippet complete
 ok=1 outsize=1746

Cmd: compileSnippet
  insize=1855 file=Packages/com.unity.render-pipelines.universal/Shaders/Unlit.shader name=Universal Render Pipeline/Unlit pass=XRMotionVectors ppOnly=0 stripLineD=0 buildPlatform=13 rsLen=0 pKW=UNITY_NO_DXT5nm UNITY_NO_RGBM UNITY_ENABLE_REFLECTION_BUFFERS UNITY_NO_CUBEMAP_ARRAY UNITY_NO_SCREENSPACE_SHADOWS UNITY_PBS_USE_BRDF2 SHADER_API_MOBILE UNITY_HARDWARE_TIER3 UNITY_LIGHTMAP_RGBM_ENCODING UNITY_PLATFORM_SUPPORTS_DEPTH_FETCH uKW= dKW=LOD_FADE_CROSSFADE APPLICATION_SPACE_WARP_MOTION_TRANSPARENT DOTS_INSTANCING_ON INSTANCING_ON _ADD_PRECOMPUTED_VELOCITY _ALPHATEST_ON UNITY_FRAMEBUFFER_FETCH_AVAILABLE UNITY_METAL_SHADOWS_USE_POINT_FILTERING UNITY_USE_DITHER_MASK_FOR_ALPHABLENDED_SHADOWS UNITY_PBS_USE_BRDF1 UNITY_PBS_USE_BRDF3 UNITY_SPECCUBE_BOX_PROJECTION UNITY_SPECCUBE_BLENDING UNITY_ENABLE_DETAIL_NORMALMAP UNITY_HARDWARE_TIER1 UNITY_HARDWARE_TIER2 UNITY_COLORSPACE_GAMMA UNITY_LIGHT_PROBE_PROXY_VOLUME UNITY_LIGHTMAP_DLDR_ENCODING UNITY_LIGHTMAP_FULL_HDR UNITY_VIRTUAL_TEXTURING UNITY_PRETRANSFORM_TO_DISPLAY_ORIENTATION UNITY_ASTC_NORMALMAP_ENCODING SHADER_API_GLES30 SHADER_API_GLES31 SHADER_API_GLES32 UNITY_UNIFIED_SHADER_PRECISION_MODEL flags=268435456 lang=3 type=Vertex platform=d3d11 reqs=4075 mask=6 start=292
RunExternalCompiler: begin name=FXC
RunExternalCompiler: end
compileSnippet complete
 ok=1 outsize=1198

Cmd: compileSnippet
  insize=3155 file=Packages/com.unity.render-pipelines.core/Tests/Editor/SimpleDots.shader name=Unlit/SimpleDots pass=<Unnamed Pass 0> ppOnly=0 stripLineD=0 buildPlatform=13 rsLen=0 pKW=UNITY_NO_DXT5nm UNITY_NO_RGBM UNITY_ENABLE_REFLECTION_BUFFERS UNITY_NO_CUBEMAP_ARRAY UNITY_NO_SCREENSPACE_SHADOWS UNITY_PBS_USE_BRDF2 SHADER_API_MOBILE UNITY_HARDWARE_TIER3 UNITY_LIGHTMAP_RGBM_ENCODING UNITY_PLATFORM_SUPPORTS_DEPTH_FETCH uKW= dKW=DOTS_INSTANCING_ON UNITY_FRAMEBUFFER_FETCH_AVAILABLE UNITY_METAL_SHADOWS_USE_POINT_FILTERING UNITY_USE_DITHER_MASK_FOR_ALPHABLENDED_SHADOWS UNITY_PBS_USE_BRDF1 UNITY_PBS_USE_BRDF3 UNITY_SPECCUBE_BOX_PROJECTION UNITY_SPECCUBE_BLENDING UNITY_ENABLE_DETAIL_NORMALMAP UNITY_HARDWARE_TIER1 UNITY_HARDWARE_TIER2 UNITY_COLORSPACE_GAMMA UNITY_LIGHT_PROBE_PROXY_VOLUME UNITY_LIGHTMAP_DLDR_ENCODING UNITY_LIGHTMAP_FULL_HDR UNITY_VIRTUAL_TEXTURING UNITY_PRETRANSFORM_TO_DISPLAY_ORIENTATION UNITY_ASTC_NORMALMAP_ENCODING SHADER_API_GLES30 SHADER_API_GLES31 SHADER_API_GLES32 UNITY_UNIFIED_SHADER_PRECISION_MODEL flags=268435456 lang=3 type=Vertex platform=d3d11 reqs=1101803 mask=6 start=14
RunExternalCompiler: begin name=FXC
RunExternalCompiler: end
compileSnippet complete
 ok=1 outsize=582

Cmd: compileSnippet
  insize=1845 file=Packages/com.unity.render-pipelines.core/Runtime/RenderPipelineResources/GPUDriven/DebugOccluder.shader name=Hidden/Core/DebugOccluder pass=DebugOccluder ppOnly=0 stripLineD=0 buildPlatform=13 rsLen=0 pKW=UNITY_NO_DXT5nm UNITY_NO_RGBM UNITY_ENABLE_REFLECTION_BUFFERS UNITY_NO_CUBEMAP_ARRAY UNITY_NO_SCREENSPACE_SHADOWS UNITY_PBS_USE_BRDF2 SHADER_API_MOBILE UNITY_HARDWARE_TIER3 UNITY_LIGHTMAP_RGBM_ENCODING UNITY_PLATFORM_SUPPORTS_DEPTH_FETCH uKW= dKW=UNITY_FRAMEBUFFER_FETCH_AVAILABLE UNITY_METAL_SHADOWS_USE_POINT_FILTERING UNITY_USE_DITHER_MASK_FOR_ALPHABLENDED_SHADOWS UNITY_PBS_USE_BRDF1 UNITY_PBS_USE_BRDF3 UNITY_SPECCUBE_BOX_PROJECTION UNITY_SPECCUBE_BLENDING UNITY_ENABLE_DETAIL_NORMALMAP UNITY_HARDWARE_TIER1 UNITY_HARDWARE_TIER2 UNITY_COLORSPACE_GAMMA UNITY_LIGHT_PROBE_PROXY_VOLUME UNITY_LIGHTMAP_DLDR_ENCODING UNITY_LIGHTMAP_FULL_HDR UNITY_VIRTUAL_TEXTURING UNITY_PRETRANSFORM_TO_DISPLAY_ORIENTATION UNITY_ASTC_NORMALMAP_ENCODING SHADER_API_GLES30 SHADER_API_GLES31 SHADER_API_GLES32 UNITY_UNIFIED_SHADER_PRECISION_MODEL flags=268435456 lang=3 type=Vertex platform=d3d11 reqs=1101803 mask=6 start=51
RunExternalCompiler: begin name=FXC
RunExternalCompiler: end
  error: 1 plat 4 at Packages/com.unity.render-pipelines.core/Runtime/RenderPipelineResources/GPUDriven/DebugOccluder.shader(36): implicit truncation of vector type
compileSnippet complete
 ok=1 outsize=534

Cmd: compileSnippet
  insize=1343 file=Packages/com.unity.render-pipelines.universal/Shaders/2D/Shadow2D-Unshadow-Geometry.shader name=Hidden/Shadow2DUnshadowGeometry pass=Geometry Unshadow (0) - Stencil: Ref 1, Comp Always, Pass Replace ppOnly=0 stripLineD=0 buildPlatform=13 rsLen=0 pKW=UNITY_NO_DXT5nm UNITY_NO_RGBM UNITY_ENABLE_REFLECTION_BUFFERS UNITY_NO_CUBEMAP_ARRAY UNITY_NO_SCREENSPACE_SHADOWS UNITY_PBS_USE_BRDF2 SHADER_API_MOBILE UNITY_HARDWARE_TIER3 UNITY_LIGHTMAP_RGBM_ENCODING UNITY_PLATFORM_SUPPORTS_DEPTH_FETCH uKW= dKW=UNITY_FRAMEBUFFER_FETCH_AVAILABLE UNITY_METAL_SHADOWS_USE_POINT_FILTERING UNITY_USE_DITHER_MASK_FOR_ALPHABLENDED_SHADOWS UNITY_PBS_USE_BRDF1 UNITY_PBS_USE_BRDF3 UNITY_SPECCUBE_BOX_PROJECTION UNITY_SPECCUBE_BLENDING UNITY_ENABLE_DETAIL_NORMALMAP UNITY_HARDWARE_TIER1 UNITY_HARDWARE_TIER2 UNITY_COLORSPACE_GAMMA UNITY_LIGHT_PROBE_PROXY_VOLUME UNITY_LIGHTMAP_DLDR_ENCODING UNITY_LIGHTMAP_FULL_HDR UNITY_VIRTUAL_TEXTURING UNITY_PRETRANSFORM_TO_DISPLAY_ORIENTATION UNITY_ASTC_NORMALMAP_ENCODING SHADER_API_GLES30 SHADER_API_GLES31 SHADER_API_GLES32 UNITY_UNIFIED_SHADER_PRECISION_MODEL flags=268435456 lang=3 type=Fragment platform=d3d11 reqs=33 mask=6 start=28
RunExternalCompiler: begin name=FXC
RunExternalCompiler: end
compileSnippet complete
 ok=1 outsize=342

Cmd: compileSnippet
  insize=3827 file=Packages/com.unity.render-pipelines.universal/Shaders/Utils/BlitHDROverlay.shader name=Hidden/Universal/BlitHDROverlay pass=NearestDebugDraw ppOnly=0 stripLineD=0 buildPlatform=13 rsLen=0 pKW=UNITY_NO_DXT5nm UNITY_NO_RGBM UNITY_ENABLE_REFLECTION_BUFFERS UNITY_NO_CUBEMAP_ARRAY UNITY_NO_SCREENSPACE_SHADOWS UNITY_PBS_USE_BRDF2 SHADER_API_MOBILE UNITY_HARDWARE_TIER3 UNITY_LIGHTMAP_RGBM_ENCODING UNITY_PLATFORM_SUPPORTS_DEPTH_FETCH uKW= dKW=UNITY_FRAMEBUFFER_FETCH_AVAILABLE UNITY_METAL_SHADOWS_USE_POINT_FILTERING UNITY_USE_DITHER_MASK_FOR_ALPHABLENDED_SHADOWS UNITY_PBS_USE_BRDF1 UNITY_PBS_USE_BRDF3 UNITY_SPECCUBE_BOX_PROJECTION UNITY_SPECCUBE_BLENDING UNITY_ENABLE_DETAIL_NORMALMAP UNITY_HARDWARE_TIER1 UNITY_HARDWARE_TIER2 UNITY_COLORSPACE_GAMMA UNITY_LIGHT_PROBE_PROXY_VOLUME UNITY_LIGHTMAP_DLDR_ENCODING UNITY_LIGHTMAP_FULL_HDR UNITY_VIRTUAL_TEXTURING UNITY_PRETRANSFORM_TO_DISPLAY_ORIENTATION UNITY_ASTC_NORMALMAP_ENCODING SHADER_API_GLES30 SHADER_API_GLES31 SHADER_API_GLES32 UNITY_UNIFIED_SHADER_PRECISION_MODEL flags=268435456 lang=3 type=Vertex platform=d3d11 reqs=1 mask=6 start=101
RunExternalCompiler: begin name=FXC
RunExternalCompiler: end
compileSnippet complete
 ok=1 outsize=582

Cmd: compileSnippet
  insize=1131 file=Packages/com.unity.render-pipelines.universal/Shaders/Utils/CoreBlitColorAndDepth.shader name=Hidden/Universal/CoreBlitColorAndDepth pass=ColorOnly ppOnly=0 stripLineD=0 buildPlatform=13 rsLen=0 pKW=UNITY_NO_DXT5nm UNITY_NO_RGBM UNITY_ENABLE_REFLECTION_BUFFERS UNITY_NO_CUBEMAP_ARRAY UNITY_NO_SCREENSPACE_SHADOWS UNITY_PBS_USE_BRDF2 SHADER_API_MOBILE UNITY_HARDWARE_TIER3 UNITY_LIGHTMAP_RGBM_ENCODING UNITY_PLATFORM_SUPPORTS_DEPTH_FETCH uKW= dKW=_MSAA_2X _MSAA_4X _MSAA_8X UNITY_FRAMEBUFFER_FETCH_AVAILABLE UNITY_METAL_SHADOWS_USE_POINT_FILTERING UNITY_USE_DITHER_MASK_FOR_ALPHABLENDED_SHADOWS UNITY_PBS_USE_BRDF1 UNITY_PBS_USE_BRDF3 UNITY_SPECCUBE_BOX_PROJECTION UNITY_SPECCUBE_BLENDING UNITY_ENABLE_DETAIL_NORMALMAP UNITY_HARDWARE_TIER1 UNITY_HARDWARE_TIER2 UNITY_COLORSPACE_GAMMA UNITY_LIGHT_PROBE_PROXY_VOLUME UNITY_LIGHTMAP_DLDR_ENCODING UNITY_LIGHTMAP_FULL_HDR UNITY_VIRTUAL_TEXTURING UNITY_PRETRANSFORM_TO_DISPLAY_ORIENTATION UNITY_ASTC_NORMALMAP_ENCODING SHADER_API_GLES30 SHADER_API_GLES31 SHADER_API_GLES32 UNITY_UNIFIED_SHADER_PRECISION_MODEL flags=268435456 lang=3 type=Fragment platform=d3d11 reqs=1 mask=6 start=21
RunExternalCompiler: begin name=FXC
RunExternalCompiler: end
compileSnippet complete
 ok=1 outsize=406

Cmd: compileSnippet
  insize=1652 file=Packages/com.unity.render-pipelines.universal/Shaders/XR/XRMirrorView.shader name=Hidden/Universal Render Pipeline/XR/XRMirrorView pass=<Unnamed Pass 0> ppOnly=0 stripLineD=0 buildPlatform=13 rsLen=0 pKW=UNITY_NO_DXT5nm UNITY_NO_RGBM UNITY_ENABLE_REFLECTION_BUFFERS UNITY_NO_CUBEMAP_ARRAY UNITY_NO_SCREENSPACE_SHADOWS UNITY_PBS_USE_BRDF2 SHADER_API_MOBILE UNITY_HARDWARE_TIER3 UNITY_LIGHTMAP_RGBM_ENCODING UNITY_PLATFORM_SUPPORTS_DEPTH_FETCH uKW= dKW=DISABLE_TEXTURE2D_X_ARRAY HDR_COLORSPACE_CONVERSION_AND_ENCODING UNITY_FRAMEBUFFER_FETCH_AVAILABLE UNITY_METAL_SHADOWS_USE_POINT_FILTERING UNITY_USE_DITHER_MASK_FOR_ALPHABLENDED_SHADOWS UNITY_PBS_USE_BRDF1 UNITY_PBS_USE_BRDF3 UNITY_SPECCUBE_BOX_PROJECTION UNITY_SPECCUBE_BLENDING UNITY_ENABLE_DETAIL_NORMALMAP UNITY_HARDWARE_TIER1 UNITY_HARDWARE_TIER2 UNITY_COLORSPACE_GAMMA UNITY_LIGHT_PROBE_PROXY_VOLUME UNITY_LIGHTMAP_DLDR_ENCODING UNITY_LIGHTMAP_FULL_HDR UNITY_VIRTUAL_TEXTURING UNITY_PRETRANSFORM_TO_DISPLAY_ORIENTATION UNITY_ASTC_NORMALMAP_ENCODING SHADER_API_GLES30 SHADER_API_GLES31 SHADER_API_GLES32 UNITY_UNIFIED_SHADER_PRECISION_MODEL flags=268435456 lang=3 type=Fragment platform=d3d11 reqs=33 mask=6 start=16
RunExternalCompiler: begin name=FXC
RunExternalCompiler: end
compileSnippet complete
 ok=1 outsize=1290

Cmd: compileSnippet
  insize=1296 file=Packages/com.unity.render-pipelines.universal/Shaders/SimpleLit.shader name=Universal Render Pipeline/Simple Lit pass=Universal2D ppOnly=0 stripLineD=0 buildPlatform=13 rsLen=0 pKW=UNITY_NO_DXT5nm UNITY_NO_RGBM UNITY_ENABLE_REFLECTION_BUFFERS UNITY_NO_CUBEMAP_ARRAY UNITY_NO_SCREENSPACE_SHADOWS UNITY_PBS_USE_BRDF2 SHADER_API_MOBILE UNITY_HARDWARE_TIER3 UNITY_LIGHTMAP_RGBM_ENCODING UNITY_PLATFORM_SUPPORTS_DEPTH_FETCH uKW= dKW=_ALPHATEST_ON _ALPHAPREMULTIPLY_ON UNITY_FRAMEBUFFER_FETCH_AVAILABLE UNITY_METAL_SHADOWS_USE_POINT_FILTERING UNITY_USE_DITHER_MASK_FOR_ALPHABLENDED_SHADOWS UNITY_PBS_USE_BRDF1 UNITY_PBS_USE_BRDF3 UNITY_SPECCUBE_BOX_PROJECTION UNITY_SPECCUBE_BLENDING UNITY_ENABLE_DETAIL_NORMALMAP UNITY_HARDWARE_TIER1 UNITY_HARDWARE_TIER2 UNITY_COLORSPACE_GAMMA UNITY_LIGHT_PROBE_PROXY_VOLUME UNITY_LIGHTMAP_DLDR_ENCODING UNITY_LIGHTMAP_FULL_HDR UNITY_VIRTUAL_TEXTURING UNITY_PRETRANSFORM_TO_DISPLAY_ORIENTATION UNITY_ASTC_NORMALMAP_ENCODING SHADER_API_GLES30 SHADER_API_GLES31 SHADER_API_GLES32 UNITY_UNIFIED_SHADER_PRECISION_MODEL flags=268435456 lang=3 type=Fragment platform=d3d11 reqs=1 mask=6 start=420
RunExternalCompiler: begin name=FXC
RunExternalCompiler: end
compileSnippet complete
 ok=1 outsize=474

Cmd: compileSnippet
  insize=1859 file=Packages/com.unity.render-pipelines.universal/Shaders/SimpleLit.shader name=Universal Render Pipeline/Simple Lit pass=XRMotionVectors ppOnly=0 stripLineD=0 buildPlatform=13 rsLen=0 pKW=UNITY_NO_DXT5nm UNITY_NO_RGBM UNITY_ENABLE_REFLECTION_BUFFERS UNITY_NO_CUBEMAP_ARRAY UNITY_NO_SCREENSPACE_SHADOWS UNITY_PBS_USE_BRDF2 SHADER_API_MOBILE UNITY_HARDWARE_TIER3 UNITY_LIGHTMAP_RGBM_ENCODING UNITY_PLATFORM_SUPPORTS_DEPTH_FETCH uKW= dKW=LOD_FADE_CROSSFADE APPLICATION_SPACE_WARP_MOTION_TRANSPARENT DOTS_INSTANCING_ON INSTANCING_ON _ADD_PRECOMPUTED_VELOCITY _ALPHATEST_ON UNITY_FRAMEBUFFER_FETCH_AVAILABLE UNITY_METAL_SHADOWS_USE_POINT_FILTERING UNITY_USE_DITHER_MASK_FOR_ALPHABLENDED_SHADOWS UNITY_PBS_USE_BRDF1 UNITY_PBS_USE_BRDF3 UNITY_SPECCUBE_BOX_PROJECTION UNITY_SPECCUBE_BLENDING UNITY_ENABLE_DETAIL_NORMALMAP UNITY_HARDWARE_TIER1 UNITY_HARDWARE_TIER2 UNITY_COLORSPACE_GAMMA UNITY_LIGHT_PROBE_PROXY_VOLUME UNITY_LIGHTMAP_DLDR_ENCODING UNITY_LIGHTMAP_FULL_HDR UNITY_VIRTUAL_TEXTURING UNITY_PRETRANSFORM_TO_DISPLAY_ORIENTATION UNITY_ASTC_NORMALMAP_ENCODING SHADER_API_GLES30 SHADER_API_GLES31 SHADER_API_GLES32 UNITY_UNIFIED_SHADER_PRECISION_MODEL flags=268435456 lang=3 type=Vertex platform=d3d11 reqs=4075 mask=6 start=471
RunExternalCompiler: begin name=FXC
RunExternalCompiler: end
compileSnippet complete
 ok=1 outsize=1198

Cmd: compileSnippet
  insize=1010 file=Packages/com.unity.render-pipelines.core/Editor/PostProcessing/LensFlareResource/LensFlareDataDriven.shader name=Hidden/Core/LensFlareDataDrivenPreview2 pass=LensFlareScreen ppOnly=0 stripLineD=0 buildPlatform=13 rsLen=0 pKW=UNITY_NO_DXT5nm UNITY_NO_RGBM UNITY_ENABLE_REFLECTION_BUFFERS UNITY_NO_CUBEMAP_ARRAY UNITY_NO_SCREENSPACE_SHADOWS UNITY_PBS_USE_BRDF2 SHADER_API_MOBILE UNITY_HARDWARE_TIER3 UNITY_LIGHTMAP_RGBM_ENCODING UNITY_PLATFORM_SUPPORTS_DEPTH_FETCH uKW= dKW=FLARE_INVERSE_SDF UNITY_FRAMEBUFFER_FETCH_AVAILABLE UNITY_METAL_SHADOWS_USE_POINT_FILTERING UNITY_USE_DITHER_MASK_FOR_ALPHABLENDED_SHADOWS UNITY_PBS_USE_BRDF1 UNITY_PBS_USE_BRDF3 UNITY_SPECCUBE_BOX_PROJECTION UNITY_SPECCUBE_BLENDING UNITY_ENABLE_DETAIL_NORMALMAP UNITY_HARDWARE_TIER1 UNITY_HARDWARE_TIER2 UNITY_COLORSPACE_GAMMA UNITY_LIGHT_PROBE_PROXY_VOLUME UNITY_LIGHTMAP_DLDR_ENCODING UNITY_LIGHTMAP_FULL_HDR UNITY_VIRTUAL_TEXTURING UNITY_PRETRANSFORM_TO_DISPLAY_ORIENTATION UNITY_ASTC_NORMALMAP_ENCODING SHADER_API_GLES30 SHADER_API_GLES31 SHADER_API_GLES32 UNITY_UNIFIED_SHADER_PRECISION_MODEL flags=268435456 lang=3 type=Fragment platform=d3d11 reqs=227 mask=6 start=45
RunExternalCompiler: begin name=FXC
RunExternalCompiler: end
compileSnippet complete
 ok=1 outsize=8146

Cmd: compileSnippet
  insize=1870 file=Packages/com.unity.render-pipelines.universal/Shaders/Utils/CoreBlit.shader name=Hidden/Universal/CoreBlit pass=BilinearQuadPaddingOctahedral ppOnly=0 stripLineD=0 buildPlatform=13 rsLen=0 pKW=UNITY_NO_DXT5nm UNITY_NO_RGBM UNITY_ENABLE_REFLECTION_BUFFERS UNITY_NO_CUBEMAP_ARRAY UNITY_NO_SCREENSPACE_SHADOWS UNITY_PBS_USE_BRDF2 SHADER_API_MOBILE UNITY_HARDWARE_TIER3 UNITY_LIGHTMAP_RGBM_ENCODING UNITY_PLATFORM_SUPPORTS_DEPTH_FETCH uKW= dKW=UNITY_FRAMEBUFFER_FETCH_AVAILABLE UNITY_METAL_SHADOWS_USE_POINT_FILTERING UNITY_USE_DITHER_MASK_FOR_ALPHABLENDED_SHADOWS UNITY_PBS_USE_BRDF1 UNITY_PBS_USE_BRDF3 UNITY_SPECCUBE_BOX_PROJECTION UNITY_SPECCUBE_BLENDING UNITY_ENABLE_DETAIL_NORMALMAP UNITY_HARDWARE_TIER1 UNITY_HARDWARE_TIER2 UNITY_COLORSPACE_GAMMA UNITY_LIGHT_PROBE_PROXY_VOLUME UNITY_LIGHTMAP_DLDR_ENCODING UNITY_LIGHTMAP_FULL_HDR UNITY_VIRTUAL_TEXTURING UNITY_PRETRANSFORM_TO_DISPLAY_ORIENTATION UNITY_ASTC_NORMALMAP_ENCODING SHADER_API_GLES30 SHADER_API_GLES31 SHADER_API_GLES32 UNITY_UNIFIED_SHADER_PRECISION_MODEL flags=268435456 lang=3 type=Vertex platform=d3d11 reqs=1 mask=6 start=145
RunExternalCompiler: begin name=FXC
RunExternalCompiler: end
compileSnippet complete
 ok=1 outsize=970

Cmd: compileSnippet
  insize=1867 file=Packages/com.unity.render-pipelines.universal/Shaders/Utils/CoreBlit.shader name=Hidden/Universal/CoreBlit pass=CubeToOctahedralAlpha ppOnly=0 stripLineD=0 buildPlatform=13 rsLen=0 pKW=UNITY_NO_DXT5nm UNITY_NO_RGBM UNITY_ENABLE_REFLECTION_BUFFERS UNITY_NO_CUBEMAP_ARRAY UNITY_NO_SCREENSPACE_SHADOWS UNITY_PBS_USE_BRDF2 SHADER_API_MOBILE UNITY_HARDWARE_TIER3 UNITY_LIGHTMAP_RGBM_ENCODING UNITY_PLATFORM_SUPPORTS_DEPTH_FETCH uKW= dKW=UNITY_FRAMEBUFFER_FETCH_AVAILABLE UNITY_METAL_SHADOWS_USE_POINT_FILTERING UNITY_USE_DITHER_MASK_FOR_ALPHABLENDED_SHADOWS UNITY_PBS_USE_BRDF1 UNITY_PBS_USE_BRDF3 UNITY_SPECCUBE_BOX_PROJECTION UNITY_SPECCUBE_BLENDING UNITY_ENABLE_DETAIL_NORMALMAP UNITY_HARDWARE_TIER1 UNITY_HARDWARE_TIER2 UNITY_COLORSPACE_GAMMA UNITY_LIGHT_PROBE_PROXY_VOLUME UNITY_LIGHTMAP_DLDR_ENCODING UNITY_LIGHTMAP_FULL_HDR UNITY_VIRTUAL_TEXTURING UNITY_PRETRANSFORM_TO_DISPLAY_ORIENTATION UNITY_ASTC_NORMALMAP_ENCODING SHADER_API_GLES30 SHADER_API_GLES31 SHADER_API_GLES32 UNITY_UNIFIED_SHADER_PRECISION_MODEL flags=268435456 lang=3 type=Vertex platform=d3d11 reqs=1 mask=6 start=247
RunExternalCompiler: begin name=FXC
RunExternalCompiler: end
compileSnippet complete
 ok=1 outsize=786

Cmd: compileSnippet
  insize=2302 file=Packages/com.unity.render-pipelines.universal/Shaders/Utils/CoreBlit.shader name=Hidden/Universal/CoreBlit pass=NearestDebugDraw ppOnly=0 stripLineD=0 buildPlatform=13 rsLen=0 pKW=UNITY_NO_DXT5nm UNITY_NO_RGBM UNITY_ENABLE_REFLECTION_BUFFERS UNITY_NO_CUBEMAP_ARRAY UNITY_NO_SCREENSPACE_SHADOWS UNITY_PBS_USE_BRDF2 SHADER_API_MOBILE UNITY_HARDWARE_TIER3 UNITY_LIGHTMAP_RGBM_ENCODING UNITY_PLATFORM_SUPPORTS_DEPTH_FETCH uKW= dKW=UNITY_FRAMEBUFFER_FETCH_AVAILABLE UNITY_METAL_SHADOWS_USE_POINT_FILTERING UNITY_USE_DITHER_MASK_FOR_ALPHABLENDED_SHADOWS UNITY_PBS_USE_BRDF1 UNITY_PBS_USE_BRDF3 UNITY_SPECCUBE_BOX_PROJECTION UNITY_SPECCUBE_BLENDING UNITY_ENABLE_DETAIL_NORMALMAP UNITY_HARDWARE_TIER1 UNITY_HARDWARE_TIER2 UNITY_COLORSPACE_GAMMA UNITY_LIGHT_PROBE_PROXY_VOLUME UNITY_LIGHTMAP_DLDR_ENCODING UNITY_LIGHTMAP_FULL_HDR UNITY_VIRTUAL_TEXTURING UNITY_PRETRANSFORM_TO_DISPLAY_ORIENTATION UNITY_ASTC_NORMALMAP_ENCODING SHADER_API_GLES30 SHADER_API_GLES31 SHADER_API_GLES32 UNITY_UNIFIED_SHADER_PRECISION_MODEL flags=268435456 lang=3 type=Vertex platform=d3d11 reqs=1 mask=6 start=352
RunExternalCompiler: begin name=FXC
RunExternalCompiler: end
compileSnippet complete
 ok=1 outsize=582

Cmd: compileSnippet
  insize=1189 file=Packages/com.unity.render-pipelines.universal/Shaders/PostProcessing/SubpixelMorphologicalAntialiasing.shader name=Hidden/Universal Render Pipeline/SubpixelMorphologicalAntialiasing pass=<Unnamed Pass 1> ppOnly=0 stripLineD=0 buildPlatform=13 rsLen=0 pKW=UNITY_NO_DXT5nm UNITY_NO_RGBM UNITY_ENABLE_REFLECTION_BUFFERS UNITY_NO_CUBEMAP_ARRAY UNITY_NO_SCREENSPACE_SHADOWS UNITY_PBS_USE_BRDF2 SHADER_API_MOBILE UNITY_HARDWARE_TIER3 UNITY_LIGHTMAP_RGBM_ENCODING UNITY_PLATFORM_SUPPORTS_DEPTH_FETCH uKW=_SMAA_PRESET_LOW dKW=_SMAA_PRESET_MEDIUM _SMAA_PRESET_HIGH UNITY_FRAMEBUFFER_FETCH_AVAILABLE UNITY_METAL_SHADOWS_USE_POINT_FILTERING UNITY_USE_DITHER_MASK_FOR_ALPHABLENDED_SHADOWS UNITY_PBS_USE_BRDF1 UNITY_PBS_USE_BRDF3 UNITY_SPECCUBE_BOX_PROJECTION UNITY_SPECCUBE_BLENDING UNITY_ENABLE_DETAIL_NORMALMAP UNITY_HARDWARE_TIER1 UNITY_HARDWARE_TIER2 UNITY_COLORSPACE_GAMMA UNITY_LIGHT_PROBE_PROXY_VOLUME UNITY_LIGHTMAP_DLDR_ENCODING UNITY_LIGHTMAP_FULL_HDR UNITY_VIRTUAL_TEXTURING UNITY_PRETRANSFORM_TO_DISPLAY_ORIENTATION UNITY_ASTC_NORMALMAP_ENCODING SHADER_API_GLES30 SHADER_API_GLES31 SHADER_API_GLES32 UNITY_UNIFIED_SHADER_PRECISION_MODEL flags=268435456 lang=3 type=Vertex platform=d3d11 reqs=33 mask=6 start=49
RunExternalCompiler: begin name=FXC
RunExternalCompiler: end
compileSnippet complete
 ok=1 outsize=994

Cmd: compileSnippet
  insize=3887 file=Packages/com.unity.render-pipelines.universal/Shaders/Terrain/TerrainLitBasemapGen.shader name=Hidden/Universal Render Pipeline/Terrain/Lit (Basemap Gen) pass=<Unnamed Pass 1> ppOnly=0 stripLineD=0 buildPlatform=13 rsLen=0 pKW=UNITY_NO_DXT5nm UNITY_NO_RGBM UNITY_ENABLE_REFLECTION_BUFFERS UNITY_NO_CUBEMAP_ARRAY UNITY_NO_SCREENSPACE_SHADOWS UNITY_PBS_USE_BRDF2 SHADER_API_MOBILE UNITY_HARDWARE_TIER3 UNITY_LIGHTMAP_RGBM_ENCODING UNITY_PLATFORM_SUPPORTS_DEPTH_FETCH uKW= dKW=_TERRAIN_BLEND_HEIGHT _MASKMAP UNITY_FRAMEBUFFER_FETCH_AVAILABLE UNITY_METAL_SHADOWS_USE_POINT_FILTERING UNITY_USE_DITHER_MASK_FOR_ALPHABLENDED_SHADOWS UNITY_PBS_USE_BRDF1 UNITY_PBS_USE_BRDF3 UNITY_SPECCUBE_BOX_PROJECTION UNITY_SPECCUBE_BLENDING UNITY_ENABLE_DETAIL_NORMALMAP UNITY_HARDWARE_TIER1 UNITY_HARDWARE_TIER2 UNITY_COLORSPACE_GAMMA UNITY_LIGHT_PROBE_PROXY_VOLUME UNITY_LIGHTMAP_DLDR_ENCODING UNITY_LIGHTMAP_FULL_HDR UNITY_VIRTUAL_TEXTURING UNITY_PRETRANSFORM_TO_DISPLAY_ORIENTATION UNITY_ASTC_NORMALMAP_ENCODING SHADER_API_GLES30 SHADER_API_GLES31 SHADER_API_GLES32 UNITY_UNIFIED_SHADER_PRECISION_MODEL flags=268435456 lang=3 type=Vertex platform=d3d11 reqs=227 mask=6 start=140
RunExternalCompiler: begin name=FXC
RunExternalCompiler: end
compileSnippet complete
 ok=1 outsize=1246

Cmd: compileSnippet
  insize=2495 file=Packages/com.unity.render-pipelines.universal/Shaders/Particles/ParticlesLit.shader name=Universal Render Pipeline/Particles/Lit pass=ScenePickingPass ppOnly=0 stripLineD=0 buildPlatform=13 rsLen=0 pKW=UNITY_NO_DXT5nm UNITY_NO_RGBM UNITY_ENABLE_REFLECTION_BUFFERS UNITY_NO_CUBEMAP_ARRAY UNITY_NO_SCREENSPACE_SHADOWS UNITY_PBS_USE_BRDF2 SHADER_API_MOBILE UNITY_HARDWARE_TIER3 UNITY_LIGHTMAP_RGBM_ENCODING UNITY_PLATFORM_SUPPORTS_DEPTH_FETCH uKW= dKW=DOTS_INSTANCING_ON INSTANCING_ON PROCEDURAL_INSTANCING_ON _FLIPBOOKBLENDING_ON UNITY_FRAMEBUFFER_FETCH_AVAILABLE UNITY_METAL_SHADOWS_USE_POINT_FILTERING UNITY_USE_DITHER_MASK_FOR_ALPHABLENDED_SHADOWS UNITY_PBS_USE_BRDF1 UNITY_PBS_USE_BRDF3 UNITY_SPECCUBE_BOX_PROJECTION UNITY_SPECCUBE_BLENDING UNITY_ENABLE_DETAIL_NORMALMAP UNITY_HARDWARE_TIER1 UNITY_HARDWARE_TIER2 UNITY_COLORSPACE_GAMMA UNITY_LIGHT_PROBE_PROXY_VOLUME UNITY_LIGHTMAP_DLDR_ENCODING UNITY_LIGHTMAP_FULL_HDR UNITY_VIRTUAL_TEXTURING UNITY_PRETRANSFORM_TO_DISPLAY_ORIENTATION UNITY_ASTC_NORMALMAP_ENCODING SHADER_API_GLES30 SHADER_API_GLES31 SHADER_API_GLES32 UNITY_UNIFIED_SHADER_PRECISION_MODEL flags=268435456 lang=3 type=Vertex platform=d3d11 reqs=1 mask=6 start=391
RunExternalCompiler: begin name=FXC
RunExternalCompiler: end
compileSnippet complete
 ok=1 outsize=862

Cmd: compileSnippet
  insize=2527 file=Packages/com.unity.render-pipelines.universal/Shaders/Lit.shader name=Universal Render Pipeline/Lit pass=ShadowCaster ppOnly=0 stripLineD=0 buildPlatform=13 rsLen=0 pKW=UNITY_NO_DXT5nm UNITY_NO_RGBM UNITY_ENABLE_REFLECTION_BUFFERS UNITY_NO_CUBEMAP_ARRAY UNITY_NO_SCREENSPACE_SHADOWS UNITY_PBS_USE_BRDF2 SHADER_API_MOBILE UNITY_LIGHTMAP_RGBM_ENCODING UNITY_PLATFORM_SUPPORTS_DEPTH_FETCH UNITY_PASS_SHADOWCASTER uKW= dKW=DOTS_INSTANCING_ON LOD_FADE_CROSSFADE INSTANCING_ON _SMOOTHNESS_TEXTURE_ALBEDO_CHANNEL_A _ALPHATEST_ON UNITY_FRAMEBUFFER_FETCH_AVAILABLE UNITY_METAL_SHADOWS_USE_POINT_FILTERING UNITY_USE_DITHER_MASK_FOR_ALPHABLENDED_SHADOWS UNITY_PBS_USE_BRDF1 UNITY_PBS_USE_BRDF3 UNITY_SPECCUBE_BOX_PROJECTION UNITY_SPECCUBE_BLENDING UNITY_ENABLE_DETAIL_NORMALMAP UNITY_HARDWARE_TIER1 UNITY_HARDWARE_TIER2 UNITY_HARDWARE_TIER3 UNITY_COLORSPACE_GAMMA UNITY_LIGHT_PROBE_PROXY_VOLUME UNITY_LIGHTMAP_DLDR_ENCODING UNITY_LIGHTMAP_FULL_HDR UNITY_VIRTUAL_TEXTURING UNITY_PRETRANSFORM_TO_DISPLAY_ORIENTATION UNITY_ASTC_NORMALMAP_ENCODING SHADER_API_GLES30 SHADER_API_GLES31 SHADER_API_GLES32 UNITY_UNIFIED_SHADER_PRECISION_MODEL flags=268435456 lang=3 type=Fragment platform=d3d11 reqs=1 mask=6 start=204
RunExternalCompiler: begin name=FXC
RunExternalCompiler: end
compileSnippet complete
 ok=1 outsize=298

Cmd: compileSnippet
  insize=26949 file=Assets/Samples/XR Interaction Toolkit/3.4.1/Starter Assets/Shaders/Interactable.shadergraph name=Shader Graphs/Interactable pass=ForwardLit ppOnly=0 stripLineD=0 buildPlatform=13 rsLen=0 pKW=UNITY_NO_DXT5nm UNITY_NO_RGBM UNITY_ENABLE_REFLECTION_BUFFERS UNITY_NO_CUBEMAP_ARRAY UNITY_NO_SCREENSPACE_SHADOWS UNITY_PBS_USE_BRDF2 SHADER_API_MOBILE UNITY_LIGHTMAP_RGBM_ENCODING UNITY_PLATFORM_SUPPORTS_DEPTH_FETCH uKW=_MAIN_LIGHT_SHADOWS LIGHTMAP_SHADOW_MIXING SHADOWS_SHADOWMASK FOG_EXP2 dKW=_SCREEN_SPACE_OCCLUSION _SCREEN_SPACE_IRRADIANCE _ADDITIONAL_LIGHT_SHADOWS _REFLECTION_PROBE_BLENDING _REFLECTION_PROBE_BOX_PROJECTION _REFLECTION_PROBE_ATLAS _SHADOWS_SOFT _SHADOWS_SOFT_LOW _SHADOWS_SOFT_MEDIUM _SHADOWS_SOFT_HIGH _DBUFFER_MRT1 _DBUFFER_MRT2 _DBUFFER_MRT3 _LIGHT_LAYERS DEBUG_DISPLAY _LIGHT_COOKIES _SURFACE_TYPE_TRANSPARENT _WRITE_RENDERING_LAYERS LIGHTMAP_ON DYNAMICLIGHTMAP_ON DIRLIGHTMAP_COMBINED USE_LEGACY_LIGHTMAPS LIGHTMAP_BICUBIC_SAMPLING REFLECTION_PROBE_ROTATION _MAIN_LIGHT_SHADOWS_CASCADE _MAIN_LIGHT_SHADOWS_SCREEN _ADDITIONAL_LIGHTS_VERTEX _ADDITIONAL_LIGHTS _CLUSTER_LIGHT_LOOP EVALUATE_SH_MIXED EVALUATE_SH_VERTEX DOTS_INSTANCING_ON PROBE_VOLUMES_L1 PROBE_VOLUMES_L2 INSTANCING_ON FOG_LINEAR FOG_EXP _ALPHAPREMULTIPLY_ON _ALPHAMODULATE_ON _ALPHATEST_ON _SPECULAR_SETUP _RECEIVE_SHADOWS_OFF UNITY_FRAMEBUFFER_FETCH_AVAILABLE UNITY_METAL_SHADOWS_USE_POINT_FILTERING UNITY_USE_DITHER_MASK_FOR_ALPHABLENDED_SHADOWS UNITY_PBS_USE_BRDF1 UNITY_PBS_USE_BRDF3 UNITY_SPECCUBE_BOX_PROJECTION UNITY_SPECCUBE_BLENDING UNITY_ENABLE_DETAIL_NORMALMAP UNITY_HARDWARE_TIER1 UNITY_HARDWARE_TIER2 UNITY_HARDWARE_TIER3 UNITY_COLORSPACE_GAMMA UNITY_LIGHT_PROBE_PROXY_VOLUME UNITY_LIGHTMAP_DLDR_ENCODING UNITY_LIGHTMAP_FULL_HDR UNITY_VIRTUAL_TEXTURING UNITY_PRETRANSFORM_TO_DISPLAY_ORIENTATION UNITY_ASTC_NORMALMAP_ENCODING SHADER_API_GLES30 SHADER_API_GLES31 SHADER_API_GLES32 UNITY_UNIFIED_SHADER_PRECISION_MODEL flags=268435456 lang=3 type=Fragment platform=d3d11 reqs=1 mask=6 start=71
RunExternalCompiler: begin name=FXC
RunExternalCompiler: end
compileSnippet complete
 ok=1 outsize=6426

Cmd: compileSnippet
  insize=9560 file=Packages/com.unity.render-pipelines.universal/Shaders/Lit.shader name=Universal Render Pipeline/Lit pass=ForwardLit ppOnly=0 stripLineD=0 buildPlatform=13 rsLen=0 pKW=UNITY_NO_DXT5nm UNITY_NO_RGBM UNITY_ENABLE_REFLECTION_BUFFERS UNITY_NO_CUBEMAP_ARRAY UNITY_NO_SCREENSPACE_SHADOWS UNITY_PBS_USE_BRDF2 SHADER_API_MOBILE UNITY_LIGHTMAP_RGBM_ENCODING UNITY_PLATFORM_SUPPORTS_DEPTH_FETCH uKW=_MAIN_LIGHT_SHADOWS EVALUATE_SH_VERTEX LIGHTMAP_SHADOW_MIXING SHADOWS_SHADOWMASK FOG_EXP2 dKW=_ADDITIONAL_LIGHT_SHADOWS _REFLECTION_PROBE_BLENDING _REFLECTION_PROBE_BOX_PROJECTION _REFLECTION_PROBE_ATLAS _SHADOWS_SOFT _SHADOWS_SOFT_LOW _SHADOWS_SOFT_MEDIUM _SHADOWS_SOFT_HIGH _SCREEN_SPACE_OCCLUSION _SCREEN_SPACE_IRRADIANCE _DBUFFER_MRT1 _DBUFFER_MRT2 _DBUFFER_MRT3 _LIGHT_COOKIES _WRITE_RENDERING_LAYERS LIGHTMAP_BICUBIC_SAMPLING REFLECTION_PROBE_ROTATION DEBUG_DISPLAY _MAIN_LIGHT_SHADOWS_CASCADE _MAIN_LIGHT_SHADOWS_SCREEN _ADDITIONAL_LIGHTS_VERTEX _ADDITIONAL_LIGHTS EVALUATE_SH_MIXED _LIGHT_LAYERS _CLUSTER_LIGHT_LOOP DIRLIGHTMAP_COMBINED LIGHTMAP_ON DYNAMICLIGHTMAP_ON USE_LEGACY_LIGHTMAPS LOD_FADE_CROSSFADE PROBE_VOLUMES_L1 PROBE_VOLUMES_L2 DOTS_INSTANCING_ON FOG_LINEAR FOG_EXP INSTANCING_ON _SURFACE_TYPE_TRANSPARENT _ALPHATEST_ON _ALPHAPREMULTIPLY_ON _ALPHAMODULATE_ON _EMISSION _METALLICSPECGLOSSMAP _SMOOTHNESS_TEXTURE_ALBEDO_CHANNEL_A _OCCLUSIONMAP _SPECULARHIGHLIGHTS_OFF _ENVIRONMENTREFLECTIONS_OFF _SPECULAR_SETUP _NORMALMAP _PARALLAXMAP _RECEIVE_SHADOWS_OFF _DETAIL_MULX2 _DETAIL_SCALED UNITY_FRAMEBUFFER_FETCH_AVAILABLE UNITY_METAL_SHADOWS_USE_POINT_FILTERING UNITY_USE_DITHER_MASK_FOR_ALPHABLENDED_SHADOWS UNITY_PBS_USE_BRDF1 UNITY_PBS_USE_BRDF3 UNITY_SPECCUBE_BOX_PROJECTION UNITY_SPECCUBE_BLENDING UNITY_ENABLE_DETAIL_NORMALMAP UNITY_HARDWARE_TIER1 UNITY_HARDWARE_TIER2 UNITY_HARDWARE_TIER3 UNITY_COLORSPACE_GAMMA UNITY_LIGHT_PROBE_PROXY_VOLUME UNITY_LIGHTMAP_DLDR_ENCODING UNITY_LIGHTMAP_FULL_HDR UNITY_VIRTUAL_TEXTURING UNITY_PRETRANSFORM_TO_DISPLAY_ORIENTATION UNITY_ASTC_NORMALMAP_ENCODING SHADER_API_GLES30 SHADER_API_GLES31 SHADER_API_GLES32 UNITY_UNIFIED_SHADER_PRECISION_MODEL flags=268435456 lang=3 type=Fragment platform=d3d11 reqs=1 mask=6 start=111
RunExternalCompiler: begin name=FXC
RunExternalCompiler: end
compileSnippet complete
 ok=1 outsize=4654

Cmd: compileSnippet
  insize=2750 file=Assets/DefaultResourcesExtra/Particle Premultiply Blend.shader name=Legacy Shaders/Particles/Alpha Blended Premultiply pass=<Unnamed Pass 0> ppOnly=0 stripLineD=0 buildPlatform=13 rsLen=0 pKW=UNITY_NO_DXT5nm UNITY_NO_RGBM UNITY_ENABLE_REFLECTION_BUFFERS UNITY_NO_CUBEMAP_ARRAY UNITY_NO_SCREENSPACE_SHADOWS UNITY_PBS_USE_BRDF2 SHADER_API_MOBILE UNITY_LIGHTMAP_RGBM_ENCODING UNITY_PLATFORM_SUPPORTS_DEPTH_FETCH uKW= dKW=SOFTPARTICLES_ON UNITY_FRAMEBUFFER_FETCH_AVAILABLE UNITY_METAL_SHADOWS_USE_POINT_FILTERING UNITY_USE_DITHER_MASK_FOR_ALPHABLENDED_SHADOWS UNITY_PBS_USE_BRDF1 UNITY_PBS_USE_BRDF3 UNITY_SPECCUBE_BOX_PROJECTION UNITY_SPECCUBE_BLENDING UNITY_ENABLE_DETAIL_NORMALMAP UNITY_HARDWARE_TIER1 UNITY_HARDWARE_TIER2 UNITY_HARDWARE_TIER3 UNITY_COLORSPACE_GAMMA UNITY_LIGHT_PROBE_PROXY_VOLUME UNITY_LIGHTMAP_DLDR_ENCODING UNITY_LIGHTMAP_FULL_HDR UNITY_VIRTUAL_TEXTURING UNITY_PRETRANSFORM_TO_DISPLAY_ORIENTATION UNITY_ASTC_NORMALMAP_ENCODING SHADER_API_GLES30 SHADER_API_GLES31 SHADER_API_GLES32 UNITY_UNIFIED_SHADER_PRECISION_MODEL flags=268435456 lang=0 type=Vertex platform=d3d11 reqs=1 mask=6 start=16
RunExternalCompiler: begin name=FXC
RunExternalCompiler: end
compileSnippet complete
 ok=1 outsize=822

Cmd: shutdown
